id,template,slipsense,mappedscale,faultage,sliprate,sentence
1,known_age,normal,"1:10,000","<15,000",<0.2 mm/yr,"{faultZone} {faultName} {sectionName} {strandName} is a normal fault that was mapped at 1:10,000 scale. Geologic studies have determined that the fault has had movement in the last <15,000 years and has a slip rate of <0.2 mm/yr."
2,known_age,normal,"1:10,000","<15,000",0.2 - 1 mm/yr,"{faultZone} {faultName} {sectionName} {strandName} is a normal fault that was mapped at 1:10,000 scale. Geologic studies have determined that the fault has had movement in the last <15,000 years and has a slip rate of 0.2 - 1 mm/yr."
3,known_age,normal,"1:10,000","<15,000",1 - 5 mm/yr,"{faultZone} {faultName} {sectionName} {strandName} is a normal fault that was mapped at 1:10,000 scale. Geologic studies have determined that the fault has had movement in the last <15,000 years and has a slip rate of 1 - 5 mm/yr."
4,known_age,normal,"1:10,000","<15,000",unspecified,"{faultZone} {faultName} {sectionName} {strandName} is a normal fault that was mapped at 1:10,000 scale. Geologic studies have determined that the fault has had movement in the last <15,000 years and has a slip rate of unspecified."
5,known_age,normal,"1:10,000","<15,000",Undetermined,"{faultZone} {faultName} {sectionName} {strandName} is a normal fault that was mapped at 1:10,000 scale. Geologic studies have determined that the fault has had movement in the last <15,000 years and has a slip rate of Undetermined."
6,known_age,normal,"1:10,000","<15,000",>5 mm/yr,"{faultZone} {faultName} {sectionName} {strandName} is a normal fault that was mapped at 1:10,000 scale. Geologic studies have determined that the fault has had movement in the last <15,000 years and has a slip rate of >5 mm/yr."
7,known_age,normal,"1:10,000","<2,600,000",<0.2 mm/yr,"{faultZone} {faultName} {sectionName} {strandName} is a normal fault that was mapped at 1:10,000 scale. Geologic studies have determined that the fault has had movement in the last <2,600,000 years and has a slip rate of <0.2 mm/yr."
8,known_age,normal,"1:10,000","<2,600,000",0.2 - 1 mm/yr,"{faultZone} {faultName} {sectionName} {strandName} is a normal fault that was mapped at 1:10,000 scale. Geologic studies have determined that the fault has had movement in the last <2,600,000 years and has a slip rate of 0.2 - 1 mm/yr."
9,known_age,normal,"1:10,000","<2,600,000",1 - 5 mm/yr,"{faultZone} {faultName} {sectionName} {strandName} is a normal fault that was mapped at 1:10,000 scale. Geologic studies have determined that the fault has had movement in the last <2,600,000 years and has a slip rate of 1 - 5 mm/yr."
10,known_age,normal,"1:10,000","<2,600,000",unspecified,"{faultZone} {faultName} {sectionName} {strandName} is a normal fault that was mapped at 1:10,000 scale. Geologic studies have determined that the fault has had movement in the last <2,600,000 years and has a slip rate of unspecified."
11,known_age,normal,"1:10,000","<2,600,000",Undetermined,"{faultZone} {faultName} {sectionName} {strandName} is a normal fault that was mapped at 1:10,000 scale. Geologic studies have determined that the fault has had movement in the last <2,600,000 years and has a slip rate of Undetermined."
12,known_age,normal,"1:10,000","<2,600,000",>5 mm/yr,"{faultZone} {faultName} {sectionName} {strandName} is a normal fault that was mapped at 1:10,000 scale. Geologic studies have determined that the fault has had movement in the last <2,600,000 years and has a slip rate of >5 mm/yr."
13,known_age,normal,"1:10,000","<130,000",<0.2 mm/yr,"{faultZone} {faultName} {sectionName} {strandName} is a normal fault that was mapped at 1:10,000 scale. Geologic studies have determined that the fault has had movement in the last <130,000 years and has a slip rate of <0.2 mm/yr."
14,known_age,normal,"1:10,000","<130,000",0.2 - 1 mm/yr,"{faultZone} {faultName} {sectionName} {strandName} is a normal fault that was mapped at 1:10,000 scale. Geologic studies have determined that the fault has had movement in the last <130,000 years and has a slip rate of 0.2 - 1 mm/yr."
15,known_age,normal,"1:10,000","<130,000",1 - 5 mm/yr,"{faultZone} {faultName} {sectionName} {strandName} is a normal fault that was mapped at 1:10,000 scale. Geologic studies have determined that the fault has had movement in the last <130,000 years and has a slip rate of 1 - 5 mm/yr."
16,known_age,normal,"1:10,000","<130,000",unspecified,"{faultZone} {faultName} {sectionName} {strandName} is a normal fault that was mapped at 1:10,000 scale. Geologic studies have determined that the fault has had movement in the last <130,000 years and has a slip rate of unspecified."
17,known_age,normal,"1:10,000","<130,000",Undetermined,"{faultZone} {faultName} {sectionName} {strandName} is a normal fault that was mapped at 1:10,000 scale. Geologic studies have determined that the fault has had movement in the last <130,000 years and has a slip rate of Undetermined."
18,known_age,normal,"1:10,000","<130,000",>5 mm/yr,"{faultZone} {faultName} {sectionName} {strandName} is a normal fault that was mapped at 1:10,000 scale. Geologic studies have determined that the fault has had movement in the last <130,000 years and has a slip rate of >5 mm/yr."
19,known_age,normal,"1:10,000","<750,000",<0.2 mm/yr,"{faultZone} {faultName} {sectionName} {strandName} is a normal fault that was mapped at 1:10,000 scale. Geologic studies have determined that the fault has had movement in the last <750,000 years and has a slip rate of <0.2 mm/yr."
20,known_age,normal,"1:10,000","<750,000",0.2 - 1 mm/yr,"{faultZone} {faultName} {sectionName} {strandName} is a normal fault that was mapped at 1:10,000 scale. Geologic studies have determined that the fault has had movement in the last <750,000 years and has a slip rate of 0.2 - 1 mm/yr."
21,known_age,normal,"1:10,000","<750,000",1 - 5 mm/yr,"{faultZone} {faultName} {sectionName} {strandName} is a normal fault that was mapped at 1:10,000 scale. Geologic studies have determined that the fault has had movement in the last <750,000 years and has a slip rate of 1 - 5 mm/yr."
22,known_age,normal,"1:10,000","<750,000",unspecified,"{faultZone} {faultName} {sectionName} {strandName} is a normal fault that was mapped at 1:10,000 scale. Geologic studies have determined that the fault has had movement in the last <750,000 years and has a slip rate of unspecified."
23,known_age,normal,"1:10,000","<750,000",Undetermined,"{faultZone} {faultName} {sectionName} {strandName} is a normal fault that was mapped at 1:10,000 scale. Geologic studies have determined that the fault has had movement in the last <750,000 years and has a slip rate of Undetermined."
24,known_age,normal,"1:10,000","<750,000",>5 mm/yr,"{faultZone} {faultName} {sectionName} {strandName} is a normal fault that was mapped at 1:10,000 scale. Geologic studies have determined that the fault has had movement in the last <750,000 years and has a slip rate of >5 mm/yr."
25,undetermined_age,normal,"1:10,000",undetermined,,"{faultZone} {faultName} {sectionName} {strandName} is a normal fault that was mapped at 1:10,000 scale. Geologic studies have not determined the age or slip rate of the fault."
26,known_age,normal,"1:10,000",<150,<0.2 mm/yr,"{faultZone} {faultName} {sectionName} {strandName} is a normal fault that was mapped at 1:10,000 scale. Geologic studies have determined that the fault has had movement in the last <150 years and has a slip rate of <0.2 mm/yr."
27,known_age,normal,"1:10,000",<150,0.2 - 1 mm/yr,"{faultZone} {faultName} {sectionName} {strandName} is a normal fault that was mapped at 1:10,000 scale. Geologic studies have determined that the fault has had movement in the last <150 years and has a slip rate of 0.2 - 1 mm/yr."
28,known_age,normal,"1:10,000",<150,1 - 5 mm/yr,"{faultZone} {faultName} {sectionName} {strandName} is a normal fault that was mapped at 1:10,000 scale. Geologic studies have determined that the fault has had movement in the last <150 years and has a slip rate of 1 - 5 mm/yr."
29,known_age,normal,"1:10,000",<150,unspecified,"{faultZone} {faultName} {sectionName} {strandName} is a normal fault that was mapped at 1:10,000 scale. Geologic studies have determined that the fault has had movement in the last <150 years and has a slip rate of unspecified."
30,known_age,normal,"1:10,000",<150,Undetermined,"{faultZone} {faultName} {sectionName} {strandName} is a normal fault that was mapped at 1:10,000 scale. Geologic studies have determined that the fault has had movement in the last <150 years and has a slip rate of Undetermined."
31,known_age,normal,"1:10,000",<150,>5 mm/yr,"{faultZone} {faultName} {sectionName} {strandName} is a normal fault that was mapped at 1:10,000 scale. Geologic studies have determined that the fault has had movement in the last <150 years and has a slip rate of >5 mm/yr."
32,known_age,normal,"1:24,000","<15,000",<0.2 mm/yr,"{faultZone} {faultName} {sectionName} {strandName} is a normal fault that was mapped at 1:24,000 scale. Geologic studies have determined that the fault has had movement in the last <15,000 years and has a slip rate of <0.2 mm/yr."
33,known_age,normal,"1:24,000","<15,000",0.2 - 1 mm/yr,"{faultZone} {faultName} {sectionName} {strandName} is a normal fault that was mapped at 1:24,000 scale. Geologic studies have determined that the fault has had movement in the last <15,000 years and has a slip rate of 0.2 - 1 mm/yr."
34,known_age,normal,"1:24,000","<15,000",1 - 5 mm/yr,"{faultZone} {faultName} {sectionName} {strandName} is a normal fault that was mapped at 1:24,000 scale. Geologic studies have determined that the fault has had movement in the last <15,000 years and has a slip rate of 1 - 5 mm/yr."
35,known_age,normal,"1:24,000","<15,000",unspecified,"{faultZone} {faultName} {sectionName} {strandName} is a normal fault that was mapped at 1:24,000 scale. Geologic studies have determined that the fault has had movement in the last <15,000 years and has a slip rate of unspecified."
36,known_age,normal,"1:24,000","<15,000",Undetermined,"{faultZone} {faultName} {sectionName} {strandName} is a normal fault that was mapped at 1:24,000 scale. Geologic studies have determined that the fault has had movement in the last <15,000 years and has a slip rate of Undetermined."
37,known_age,normal,"1:24,000","<15,000",>5 mm/yr,"{faultZone} {faultName} {sectionName} {strandName} is a normal fault that was mapped at 1:24,000 scale. Geologic studies have determined that the fault has had movement in the last <15,000 years and has a slip rate of >5 mm/yr."
38,known_age,normal,"1:24,000","<2,600,000",<0.2 mm/yr,"{faultZone} {faultName} {sectionName} {strandName} is a normal fault that was mapped at 1:24,000 scale. Geologic studies have determined that the fault has had movement in the last <2,600,000 years and has a slip rate of <0.2 mm/yr."
39,known_age,normal,"1:24,000","<2,600,000",0.2 - 1 mm/yr,"{faultZone} {faultName} {sectionName} {strandName} is a normal fault that was mapped at 1:24,000 scale. Geologic studies have determined that the fault has had movement in the last <2,600,000 years and has a slip rate of 0.2 - 1 mm/yr."
40,known_age,normal,"1:24,000","<2,600,000",1 - 5 mm/yr,"{faultZone} {faultName} {sectionName} {strandName} is a normal fault that was mapped at 1:24,000 scale. Geologic studies have determined that the fault has had movement in the last <2,600,000 years and has a slip rate of 1 - 5 mm/yr."
41,known_age,normal,"1:24,000","<2,600,000",unspecified,"{faultZone} {faultName} {sectionName} {strandName} is a normal fault that was mapped at 1:24,000 scale. Geologic studies have determined that the fault has had movement in the last <2,600,000 years and has a slip rate of unspecified."
42,known_age,normal,"1:24,000","<2,600,000",Undetermined,"{faultZone} {faultName} {sectionName} {strandName} is a normal fault that was mapped at 1:24,000 scale. Geologic studies have determined that the fault has had movement in the last <2,600,000 years and has a slip rate of Undetermined."
43,known_age,normal,"1:24,000","<2,600,000",>5 mm/yr,"{faultZone} {faultName} {sectionName} {strandName} is a normal fault that was mapped at 1:24,000 scale. Geologic studies have determined that the fault has had movement in the last <2,600,000 years and has a slip rate of >5 mm/yr."
44,known_age,normal,"1:24,000","<130,000",<0.2 mm/yr,"{faultZone} {faultName} {sectionName} {strandName} is a normal fault that was mapped at 1:24,000 scale. Geologic studies have determined that the fault has had movement in the last <130,000 years and has a slip rate of <0.2 mm/yr."
45,known_age,normal,"1:24,000","<130,000",0.2 - 1 mm/yr,"{faultZone} {faultName} {sectionName} {strandName} is a normal fault that was mapped at 1:24,000 scale. Geologic studies have determined that the fault has had movement in the last <130,000 years and has a slip rate of 0.2 - 1 mm/yr."
46,known_age,normal,"1:24,000","<130,000",1 - 5 mm/yr,"{faultZone} {faultName} {sectionName} {strandName} is a normal fault that was mapped at 1:24,000 scale. Geologic studies have determined that the fault has had movement in the last <130,000 years and has a slip rate of 1 - 5 mm/yr."
47,known_age,normal,"1:24,000","<130,000",unspecified,"{faultZone} {faultName} {sectionName} {strandName} is a normal fault that was mapped at 1:24,000 scale. Geologic studies have determined that the fault has had movement in the last <130,000 years and has a slip rate of unspecified."
48,known_age,normal,"1:24,000","<130,000",Undetermined,"{faultZone} {faultName} {sectionName} {strandName} is a normal fault that was mapped at 1:24,000 scale. Geologic studies have determined that the fault has had movement in the last <130,000 years and has a slip rate of Undetermined."
49,known_age,normal,"1:24,000","<130,000",>5 mm/yr,"{faultZone} {faultName} {sectionName} {strandName} is a normal fault that was mapped at 1:24,000 scale. Geologic studies have determined that the fault has had movement in the last <130,000 years and has a slip rate of >5 mm/yr."
50,known_age,normal,"1:24,000","<750,000",<0.2 mm/yr,"{faultZone} {faultName} {sectionName} {strandName} is a normal fault that was mapped at 1:24,000 scale. Geologic studies have determined that the fault has had movement in the last <750,000 years and has a slip rate of <0.2 mm/yr."
51,known_age,normal,"1:24,000","<750,000",0.2 - 1 mm/yr,"{faultZone} {faultName} {sectionName} {strandName} is a normal fault that was mapped at 1:24,000 scale. Geologic studies have determined that the fault has had movement in the last <750,000 years and has a slip rate of 0.2 - 1 mm/yr."
52,known_age,normal,"1:24,000","<750,000",1 - 5 mm/yr,"{faultZone} {faultName} {sectionName} {strandName} is a normal fault that was mapped at 1:24,000 scale. Geologic studies have determined that the fault has had movement in the last <750,000 years and has a slip rate of 1 - 5 mm/yr."
53,known_age,normal,"1:24,000","<750,000",unspecified,"{faultZone} {faultName} {sectionName} {strandName} is a normal fault that was mapped at 1:24,000 scale. Geologic studies have determined that the fault has had movement in the last <750,000 years and has a slip rate of unspecified."
54,known_age,normal,"1:24,000","<750,000",Undetermined,"{faultZone} {faultName} {sectionName} {strandName} is a normal fault that was mapped at 1:24,000 scale. Geologic studies have determined that the fault has had movement in the last <750,000 years and has a slip rate of Undetermined."
55,known_age,normal,"1:24,000","<750,000",>5 mm/yr,"{faultZone} {faultName} {sectionName} {strandName} is a normal fault that was mapped at 1:24,000 scale. Geologic studies have determined that the fault has had movement in the last <750,000 years and has a slip rate of >5 mm/yr."
56,undetermined_age,normal,"1:24,000",undetermined,,"{faultZone} {faultName} {sectionName} {strandName} is a normal fault that was mapped at 1:24,000 scale. Geologic studies have not determined the age or slip rate of the fault."
57,known_age,normal,"1:24,000",<150,<0.2 mm/yr,"{faultZone} {faultName} {sectionName} {strandName} is a normal fault that was mapped at 1:24,000 scale. Geologic studies have determined that the fault has had movement in the last <150 years and has a slip rate of <0.2 mm/yr."
58,known_age,normal,"1:24,000",<150,0.2 - 1 mm/yr,"{faultZone} {faultName} {sectionName} {strandName} is a normal fault that was mapped at 1:24,000 scale. Geologic studies have determined that the fault has had movement in the last <150 years and has a slip rate of 0.2 - 1 mm/yr."
59,known_age,normal,"1:24,000",<150,1 - 5 mm/yr,"{faultZone} {faultName} {sectionName} {strandName} is a normal fault that was mapped at 1:24,000 scale. Geologic studies have determined that the fault has had movement in the last <150 years and has a slip rate of 1 - 5 mm/yr."
60,known_age,normal,"1:24,000",<150,unspecified,"{faultZone} {faultName} {sectionName} {strandName} is a normal fault that was mapped at 1:24,000 scale. Geologic studies have determined that the fault has had movement in the last <150 years and has a slip rate of unspecified."
61,known_age,normal,"1:24,000",<150,Undetermined,"{faultZone} {faultName} {sectionName} {strandName} is a normal fault that was mapped at 1:24,000 scale. Geologic studies have determined that the fault has had movement in the last <150 years and has a slip rate of Undetermined."
62,known_age,normal,"1:24,000",<150,>5 mm/yr,"{faultZone} {faultName} {sectionName} {strandName} is a normal fault that was mapped at 1:24,000 scale. Geologic studies have determined that the fault has had movement in the last <150 years and has a slip rate of >5 mm/yr."
63,known_age,normal,"1:100,000","<15,000",<0.2 mm/yr,"{faultZone} {faultName} {sectionName} {strandName} is a normal fault that was mapped at 1:100,000 scale. Geologic studies have determined that the fault has had movement in the last <15,000 years and has a slip rate of <0.2 mm/yr."
64,known_age,normal,"1:100,000","<15,000",0.2 - 1 mm/yr,"{faultZone} {faultName} {sectionName} {strandName} is a normal fault that was mapped at 1:100,000 scale. Geologic studies have determined that the fault has had movement in the last <15,000 years and has a slip rate of 0.2 - 1 mm/yr."
65,known_age,normal,"1:100,000","<15,000",1 - 5 mm/yr,"{faultZone} {faultName} {sectionName} {strandName} is a normal fault that was mapped at 1:100,000 scale. Geologic studies have determined that the fault has had movement in the last <15,000 years and has a slip rate of 1 - 5 mm/yr."
66,known_age,normal,"1:100,000","<15,000",unspecified,"{faultZone} {faultName} {sectionName} {strandName} is a normal fault that was mapped at 1:100,000 scale. Geologic studies have determined that the fault has had movement in the last <15,000 years and has a slip rate of unspecified."
67,known_age,normal,"1:100,000","<15,000",Undetermined,"{faultZone} {faultName} {sectionName} {strandName} is a normal fault that was mapped at 1:100,000 scale. Geologic studies have determined that the fault has had movement in the last <15,000 years and has a slip rate of Undetermined."
68,known_age,normal,"1:100,000","<15,000",>5 mm/yr,"{faultZone} {faultName} {sectionName} {strandName} is a normal fault that was mapped at 1:100,000 scale. Geologic studies have determined that the fault has had movement in the last <15,000 years and has a slip rate of >5 mm/yr."
69,known_age,normal,"1:100,000","<2,600,000",<0.2 mm/yr,"{faultZone} {faultName} {sectionName} {strandName} is a normal fault that was mapped at 1:100,000 scale. Geologic studies have determined that the fault has had movement in the last <2,600,000 years and has a slip rate of <0.2 mm/yr."
70,known_age,normal,"1:100,000","<2,600,000",0.2 - 1 mm/yr,"{faultZone} {faultName} {sectionName} {strandName} is a normal fault that was mapped at 1:100,000 scale. Geologic studies have determined that the fault has had movement in the last <2,600,000 years and has a slip rate of 0.2 - 1 mm/yr."
71,known_age,normal,"1:100,000","<2,600,000",1 - 5 mm/yr,"{faultZone} {faultName} {sectionName} {strandName} is a normal fault that was mapped at 1:100,000 scale. Geologic studies have determined that the fault has had movement in the last <2,600,000 years and has a slip rate of 1 - 5 mm/yr."
72,known_age,normal,"1:100,000","<2,600,000",unspecified,"{faultZone} {faultName} {sectionName} {strandName} is a normal fault that was mapped at 1:100,000 scale. Geologic studies have determined that the fault has had movement in the last <2,600,000 years and has a slip rate of unspecified."
73,known_age,normal,"1:100,000","<2,600,000",Undetermined,"{faultZone} {faultName} {sectionName} {strandName} is a normal fault that was mapped at 1:100,000 scale. Geologic studies have determined that the fault has had movement in the last <2,600,000 years and has a slip rate of Undetermined."
74,known_age,normal,"1:100,000","<2,600,000",>5 mm/yr,"{faultZone} {faultName} {sectionName} {strandName} is a normal fault that was mapped at 1:100,000 scale. Geologic studies have determined that the fault has had movement in the last <2,600,000 years and has a slip rate of >5 mm/yr."
75,known_age,normal,"1:100,000","<130,000",<0.2 mm/yr,"{faultZone} {faultName} {sectionName} {strandName} is a normal fault that was mapped at 1:100,000 scale. Geologic studies have determined that the fault has had movement in the last <130,000 years and has a slip rate of <0.2 mm/yr."
76,known_age,normal,"1:100,000","<130,000",0.2 - 1 mm/yr,"{faultZone} {faultName} {sectionName} {strandName} is a normal fault that was mapped at 1:100,000 scale. Geologic studies have determined that the fault has had movement in the last <130,000 years and has a slip rate of 0.2 - 1 mm/yr."
77,known_age,normal,"1:100,000","<130,000",1 - 5 mm/yr,"{faultZone} {faultName} {sectionName} {strandName} is a normal fault that was mapped at 1:100,000 scale. Geologic studies have determined that the fault has had movement in the last <130,000 years and has a slip rate of 1 - 5 mm/yr."
78,known_age,normal,"1:100,000","<130,000",unspecified,"{faultZone} {faultName} {sectionName} {strandName} is a normal fault that was mapped at 1:100,000 scale. Geologic studies have determined that the fault has had movement in the last <130,000 years and has a slip rate of unspecified."
79,known_age,normal,"1:100,000","<130,000",Undetermined,"{faultZone} {faultName} {sectionName} {strandName} is a normal fault that was mapped at 1:100,000 scale. Geologic studies have determined that the fault has had movement in the last <130,000 years and has a slip rate of Undetermined."
80,known_age,normal,"1:100,000","<130,000",>5 mm/yr,"{faultZone} {faultName} {sectionName} {strandName} is a normal fault that was mapped at 1:100,000 scale. Geologic studies have determined that the fault has had movement in the last <130,000 years and has a slip rate of >5 mm/yr."
81,known_age,normal,"1:100,000","<750,000",<0.2 mm/yr,"{faultZone} {faultName} {sectionName} {strandName} is a normal fault that was mapped at 1:100,000 scale. Geologic studies have determined that the fault has had movement in the last <750,000 years and has a slip rate of <0.2 mm/yr."
82,known_age,normal,"1:100,000","<750,000",0.2 - 1 mm/yr,"{faultZone} {faultName} {sectionName} {strandName} is a normal fault that was mapped at 1:100,000 scale. Geologic studies have determined that the fault has had movement in the last <750,000 years and has a slip rate of 0.2 - 1 mm/yr."
83,known_age,normal,"1:100,000","<750,000",1 - 5 mm/yr,"{faultZone} {faultName} {sectionName} {strandName} is a normal fault that was mapped at 1:100,000 scale. Geologic studies have determined that the fault has had movement in the last <750,000 years and has a slip rate of 1 - 5 mm/yr."
84,known_age,normal,"1:100,000","<750,000",unspecified,"{faultZone} {faultName} {sectionName} {strandName} is a normal fault that was mapped at 1:100,000 scale. Geologic studies have determined that the fault has had movement in the last <750,000 years and has a slip rate of unspecified."
85,known_age,normal,"1:100,000","<750,000",Undetermined,"{faultZone} {faultName} {sectionName} {strandName} is a normal fault that was mapped at 1:100,000 scale. Geologic studies have determined that the fault has had movement in the last <750,000 years and has a slip rate of Undetermined."
86,known_age,normal,"1:100,000","<750,000",>5 mm/yr,"{faultZone} {faultName} {sectionName} {strandName} is a normal fault that was mapped at 1:100,000 scale. Geologic studies have determined that the fault has had movement in the last <750,000 years and has a slip rate of >5 mm/yr."
87,undetermined_age,normal,"1:100,000",undetermined,,"{faultZone} {faultName} {sectionName} {strandName} is a normal fault that was mapped at 1:100,000 scale. Geologic studies have not determined the age or slip rate of the fault."
88,known_age,normal,"1:100,000",<150,<0.2 mm/yr,"{faultZone} {faultName} {sectionName} {strandName} is a normal fault that was mapped at 1:100,000 scale. Geologic studies have determined that the fault has had movement in the last <150 years and has a slip rate of <0.2 mm/yr."
89,known_age,normal,"1:100,000",<150,0.2 - 1 mm/yr,"{faultZone} {faultName} {sectionName} {strandName} is a normal fault that was mapped at 1:100,000 scale. Geologic studies have determined that the fault has had movement in the last <150 years and has a slip rate of 0.2 - 1 mm/yr."
90,known_age,normal,"1:100,000",<150,1 - 5 mm/yr,"{faultZone} {faultName} {sectionName} {strandName} is a normal fault that was mapped at 1:100,000 scale. Geologic studies have determined that the fault has had movement in the last <150 years and has a slip rate of 1 - 5 mm/yr."
91,known_age,normal,"1:100,000",<150,unspecified,"{faultZone} {faultName} {sectionName} {strandName} is a normal fault that was mapped at 1:100,000 scale. Geologic studies have determined that the fault has had movement in the last <150 years and has a slip rate of unspecified."
92,known_age,normal,"1:100,000",<150,Undetermined,"{faultZone} {faultName} {sectionName} {strandName} is a normal fault that was mapped at 1:100,000 scale. Geologic studies have determined that the fault has had movement in the last <150 years and has a slip rate of Undetermined."
93,known_age,normal,"1:100,000",<150,>5 mm/yr,"{faultZone} {faultName} {sectionName} {strandName} is a normal fault that was mapped at 1:100,000 scale. Geologic studies have determined that the fault has had movement in the last <150 years and has a slip rate of >5 mm/yr."
94,known_age,normal,"1:250,000","<15,000",<0.2 mm/yr,"{faultZone} {faultName} {sectionName} {strandName} is a normal fault that was mapped at 1:250,000 scale. Geologic studies have determined that the fault has had movement in the last <15,000 years and has a slip rate of <0.2 mm/yr."
95,known_age,normal,"1:250,000","<15,000",0.2 - 1 mm/yr,"{faultZone} {faultName} {sectionName} {strandName} is a normal fault that was mapped at 1:250,000 scale. Geologic studies have determined that the fault has had movement in the last <15,000 years and has a slip rate of 0.2 - 1 mm/yr."
96,known_age,normal,"1:250,000","<15,000",1 - 5 mm/yr,"{faultZone} {faultName} {sectionName} {strandName} is a normal fault that was mapped at 1:250,000 scale. Geologic studies have determined that the fault has had movement in the last <15,000 years and has a slip rate of 1 - 5 mm/yr."
97,known_age,normal,"1:250,000","<15,000",unspecified,"{faultZone} {faultName} {sectionName} {strandName} is a normal fault that was mapped at 1:250,000 scale. Geologic studies have determined that the fault has had movement in the last <15,000 years and has a slip rate of unspecified."
98,known_age,normal,"1:250,000","<15,000",Undetermined,"{faultZone} {faultName} {sectionName} {strandName} is a normal fault that was mapped at 1:250,000 scale. Geologic studies have determined that the fault has had movement in the last <15,000 years and has a slip rate of Undetermined."
99,known_age,normal,"1:250,000","<15,000",>5 mm/yr,"{faultZone} {faultName} {sectionName} {strandName} is a normal fault that was mapped at 1:250,000 scale. Geologic studies have determined that the fault has had movement in the last <15,000 years and has a slip rate of >5 mm/yr."
100,known_age,normal,"1:250,000","<2,600,000",<0.2 mm/yr,"{faultZone} {faultName} {sectionName} {strandName} is a normal fault that was mapped at 1:250,000 scale. Geologic studies have determined that the fault has had movement in the last <2,600,000 years and has a slip rate of <0.2 mm/yr."
101,known_age,normal,"1:250,000","<2,600,000",0.2 - 1 mm/yr,"{faultZone} {faultName} {sectionName} {strandName} is a normal fault that was mapped at 1:250,000 scale. Geologic studies have determined that the fault has had movement in the last <2,600,000 years and has a slip rate of 0.2 - 1 mm/yr."
102,known_age,normal,"1:250,000","<2,600,000",1 - 5 mm/yr,"{faultZone} {faultName} {sectionName} {strandName} is a normal fault that was mapped at 1:250,000 scale. Geologic studies have determined that the fault has had movement in the last <2,600,000 years and has a slip rate of 1 - 5 mm/yr."
103,known_age,normal,"1:250,000","<2,600,000",unspecified,"{faultZone} {faultName} {sectionName} {strandName} is a normal fault that was mapped at 1:250,000 scale. Geologic studies have determined that the fault has had movement in the last <2,600,000 years and has a slip rate of unspecified."
104,known_age,normal,"1:250,000","<2,600,000",Undetermined,"{faultZone} {faultName} {sectionName} {strandName} is a normal fault that was mapped at 1:250,000 scale. Geologic studies have determined that the fault has had movement in the last <2,600,000 years and has a slip rate of Undetermined."
105,known_age,normal,"1:250,000","<2,600,000",>5 mm/yr,"{faultZone} {faultName} {sectionName} {strandName} is a normal fault that was mapped at 1:250,000 scale. Geologic studies have determined that the fault has had movement in the last <2,600,000 years and has a slip rate of >5 mm/yr."
106,known_age,normal,"1:250,000","<130,000",<0.2 mm/yr,"{faultZone} {faultName} {sectionName} {strandName} is a normal fault that was mapped at 1:250,000 scale. Geologic studies have determined that the fault has had movement in the last <130,000 years and has a slip rate of <0.2 mm/yr."
107,known_age,normal,"1:250,000","<130,000",0.2 - 1 mm/yr,"{faultZone} {faultName} {sectionName} {strandName} is a normal fault that was mapped at 1:250,000 scale. Geologic studies have determined that the fault has had movement in the last <130,000 years and has a slip rate of 0.2 - 1 mm/yr."
108,known_age,normal,"1:250,000","<130,000",1 - 5 mm/yr,"{faultZone} {faultName} {sectionName} {strandName} is a normal fault that was mapped at 1:250,000 scale. Geologic studies have determined that the fault has had movement in the last <130,000 years and has a slip rate of 1 - 5 mm/yr."
109,known_age,normal,"1:250,000","<130,000",unspecified,"{faultZone} {faultName} {sectionName} {strandName} is a normal fault that was mapped at 1:250,000 scale. Geologic studies have determined that the fault has had movement in the last <130,000 years and has a slip rate of unspecified."
110,known_age,normal,"1:250,000","<130,000",Undetermined,"{faultZone} {faultName} {sectionName} {strandName} is a normal fault that was mapped at 1:250,000 scale. Geologic studies have determined that the fault has had movement in the last <130,000 years and has a slip rate of Undetermined."
111,known_age,normal,"1:250,000","<130,000",>5 mm/yr,"{faultZone} {faultName} {sectionName} {strandName} is a normal fault that was mapped at 1:250,000 scale. Geologic studies have determined that the fault has had movement in the last <130,000 years and has a slip rate of >5 mm/yr."
112,known_age,normal,"1:250,000","<750,000",<0.2 mm/yr,"{faultZone} {faultName} {sectionName} {strandName} is a normal fault that was mapped at 1:250,000 scale. Geologic studies have determined that the fault has had movement in the last <750,000 years and has a slip rate of <0.2 mm/yr."
113,known_age,normal,"1:250,000","<750,000",0.2 - 1 mm/yr,"{faultZone} {faultName} {sectionName} {strandName} is a normal fault that was mapped at 1:250,000 scale. Geologic studies have determined that the fault has had movement in the last <750,000 years and has a slip rate of 0.2 - 1 mm/yr."
114,known_age,normal,"1:250,000","<750,000",1 - 5 mm/yr,"{faultZone} {faultName} {sectionName} {strandName} is a normal fault that was mapped at 1:250,000 scale. Geologic studies have determined that the fault has had movement in the last <750,000 years and has a slip rate of 1 - 5 mm/yr."
115,known_age,normal,"1:250,000","<750,000",unspecified,"{faultZone} {faultName} {sectionName} {strandName} is a normal fault that was mapped at 1:250,000 scale. Geologic studies have determined that the fault has had movement in the last <750,000 years and has a slip rate of unspecified."
116,known_age,normal,"1:250,000","<750,000",Undetermined,"{faultZone} {faultName} {sectionName} {strandName} is a normal fault that was mapped at 1:250,000 scale. Geologic studies have determined that the fault has had movement in the last <750,000 years and has a slip rate of Undetermined."
117,known_age,normal,"1:250,000","<750,000",>5 mm/yr,"{faultZone} {faultName} {sectionName} {strandName} is a normal fault that was mapped at 1:250,000 scale. Geologic studies have determined that the fault has had movement in the last <750,000 years and has a slip rate of >5 mm/yr."
118,undetermined_age,normal,"1:250,000",undetermined,,"{faultZone} {faultName} {sectionName} {strandName} is a normal fault that was mapped at 1:250,000 scale. Geologic studies have not determined the age or slip rate of the fault."
119,known_age,normal,"1:250,000",<150,<0.2 mm/yr,"{faultZone} {faultName} {sectionName} {strandName} is a normal fault that was mapped at 1:250,000 scale. Geologic studies have determined that the fault has had movement in the last <150 years and has a slip rate of <0.2 mm/yr."
120,known_age,normal,"1:250,000",<150,0.2 - 1 mm/yr,"{faultZone} {faultName} {sectionName} {strandName} is a normal fault that was mapped at 1:250,000 scale. Geologic studies have determined that the fault has had movement in the last <150 years and has a slip rate of 0.2 - 1 mm/yr."
121,known_age,normal,"1:250,000",<150,1 - 5 mm/yr,"{faultZone} {faultName} {sectionName} {strandName} is a normal fault that was mapped at 1:250,000 scale. Geologic studies have determined that the fault has had movement in the last <150 years and has a slip rate of 1 - 5 mm/yr."
122,known_age,normal,"1:250,000",<150,unspecified,"{faultZone} {faultName} {sectionName} {strandName} is a normal fault that was mapped at 1:250,000 scale. Geologic studies have determined that the fault has had movement in the last <150 years and has a slip rate of unspecified."
123,known_age,normal,"1:250,000",<150,Undetermined,"{faultZone} {faultName} {sectionName} {strandName} is a normal fault that was mapped at 1:250,000 scale. Geologic studies have determined that the fault has had movement in the last <150 years and has a slip rate of Undetermined."
124,known_age,normal,"1:250,000",<150,>5 mm/yr,"{faultZone} {faultName} {sectionName} {strandName} is a normal fault that was mapped at 1:250,000 scale. Geologic studies have determined that the fault has had movement in the last <150 years and has a slip rate of >5 mm/yr."
125,known_age,normal,"1:62,500","<15,000",<0.2 mm/yr,"{faultZone} {faultName} {sectionName} {strandName} is a normal fault that was mapped at 1:62,500 scale. Geologic studies have determined that the fault has had movement in the last <15,000 years and has a slip rate of <0.2 mm/yr."
126,known_age,normal,"1:62,500","<15,000",0.2 - 1 mm/yr,"{faultZone} {faultName} {sectionName} {strandName} is a normal fault that was mapped at 1:62,500 scale. Geologic studies have determined that the fault has had movement in the last <15,000 years and has a slip rate of 0.2 - 1 mm/yr."
127,known_age,normal,"1:62,500","<15,000",1 - 5 mm/yr,"{faultZone} {faultName} {sectionName} {strandName} is a normal fault that was mapped at 1:62,500 scale. Geologic studies have determined that the fault has had movement in the last <15,000 years and has a slip rate of 1 - 5 mm/yr."
128,known_age,normal,"1:62,500","<15,000",unspecified,"{faultZone} {faultName} {sectionName} {strandName} is a normal fault that was mapped at 1:62,500 scale. Geologic studies have determined that the fault has had movement in the last <15,000 years and has a slip rate of unspecified."
129,known_age,normal,"1:62,500","<15,000",Undetermined,"{faultZone} {faultName} {sectionName} {strandName} is a normal fault that was mapped at 1:62,500 scale. Geologic studies have determined that the fault has had movement in the last <15,000 years and has a slip rate of Undetermined."
130,known_age,normal,"1:62,500","<15,000",>5 mm/yr,"{faultZone} {faultName} {sectionName} {strandName} is a normal fault that was mapped at 1:62,500 scale. Geologic studies have determined that the fault has had movement in the last <15,000 years and has a slip rate of >5 mm/yr."
131,known_age,normal,"1:62,500","<2,600,000",<0.2 mm/yr,"{faultZone} {faultName} {sectionName} {strandName} is a normal fault that was mapped at 1:62,500 scale. Geologic studies have determined that the fault has had movement in the last <2,600,000 years and has a slip rate of <0.2 mm/yr."
132,known_age,normal,"1:62,500","<2,600,000",0.2 - 1 mm/yr,"{faultZone} {faultName} {sectionName} {strandName} is a normal fault that was mapped at 1:62,500 scale. Geologic studies have determined that the fault has had movement in the last <2,600,000 years and has a slip rate of 0.2 - 1 mm/yr."
133,known_age,normal,"1:62,500","<2,600,000",1 - 5 mm/yr,"{faultZone} {faultName} {sectionName} {strandName} is a normal fault that was mapped at 1:62,500 scale. Geologic studies have determined that the fault has had movement in the last <2,600,000 years and has a slip rate of 1 - 5 mm/yr."
134,known_age,normal,"1:62,500","<2,600,000",unspecified,"{faultZone} {faultName} {sectionName} {strandName} is a normal fault that was mapped at 1:62,500 scale. Geologic studies have determined that the fault has had movement in the last <2,600,000 years and has a slip rate of unspecified."
135,known_age,normal,"1:62,500","<2,600,000",Undetermined,"{faultZone} {faultName} {sectionName} {strandName} is a normal fault that was mapped at 1:62,500 scale. Geologic studies have determined that the fault has had movement in the last <2,600,000 years and has a slip rate of Undetermined."
136,known_age,normal,"1:62,500","<2,600,000",>5 mm/yr,"{faultZone} {faultName} {sectionName} {strandName} is a normal fault that was mapped at 1:62,500 scale. Geologic studies have determined that the fault has had movement in the last <2,600,000 years and has a slip rate of >5 mm/yr."
137,known_age,normal,"1:62,500","<130,000",<0.2 mm/yr,"{faultZone} {faultName} {sectionName} {strandName} is a normal fault that was mapped at 1:62,500 scale. Geologic studies have determined that the fault has had movement in the last <130,000 years and has a slip rate of <0.2 mm/yr."
138,known_age,normal,"1:62,500","<130,000",0.2 - 1 mm/yr,"{faultZone} {faultName} {sectionName} {strandName} is a normal fault that was mapped at 1:62,500 scale. Geologic studies have determined that the fault has had movement in the last <130,000 years and has a slip rate of 0.2 - 1 mm/yr."
139,known_age,normal,"1:62,500","<130,000",1 - 5 mm/yr,"{faultZone} {faultName} {sectionName} {strandName} is a normal fault that was mapped at 1:62,500 scale. Geologic studies have determined that the fault has had movement in the last <130,000 years and has a slip rate of 1 - 5 mm/yr."
140,known_age,normal,"1:62,500","<130,000",unspecified,"{faultZone} {faultName} {sectionName} {strandName} is a normal fault that was mapped at 1:62,500 scale. Geologic studies have determined that the fault has had movement in the last <130,000 years and has a slip rate of unspecified."
141,known_age,normal,"1:62,500","<130,000",Undetermined,"{faultZone} {faultName} {sectionName} {strandName} is a normal fault that was mapped at 1:62,500 scale. Geologic studies have determined that the fault has had movement in the last <130,000 years and has a slip rate of Undetermined."
142,known_age,normal,"1:62,500","<130,000",>5 mm/yr,"{faultZone} {faultName} {sectionName} {strandName} is a normal fault that was mapped at 1:62,500 scale. Geologic studies have determined that the fault has had movement in the last <130,000 years and has a slip rate of >5 mm/yr."
143,known_age,normal,"1:62,500","<750,000",<0.2 mm/yr,"{faultZone} {faultName} {sectionName} {strandName} is a normal fault that was mapped at 1:62,500 scale. Geologic studies have determined that the fault has had movement in the last <750,000 years and has a slip rate of <0.2 mm/yr."
144,known_age,normal,"1:62,500","<750,000",0.2 - 1 mm/yr,"{faultZone} {faultName} {sectionName} {strandName} is a normal fault that was mapped at 1:62,500 scale. Geologic studies have determined that the fault has had movement in the last <750,000 years and has a slip rate of 0.2 - 1 mm/yr."
145,known_age,normal,"1:62,500","<750,000",1 - 5 mm/yr,"{faultZone} {faultName} {sectionName} {strandName} is a normal fault that was mapped at 1:62,500 scale. Geologic studies have determined that the fault has had movement in the last <750,000 years and has a slip rate of 1 - 5 mm/yr."
146,known_age,normal,"1:62,500","<750,000",unspecified,"{faultZone} {faultName} {sectionName} {strandName} is a normal fault that was mapped at 1:62,500 scale. Geologic studies have determined that the fault has had movement in the last <750,000 years and has a slip rate of unspecified."
147,known_age,normal,"1:62,500","<750,000",Undetermined,"{faultZone} {faultName} {sectionName} {strandName} is a normal fault that was mapped at 1:62,500 scale. Geologic studies have determined that the fault has had movement in the last <750,000 years and has a slip rate of Undetermined."
148,known_age,normal,"1:62,500","<750,000",>5 mm/yr,"{faultZone} {faultName} {sectionName} {strandName} is a normal fault that was mapped at 1:62,500 scale. Geologic studies have determined that the fault has had movement in the last <750,000 years and has a slip rate of >5 mm/yr."
149,undetermined_age,normal,"1:62,500",undetermined,,"{faultZone} {faultName} {sectionName} {strandName} is a normal fault that was mapped at 1:62,500 scale. Geologic studies have not determined the age or slip rate of the fault."
150,known_age,normal,"1:62,500",<150,<0.2 mm/yr,"{faultZone} {faultName} {sectionName} {strandName} is a normal fault that was mapped at 1:62,500 scale. Geologic studies have determined that the fault has had movement in the last <150 years and has a slip rate of <0.2 mm/yr."
151,known_age,normal,"1:62,500",<150,0.2 - 1 mm/yr,"{faultZone} {faultName} {sectionName} {strandName} is a normal fault that was mapped at 1:62,500 scale. Geologic studies have determined that the fault has had movement in the last <150 years and has a slip rate of 0.2 - 1 mm/yr."
152,known_age,normal,"1:62,500",<150,1 - 5 mm/yr,"{faultZone} {faultName} {sectionName} {strandName} is a normal fault that was mapped at 1:62,500 scale. Geologic studies have determined that the fault has had movement in the last <150 years and has a slip rate of 1 - 5 mm/yr."
153,known_age,normal,"1:62,500",<150,unspecified,"{faultZone} {faultName} {sectionName} {strandName} is a normal fault that was mapped at 1:62,500 scale. Geologic studies have determined that the fault has had movement in the last <150 years and has a slip rate of unspecified."
154,known_age,normal,"1:62,500",<150,Undetermined,"{faultZone} {faultName} {sectionName} {strandName} is a normal fault that was mapped at 1:62,500 scale. Geologic studies have determined that the fault has had movement in the last <150 years and has a slip rate of Undetermined."
155,known_age,normal,"1:62,500",<150,>5 mm/yr,"{faultZone} {faultName} {sectionName} {strandName} is a normal fault that was mapped at 1:62,500 scale. Geologic studies have determined that the fault has had movement in the last <150 years and has a slip rate of >5 mm/yr."
156,known_age,normal,"1:125,000","<15,000",<0.2 mm/yr,"{faultZone} {faultName} {sectionName} {strandName} is a normal fault that was mapped at 1:125,000 scale. Geologic studies have determined that the fault has had movement in the last <15,000 years and has a slip rate of <0.2 mm/yr."
157,known_age,normal,"1:125,000","<15,000",0.2 - 1 mm/yr,"{faultZone} {faultName} {sectionName} {strandName} is a normal fault that was mapped at 1:125,000 scale. Geologic studies have determined that the fault has had movement in the last <15,000 years and has a slip rate of 0.2 - 1 mm/yr."
158,known_age,normal,"1:125,000","<15,000",1 - 5 mm/yr,"{faultZone} {faultName} {sectionName} {strandName} is a normal fault that was mapped at 1:125,000 scale. Geologic studies have determined that the fault has had movement in the last <15,000 years and has a slip rate of 1 - 5 mm/yr."
159,known_age,normal,"1:125,000","<15,000",unspecified,"{faultZone} {faultName} {sectionName} {strandName} is a normal fault that was mapped at 1:125,000 scale. Geologic studies have determined that the fault has had movement in the last <15,000 years and has a slip rate of unspecified."
160,known_age,normal,"1:125,000","<15,000",Undetermined,"{faultZone} {faultName} {sectionName} {strandName} is a normal fault that was mapped at 1:125,000 scale. Geologic studies have determined that the fault has had movement in the last <15,000 years and has a slip rate of Undetermined."
161,known_age,normal,"1:125,000","<15,000",>5 mm/yr,"{faultZone} {faultName} {sectionName} {strandName} is a normal fault that was mapped at 1:125,000 scale. Geologic studies have determined that the fault has had movement in the last <15,000 years and has a slip rate of >5 mm/yr."
162,known_age,normal,"1:125,000","<2,600,000",<0.2 mm/yr,"{faultZone} {faultName} {sectionName} {strandName} is a normal fault that was mapped at 1:125,000 scale. Geologic studies have determined that the fault has had movement in the last <2,600,000 years and has a slip rate of <0.2 mm/yr."
163,known_age,normal,"1:125,000","<2,600,000",0.2 - 1 mm/yr,"{faultZone} {faultName} {sectionName} {strandName} is a normal fault that was mapped at 1:125,000 scale. Geologic studies have determined that the fault has had movement in the last <2,600,000 years and has a slip rate of 0.2 - 1 mm/yr."
164,known_age,normal,"1:125,000","<2,600,000",1 - 5 mm/yr,"{faultZone} {faultName} {sectionName} {strandName} is a normal fault that was mapped at 1:125,000 scale. Geologic studies have determined that the fault has had movement in the last <2,600,000 years and has a slip rate of 1 - 5 mm/yr."
165,known_age,normal,"1:125,000","<2,600,000",unspecified,"{faultZone} {faultName} {sectionName} {strandName} is a normal fault that was mapped at 1:125,000 scale. Geologic studies have determined that the fault has had movement in the last <2,600,000 years and has a slip rate of unspecified."
166,known_age,normal,"1:125,000","<2,600,000",Undetermined,"{faultZone} {faultName} {sectionName} {strandName} is a normal fault that was mapped at 1:125,000 scale. Geologic studies have determined that the fault has had movement in the last <2,600,000 years and has a slip rate of Undetermined."
167,known_age,normal,"1:125,000","<2,600,000",>5 mm/yr,"{faultZone} {faultName} {sectionName} {strandName} is a normal fault that was mapped at 1:125,000 scale. Geologic studies have determined that the fault has had movement in the last <2,600,000 years and has a slip rate of >5 mm/yr."
168,known_age,normal,"1:125,000","<130,000",<0.2 mm/yr,"{faultZone} {faultName} {sectionName} {strandName} is a normal fault that was mapped at 1:125,000 scale. Geologic studies have determined that the fault has had movement in the last <130,000 years and has a slip rate of <0.2 mm/yr."
169,known_age,normal,"1:125,000","<130,000",0.2 - 1 mm/yr,"{faultZone} {faultName} {sectionName} {strandName} is a normal fault that was mapped at 1:125,000 scale. Geologic studies have determined that the fault has had movement in the last <130,000 years and has a slip rate of 0.2 - 1 mm/yr."
170,known_age,normal,"1:125,000","<130,000",1 - 5 mm/yr,"{faultZone} {faultName} {sectionName} {strandName} is a normal fault that was mapped at 1:125,000 scale. Geologic studies have determined that the fault has had movement in the last <130,000 years and has a slip rate of 1 - 5 mm/yr."
171,known_age,normal,"1:125,000","<130,000",unspecified,"{faultZone} {faultName} {sectionName} {strandName} is a normal fault that was mapped at 1:125,000 scale. Geologic studies have determined that the fault has had movement in the last <130,000 years and has a slip rate of unspecified."
172,known_age,normal,"1:125,000","<130,000",Undetermined,"{faultZone} {faultName} {sectionName} {strandName} is a normal fault that was mapped at 1:125,000 scale. Geologic studies have determined that the fault has had movement in the last <130,000 years and has a slip rate of Undetermined."
173,known_age,normal,"1:125,000","<130,000",>5 mm/yr,"{faultZone} {faultName} {sectionName} {strandName} is a normal fault that was mapped at 1:125,000 scale. Geologic studies have determined that the fault has had movement in the last <130,000 years and has a slip rate of >5 mm/yr."
174,known_age,normal,"1:125,000","<750,000",<0.2 mm/yr,"{faultZone} {faultName} {sectionName} {strandName} is a normal fault that was mapped at 1:125,000 scale. Geologic studies have determined that the fault has had movement in the last <750,000 years and has a slip rate of <0.2 mm/yr."
175,known_age,normal,"1:125,000","<750,000",0.2 - 1 mm/yr,"{faultZone} {faultName} {sectionName} {strandName} is a normal fault that was mapped at 1:125,000 scale. Geologic studies have determined that the fault has had movement in the last <750,000 years and has a slip rate of 0.2 - 1 mm/yr."
176,known_age,normal,"1:125,000","<750,000",1 - 5 mm/yr,"{faultZone} {faultName} {sectionName} {strandName} is a normal fault that was mapped at 1:125,000 scale. Geologic studies have determined that the fault has had movement in the last <750,000 years and has a slip rate of 1 - 5 mm/yr."
177,known_age,normal,"1:125,000","<750,000",unspecified,"{faultZone} {faultName} {sectionName} {strandName} is a normal fault that was mapped at 1:125,000 scale. Geologic studies have determined that the fault has had movement in the last <750,000 years and has a slip rate of unspecified."
178,known_age,normal,"1:125,000","<750,000",Undetermined,"{faultZone} {faultName} {sectionName} {strandName} is a normal fault that was mapped at 1:125,000 scale. Geologic studies have determined that the fault has had movement in the last <750,000 years and has a slip rate of Undetermined."
179,known_age,normal,"1:125,000","<750,000",>5 mm/yr,"{faultZone} {faultName} {sectionName} {strandName} is a normal fault that was mapped at 1:125,000 scale. Geologic studies have determined that the fault has had movement in the last <750,000 years and has a slip rate of >5 mm/yr."
180,undetermined_age,normal,"1:125,000",undetermined,,"{faultZone} {faultName} {sectionName} {strandName} is a normal fault that was mapped at 1:125,000 scale. Geologic studies have not determined the age or slip rate of the fault."
181,known_age,normal,"1:125,000",<150,<0.2 mm/yr,"{faultZone} {faultName} {sectionName} {strandName} is a normal fault that was mapped at 1:125,000 scale. Geologic studies have determined that the fault has had movement in the last <150 years and has a slip rate of <0.2 mm/yr."
182,known_age,normal,"1:125,000",<150,0.2 - 1 mm/yr,"{faultZone} {faultName} {sectionName} {strandName} is a normal fault that was mapped at 1:125,000 scale. Geologic studies have determined that the fault has had movement in the last <150 years and has a slip rate of 0.2 - 1 mm/yr."
183,known_age,normal,"1:125,000",<150,1 - 5 mm/yr,"{faultZone} {faultName} {sectionName} {strandName} is a normal fault that was mapped at 1:125,000 scale. Geologic studies have determined that the fault has had movement in the last <150 years and has a slip rate of 1 - 5 mm/yr."
184,known_age,normal,"1:125,000",<150,unspecified,"{faultZone} {faultName} {sectionName} {strandName} is a normal fault that was mapped at 1:125,000 scale. Geologic studies have determined that the fault has had movement in the last <150 years and has a slip rate of unspecified."
185,known_age,normal,"1:125,000",<150,Undetermined,"{faultZone} {faultName} {sectionName} {strandName} is a normal fault that was mapped at 1:125,000 scale. Geologic studies have determined that the fault has had movement in the last <150 years and has a slip rate of Undetermined."
186,known_age,normal,"1:125,000",<150,>5 mm/yr,"{faultZone} {faultName} {sectionName} {strandName} is a normal fault that was mapped at 1:125,000 scale. Geologic studies have determined that the fault has had movement in the last <150 years and has a slip rate of >5 mm/yr."
187,known_age,normal,"1:50,000","<15,000",<0.2 mm/yr,"{faultZone} {faultName} {sectionName} {strandName} is a normal fault that was mapped at 1:50,000 scale. Geologic studies have determined that the fault has had movement in the last <15,000 years and has a slip rate of <0.2 mm/yr."
188,known_age,normal,"1:50,000","<15,000",0.2 - 1 mm/yr,"{faultZone} {faultName} {sectionName} {strandName} is a normal fault that was mapped at 1:50,000 scale. Geologic studies have determined that the fault has had movement in the last <15,000 years and has a slip rate of 0.2 - 1 mm/yr."
189,known_age,normal,"1:50,000","<15,000",1 - 5 mm/yr,"{faultZone} {faultName} {sectionName} {strandName} is a normal fault that was mapped at 1:50,000 scale. Geologic studies have determined that the fault has had movement in the last <15,000 years and has a slip rate of 1 - 5 mm/yr."
190,known_age,normal,"1:50,000","<15,000",unspecified,"{faultZone} {faultName} {sectionName} {strandName} is a normal fault that was mapped at 1:50,000 scale. Geologic studies have determined that the fault has had movement in the last <15,000 years and has a slip rate of unspecified."
191,known_age,normal,"1:50,000","<15,000",Undetermined,"{faultZone} {faultName} {sectionName} {strandName} is a normal fault that was mapped at 1:50,000 scale. Geologic studies have determined that the fault has had movement in the last <15,000 years and has a slip rate of Undetermined."
192,known_age,normal,"1:50,000","<15,000",>5 mm/yr,"{faultZone} {faultName} {sectionName} {strandName} is a normal fault that was mapped at 1:50,000 scale. Geologic studies have determined that the fault has had movement in the last <15,000 years and has a slip rate of >5 mm/yr."
193,known_age,normal,"1:50,000","<2,600,000",<0.2 mm/yr,"{faultZone} {faultName} {sectionName} {strandName} is a normal fault that was mapped at 1:50,000 scale. Geologic studies have determined that the fault has had movement in the last <2,600,000 years and has a slip rate of <0.2 mm/yr."
194,known_age,normal,"1:50,000","<2,600,000",0.2 - 1 mm/yr,"{faultZone} {faultName} {sectionName} {strandName} is a normal fault that was mapped at 1:50,000 scale. Geologic studies have determined that the fault has had movement in the last <2,600,000 years and has a slip rate of 0.2 - 1 mm/yr."
195,known_age,normal,"1:50,000","<2,600,000",1 - 5 mm/yr,"{faultZone} {faultName} {sectionName} {strandName} is a normal fault that was mapped at 1:50,000 scale. Geologic studies have determined that the fault has had movement in the last <2,600,000 years and has a slip rate of 1 - 5 mm/yr."
196,known_age,normal,"1:50,000","<2,600,000",unspecified,"{faultZone} {faultName} {sectionName} {strandName} is a normal fault that was mapped at 1:50,000 scale. Geologic studies have determined that the fault has had movement in the last <2,600,000 years and has a slip rate of unspecified."
197,known_age,normal,"1:50,000","<2,600,000",Undetermined,"{faultZone} {faultName} {sectionName} {strandName} is a normal fault that was mapped at 1:50,000 scale. Geologic studies have determined that the fault has had movement in the last <2,600,000 years and has a slip rate of Undetermined."
198,known_age,normal,"1:50,000","<2,600,000",>5 mm/yr,"{faultZone} {faultName} {sectionName} {strandName} is a normal fault that was mapped at 1:50,000 scale. Geologic studies have determined that the fault has had movement in the last <2,600,000 years and has a slip rate of >5 mm/yr."
199,known_age,normal,"1:50,000","<130,000",<0.2 mm/yr,"{faultZone} {faultName} {sectionName} {strandName} is a normal fault that was mapped at 1:50,000 scale. Geologic studies have determined that the fault has had movement in the last <130,000 years and has a slip rate of <0.2 mm/yr."
200,known_age,normal,"1:50,000","<130,000",0.2 - 1 mm/yr,"{faultZone} {faultName} {sectionName} {strandName} is a normal fault that was mapped at 1:50,000 scale. Geologic studies have determined that the fault has had movement in the last <130,000 years and has a slip rate of 0.2 - 1 mm/yr."
201,known_age,normal,"1:50,000","<130,000",1 - 5 mm/yr,"{faultZone} {faultName} {sectionName} {strandName} is a normal fault that was mapped at 1:50,000 scale. Geologic studies have determined that the fault has had movement in the last <130,000 years and has a slip rate of 1 - 5 mm/yr."
202,known_age,normal,"1:50,000","<130,000",unspecified,"{faultZone} {faultName} {sectionName} {strandName} is a normal fault that was mapped at 1:50,000 scale. Geologic studies have determined that the fault has had movement in the last <130,000 years and has a slip rate of unspecified."
203,known_age,normal,"1:50,000","<130,000",Undetermined,"{faultZone} {faultName} {sectionName} {strandName} is a normal fault that was mapped at 1:50,000 scale. Geologic studies have determined that the fault has had movement in the last <130,000 years and has a slip rate of Undetermined."
204,known_age,normal,"1:50,000","<130,000",>5 mm/yr,"{faultZone} {faultName} {sectionName} {strandName} is a normal fault that was mapped at 1:50,000 scale. Geologic studies have determined that the fault has had movement in the last <130,000 years and has a slip rate of >5 mm/yr."
205,known_age,normal,"1:50,000","<750,000",<0.2 mm/yr,"{faultZone} {faultName} {sectionName} {strandName} is a normal fault that was mapped at 1:50,000 scale. Geologic studies have determined that the fault has had movement in the last <750,000 years and has a slip rate of <0.2 mm/yr."
206,known_age,normal,"1:50,000","<750,000",0.2 - 1 mm/yr,"{faultZone} {faultName} {sectionName} {strandName} is a normal fault that was mapped at 1:50,000 scale. Geologic studies have determined that the fault has had movement in the last <750,000 years and has a slip rate of 0.2 - 1 mm/yr."
207,known_age,normal,"1:50,000","<750,000",1 - 5 mm/yr,"{faultZone} {faultName} {sectionName} {strandName} is a normal fault that was mapped at 1:50,000 scale. Geologic studies have determined that the fault has had movement in the last <750,000 years and has a slip rate of 1 - 5 mm/yr."
208,known_age,normal,"1:50,000","<750,000",unspecified,"{faultZone} {faultName} {sectionName} {strandName} is a normal fault that was mapped at 1:50,000 scale. Geologic studies have determined that the fault has had movement in the last <750,000 years and has a slip rate of unspecified."
209,known_age,normal,"1:50,000","<750,000",Undetermined,"{faultZone} {faultName} {sectionName} {strandName} is a normal fault that was mapped at 1:50,000 scale. Geologic studies have determined that the fault has had movement in the last <750,000 years and has a slip rate of Undetermined."
210,known_age,normal,"1:50,000","<750,000",>5 mm/yr,"{faultZone} {faultName} {sectionName} {strandName} is a normal fault that was mapped at 1:50,000 scale. Geologic studies have determined that the fault has had movement in the last <750,000 years and has a slip rate of >5 mm/yr."
211,undetermined_age,normal,"1:50,000",undetermined,,"{faultZone} {faultName} {sectionName} {strandName} is a normal fault that was mapped at 1:50,000 scale. Geologic studies have not determined the age or slip rate of the fault."
212,known_age,normal,"1:50,000",<150,<0.2 mm/yr,"{faultZone} {faultName} {sectionName} {strandName} is a normal fault that was mapped at 1:50,000 scale. Geologic studies have determined that the fault has had movement in the last <150 years and has a slip rate of <0.2 mm/yr."
213,known_age,normal,"1:50,000",<150,0.2 - 1 mm/yr,"{faultZone} {faultName} {sectionName} {strandName} is a normal fault that was mapped at 1:50,000 scale. Geologic studies have determined that the fault has had movement in the last <150 years and has a slip rate of 0.2 - 1 mm/yr."
214,known_age,normal,"1:50,000",<150,1 - 5 mm/yr,"{faultZone} {faultName} {sectionName} {strandName} is a normal fault that was mapped at 1:50,000 scale. Geologic studies have determined that the fault has had movement in the last <150 years and has a slip rate of 1 - 5 mm/yr."
215,known_age,normal,"1:50,000",<150,unspecified,"{faultZone} {faultName} {sectionName} {strandName} is a normal fault that was mapped at 1:50,000 scale. Geologic studies have determined that the fault has had movement in the last <150 years and has a slip rate of unspecified."
216,known_age,normal,"1:50,000",<150,Undetermined,"{faultZone} {faultName} {sectionName} {strandName} is a normal fault that was mapped at 1:50,000 scale. Geologic studies have determined that the fault has had movement in the last <150 years and has a slip rate of Undetermined."
217,known_age,normal,"1:50,000",<150,>5 mm/yr,"{faultZone} {faultName} {sectionName} {strandName} is a normal fault that was mapped at 1:50,000 scale. Geologic studies have determined that the fault has had movement in the last <150 years and has a slip rate of >5 mm/yr."
218,known_age,normal,"1:155,000","<15,000",<0.2 mm/yr,"{faultZone} {faultName} {sectionName} {strandName} is a normal fault that was mapped at 1:155,000 scale. Geologic studies have determined that the fault has had movement in the last <15,000 years and has a slip rate of <0.2 mm/yr."
219,known_age,normal,"1:155,000","<15,000",0.2 - 1 mm/yr,"{faultZone} {faultName} {sectionName} {strandName} is a normal fault that was mapped at 1:155,000 scale. Geologic studies have determined that the fault has had movement in the last <15,000 years and has a slip rate of 0.2 - 1 mm/yr."
220,known_age,normal,"1:155,000","<15,000",1 - 5 mm/yr,"{faultZone} {faultName} {sectionName} {strandName} is a normal fault that was mapped at 1:155,000 scale. Geologic studies have determined that the fault has had movement in the last <15,000 years and has a slip rate of 1 - 5 mm/yr."
221,known_age,normal,"1:155,000","<15,000",unspecified,"{faultZone} {faultName} {sectionName} {strandName} is a normal fault that was mapped at 1:155,000 scale. Geologic studies have determined that the fault has had movement in the last <15,000 years and has a slip rate of unspecified."
222,known_age,normal,"1:155,000","<15,000",Undetermined,"{faultZone} {faultName} {sectionName} {strandName} is a normal fault that was mapped at 1:155,000 scale. Geologic studies have determined that the fault has had movement in the last <15,000 years and has a slip rate of Undetermined."
223,known_age,normal,"1:155,000","<15,000",>5 mm/yr,"{faultZone} {faultName} {sectionName} {strandName} is a normal fault that was mapped at 1:155,000 scale. Geologic studies have determined that the fault has had movement in the last <15,000 years and has a slip rate of >5 mm/yr."
224,known_age,normal,"1:155,000","<2,600,000",<0.2 mm/yr,"{faultZone} {faultName} {sectionName} {strandName} is a normal fault that was mapped at 1:155,000 scale. Geologic studies have determined that the fault has had movement in the last <2,600,000 years and has a slip rate of <0.2 mm/yr."
225,known_age,normal,"1:155,000","<2,600,000",0.2 - 1 mm/yr,"{faultZone} {faultName} {sectionName} {strandName} is a normal fault that was mapped at 1:155,000 scale. Geologic studies have determined that the fault has had movement in the last <2,600,000 years and has a slip rate of 0.2 - 1 mm/yr."
226,known_age,normal,"1:155,000","<2,600,000",1 - 5 mm/yr,"{faultZone} {faultName} {sectionName} {strandName} is a normal fault that was mapped at 1:155,000 scale. Geologic studies have determined that the fault has had movement in the last <2,600,000 years and has a slip rate of 1 - 5 mm/yr."
227,known_age,normal,"1:155,000","<2,600,000",unspecified,"{faultZone} {faultName} {sectionName} {strandName} is a normal fault that was mapped at 1:155,000 scale. Geologic studies have determined that the fault has had movement in the last <2,600,000 years and has a slip rate of unspecified."
228,known_age,normal,"1:155,000","<2,600,000",Undetermined,"{faultZone} {faultName} {sectionName} {strandName} is a normal fault that was mapped at 1:155,000 scale. Geologic studies have determined that the fault has had movement in the last <2,600,000 years and has a slip rate of Undetermined."
229,known_age,normal,"1:155,000","<2,600,000",>5 mm/yr,"{faultZone} {faultName} {sectionName} {strandName} is a normal fault that was mapped at 1:155,000 scale. Geologic studies have determined that the fault has had movement in the last <2,600,000 years and has a slip rate of >5 mm/yr."
230,known_age,normal,"1:155,000","<130,000",<0.2 mm/yr,"{faultZone} {faultName} {sectionName} {strandName} is a normal fault that was mapped at 1:155,000 scale. Geologic studies have determined that the fault has had movement in the last <130,000 years and has a slip rate of <0.2 mm/yr."
231,known_age,normal,"1:155,000","<130,000",0.2 - 1 mm/yr,"{faultZone} {faultName} {sectionName} {strandName} is a normal fault that was mapped at 1:155,000 scale. Geologic studies have determined that the fault has had movement in the last <130,000 years and has a slip rate of 0.2 - 1 mm/yr."
232,known_age,normal,"1:155,000","<130,000",1 - 5 mm/yr,"{faultZone} {faultName} {sectionName} {strandName} is a normal fault that was mapped at 1:155,000 scale. Geologic studies have determined that the fault has had movement in the last <130,000 years and has a slip rate of 1 - 5 mm/yr."
233,known_age,normal,"1:155,000","<130,000",unspecified,"{faultZone} {faultName} {sectionName} {strandName} is a normal fault that was mapped at 1:155,000 scale. Geologic studies have determined that the fault has had movement in the last <130,000 years and has a slip rate of unspecified."
234,known_age,normal,"1:155,000","<130,000",Undetermined,"{faultZone} {faultName} {sectionName} {strandName} is a normal fault that was mapped at 1:155,000 scale. Geologic studies have determined that the fault has had movement in the last <130,000 years and has a slip rate of Undetermined."
235,known_age,normal,"1:155,000","<130,000",>5 mm/yr,"{faultZone} {faultName} {sectionName} {strandName} is a normal fault that was mapped at 1:155,000 scale. Geologic studies have determined that the fault has had movement in the last <130,000 years and has a slip rate of >5 mm/yr."
236,known_age,normal,"1:155,000","<750,000",<0.2 mm/yr,"{faultZone} {faultName} {sectionName} {strandName} is a normal fault that was mapped at 1:155,000 scale. Geologic studies have determined that the fault has had movement in the last <750,000 years and has a slip rate of <0.2 mm/yr."
237,known_age,normal,"1:155,000","<750,000",0.2 - 1 mm/yr,"{faultZone} {faultName} {sectionName} {strandName} is a normal fault that was mapped at 1:155,000 scale. Geologic studies have determined that the fault has had movement in the last <750,000 years and has a slip rate of 0.2 - 1 mm/yr."
238,known_age,normal,"1:155,000","<750,000",1 - 5 mm/yr,"{faultZone} {faultName} {sectionName} {strandName} is a normal fault that was mapped at 1:155,000 scale. Geologic studies have determined that the fault has had movement in the last <750,000 years and has a slip rate of 1 - 5 mm/yr."
239,known_age,normal,"1:155,000","<750,000",unspecified,"{faultZone} {faultName} {sectionName} {strandName} is a normal fault that was mapped at 1:155,000 scale. Geologic studies have determined that the fault has had movement in the last <750,000 years and has a slip rate of unspecified."
240,known_age,normal,"1:155,000","<750,000",Undetermined,"{faultZone} {faultName} {sectionName} {strandName} is a normal fault that was mapped at 1:155,000 scale. Geologic studies have determined that the fault has had movement in the last <750,000 years and has a slip rate of Undetermined."
241,known_age,normal,"1:155,000","<750,000",>5 mm/yr,"{faultZone} {faultName} {sectionName} {strandName} is a normal fault that was mapped at 1:155,000 scale. Geologic studies have determined that the fault has had movement in the last <750,000 years and has a slip rate of >5 mm/yr."
242,undetermined_age,normal,"1:155,000",undetermined,,"{faultZone} {faultName} {sectionName} {strandName} is a normal fault that was mapped at 1:155,000 scale. Geologic studies have not determined the age or slip rate of the fault."
243,known_age,normal,"1:155,000",<150,<0.2 mm/yr,"{faultZone} {faultName} {sectionName} {strandName} is a normal fault that was mapped at 1:155,000 scale. Geologic studies have determined that the fault has had movement in the last <150 years and has a slip rate of <0.2 mm/yr."
244,known_age,normal,"1:155,000",<150,0.2 - 1 mm/yr,"{faultZone} {faultName} {sectionName} {strandName} is a normal fault that was mapped at 1:155,000 scale. Geologic studies have determined that the fault has had movement in the last <150 years and has a slip rate of 0.2 - 1 mm/yr."
245,known_age,normal,"1:155,000",<150,1 - 5 mm/yr,"{faultZone} {faultName} {sectionName} {strandName} is a normal fault that was mapped at 1:155,000 scale. Geologic studies have determined that the fault has had movement in the last <150 years and has a slip rate of 1 - 5 mm/yr."
246,known_age,normal,"1:155,000",<150,unspecified,"{faultZone} {faultName} {sectionName} {strandName} is a normal fault that was mapped at 1:155,000 scale. Geologic studies have determined that the fault has had movement in the last <150 years and has a slip rate of unspecified."
247,known_age,normal,"1:155,000",<150,Undetermined,"{faultZone} {faultName} {sectionName} {strandName} is a normal fault that was mapped at 1:155,000 scale. Geologic studies have determined that the fault has had movement in the last <150 years and has a slip rate of Undetermined."
248,known_age,normal,"1:155,000",<150,>5 mm/yr,"{faultZone} {faultName} {sectionName} {strandName} is a normal fault that was mapped at 1:155,000 scale. Geologic studies have determined that the fault has had movement in the last <150 years and has a slip rate of >5 mm/yr."
249,known_age,normal,"1:60,000","<15,000",<0.2 mm/yr,"{faultZone} {faultName} {sectionName} {strandName} is a normal fault that was mapped at 1:60,000 scale. Geologic studies have determined that the fault has had movement in the last <15,000 years and has a slip rate of <0.2 mm/yr."
250,known_age,normal,"1:60,000","<15,000",0.2 - 1 mm/yr,"{faultZone} {faultName} {sectionName} {strandName} is a normal fault that was mapped at 1:60,000 scale. Geologic studies have determined that the fault has had movement in the last <15,000 years and has a slip rate of 0.2 - 1 mm/yr."
251,known_age,normal,"1:60,000","<15,000",1 - 5 mm/yr,"{faultZone} {faultName} {sectionName} {strandName} is a normal fault that was mapped at 1:60,000 scale. Geologic studies have determined that the fault has had movement in the last <15,000 years and has a slip rate of 1 - 5 mm/yr."
252,known_age,normal,"1:60,000","<15,000",unspecified,"{faultZone} {faultName} {sectionName} {strandName} is a normal fault that was mapped at 1:60,000 scale. Geologic studies have determined that the fault has had movement in the last <15,000 years and has a slip rate of unspecified."
253,known_age,normal,"1:60,000","<15,000",Undetermined,"{faultZone} {faultName} {sectionName} {strandName} is a normal fault that was mapped at 1:60,000 scale. Geologic studies have determined that the fault has had movement in the last <15,000 years and has a slip rate of Undetermined."
254,known_age,normal,"1:60,000","<15,000",>5 mm/yr,"{faultZone} {faultName} {sectionName} {strandName} is a normal fault that was mapped at 1:60,000 scale. Geologic studies have determined that the fault has had movement in the last <15,000 years and has a slip rate of >5 mm/yr."
255,known_age,normal,"1:60,000","<2,600,000",<0.2 mm/yr,"{faultZone} {faultName} {sectionName} {strandName} is a normal fault that was mapped at 1:60,000 scale. Geologic studies have determined that the fault has had movement in the last <2,600,000 years and has a slip rate of <0.2 mm/yr."
256,known_age,normal,"1:60,000","<2,600,000",0.2 - 1 mm/yr,"{faultZone} {faultName} {sectionName} {strandName} is a normal fault that was mapped at 1:60,000 scale. Geologic studies have determined that the fault has had movement in the last <2,600,000 years and has a slip rate of 0.2 - 1 mm/yr."
257,known_age,normal,"1:60,000","<2,600,000",1 - 5 mm/yr,"{faultZone} {faultName} {sectionName} {strandName} is a normal fault that was mapped at 1:60,000 scale. Geologic studies have determined that the fault has had movement in the last <2,600,000 years and has a slip rate of 1 - 5 mm/yr."
258,known_age,normal,"1:60,000","<2,600,000",unspecified,"{faultZone} {faultName} {sectionName} {strandName} is a normal fault that was mapped at 1:60,000 scale. Geologic studies have determined that the fault has had movement in the last <2,600,000 years and has a slip rate of unspecified."
259,known_age,normal,"1:60,000","<2,600,000",Undetermined,"{faultZone} {faultName} {sectionName} {strandName} is a normal fault that was mapped at 1:60,000 scale. Geologic studies have determined that the fault has had movement in the last <2,600,000 years and has a slip rate of Undetermined."
260,known_age,normal,"1:60,000","<2,600,000",>5 mm/yr,"{faultZone} {faultName} {sectionName} {strandName} is a normal fault that was mapped at 1:60,000 scale. Geologic studies have determined that the fault has had movement in the last <2,600,000 years and has a slip rate of >5 mm/yr."
261,known_age,normal,"1:60,000","<130,000",<0.2 mm/yr,"{faultZone} {faultName} {sectionName} {strandName} is a normal fault that was mapped at 1:60,000 scale. Geologic studies have determined that the fault has had movement in the last <130,000 years and has a slip rate of <0.2 mm/yr."
262,known_age,normal,"1:60,000","<130,000",0.2 - 1 mm/yr,"{faultZone} {faultName} {sectionName} {strandName} is a normal fault that was mapped at 1:60,000 scale. Geologic studies have determined that the fault has had movement in the last <130,000 years and has a slip rate of 0.2 - 1 mm/yr."
263,known_age,normal,"1:60,000","<130,000",1 - 5 mm/yr,"{faultZone} {faultName} {sectionName} {strandName} is a normal fault that was mapped at 1:60,000 scale. Geologic studies have determined that the fault has had movement in the last <130,000 years and has a slip rate of 1 - 5 mm/yr."
264,known_age,normal,"1:60,000","<130,000",unspecified,"{faultZone} {faultName} {sectionName} {strandName} is a normal fault that was mapped at 1:60,000 scale. Geologic studies have determined that the fault has had movement in the last <130,000 years and has a slip rate of unspecified."
265,known_age,normal,"1:60,000","<130,000",Undetermined,"{faultZone} {faultName} {sectionName} {strandName} is a normal fault that was mapped at 1:60,000 scale. Geologic studies have determined that the fault has had movement in the last <130,000 years and has a slip rate of Undetermined."
266,known_age,normal,"1:60,000","<130,000",>5 mm/yr,"{faultZone} {faultName} {sectionName} {strandName} is a normal fault that was mapped at 1:60,000 scale. Geologic studies have determined that the fault has had movement in the last <130,000 years and has a slip rate of >5 mm/yr."
267,known_age,normal,"1:60,000","<750,000",<0.2 mm/yr,"{faultZone} {faultName} {sectionName} {strandName} is a normal fault that was mapped at 1:60,000 scale. Geologic studies have determined that the fault has had movement in the last <750,000 years and has a slip rate of <0.2 mm/yr."
268,known_age,normal,"1:60,000","<750,000",0.2 - 1 mm/yr,"{faultZone} {faultName} {sectionName} {strandName} is a normal fault that was mapped at 1:60,000 scale. Geologic studies have determined that the fault has had movement in the last <750,000 years and has a slip rate of 0.2 - 1 mm/yr."
269,known_age,normal,"1:60,000","<750,000",1 - 5 mm/yr,"{faultZone} {faultName} {sectionName} {strandName} is a normal fault that was mapped at 1:60,000 scale. Geologic studies have determined that the fault has had movement in the last <750,000 years and has a slip rate of 1 - 5 mm/yr."
270,known_age,normal,"1:60,000","<750,000",unspecified,"{faultZone} {faultName} {sectionName} {strandName} is a normal fault that was mapped at 1:60,000 scale. Geologic studies have determined that the fault has had movement in the last <750,000 years and has a slip rate of unspecified."
271,known_age,normal,"1:60,000","<750,000",Undetermined,"{faultZone} {faultName} {sectionName} {strandName} is a normal fault that was mapped at 1:60,000 scale. Geologic studies have determined that the fault has had movement in the last <750,000 years and has a slip rate of Undetermined."
272,known_age,normal,"1:60,000","<750,000",>5 mm/yr,"{faultZone} {faultName} {sectionName} {strandName} is a normal fault that was mapped at 1:60,000 scale. Geologic studies have determined that the fault has had movement in the last <750,000 years and has a slip rate of >5 mm/yr."
273,undetermined_age,normal,"1:60,000",undetermined,,"{faultZone} {faultName} {sectionName} {strandName} is a normal fault that was mapped at 1:60,000 scale. Geologic studies have not determined the age or slip rate of the fault."
274,known_age,normal,"1:60,000",<150,<0.2 mm/yr,"{faultZone} {faultName} {sectionName} {strandName} is a normal fault that was mapped at 1:60,000 scale. Geologic studies have determined that the fault has had movement in the last <150 years and has a slip rate of <0.2 mm/yr."
275,known_age,normal,"1:60,000",<150,0.2 - 1 mm/yr,"{faultZone} {faultName} {sectionName} {strandName} is a normal fault that was mapped at 1:60,000 scale. Geologic studies have determined that the fault has had movement in the last <150 years and has a slip rate of 0.2 - 1 mm/yr."
276,known_age,normal,"1:60,000",<150,1 - 5 mm/yr,"{faultZone} {faultName} {sectionName} {strandName} is a normal fault that was mapped at 1:60,000 scale. Geologic studies have determined that the fault has had movement in the last <150 years and has a slip rate of 1 - 5 mm/yr."
277,known_age,normal,"1:60,000",<150,unspecified,"{faultZone} {faultName} {sectionName} {strandName} is a normal fault that was mapped at 1:60,000 scale. Geologic studies have determined that the fault has had movement in the last <150 years and has a slip rate of unspecified."
278,known_age,normal,"1:60,000",<150,Undetermined,"{faultZone} {faultName} {sectionName} {strandName} is a normal fault that was mapped at 1:60,000 scale. Geologic studies have determined that the fault has had movement in the last <150 years and has a slip rate of Undetermined."
279,known_age,normal,"1:60,000",<150,>5 mm/yr,"{faultZone} {faultName} {sectionName} {strandName} is a normal fault that was mapped at 1:60,000 scale. Geologic studies have determined that the fault has had movement in the last <150 years and has a slip rate of >5 mm/yr."
280,known_age,normal,"1:170,000","<15,000",<0.2 mm/yr,"{faultZone} {faultName} {sectionName} {strandName} is a normal fault that was mapped at 1:170,000 scale. Geologic studies have determined that the fault has had movement in the last <15,000 years and has a slip rate of <0.2 mm/yr."
281,known_age,normal,"1:170,000","<15,000",0.2 - 1 mm/yr,"{faultZone} {faultName} {sectionName} {strandName} is a normal fault that was mapped at 1:170,000 scale. Geologic studies have determined that the fault has had movement in the last <15,000 years and has a slip rate of 0.2 - 1 mm/yr."
282,known_age,normal,"1:170,000","<15,000",1 - 5 mm/yr,"{faultZone} {faultName} {sectionName} {strandName} is a normal fault that was mapped at 1:170,000 scale. Geologic studies have determined that the fault has had movement in the last <15,000 years and has a slip rate of 1 - 5 mm/yr."
283,known_age,normal,"1:170,000","<15,000",unspecified,"{faultZone} {faultName} {sectionName} {strandName} is a normal fault that was mapped at 1:170,000 scale. Geologic studies have determined that the fault has had movement in the last <15,000 years and has a slip rate of unspecified."
284,known_age,normal,"1:170,000","<15,000",Undetermined,"{faultZone} {faultName} {sectionName} {strandName} is a normal fault that was mapped at 1:170,000 scale. Geologic studies have determined that the fault has had movement in the last <15,000 years and has a slip rate of Undetermined."
285,known_age,normal,"1:170,000","<15,000",>5 mm/yr,"{faultZone} {faultName} {sectionName} {strandName} is a normal fault that was mapped at 1:170,000 scale. Geologic studies have determined that the fault has had movement in the last <15,000 years and has a slip rate of >5 mm/yr."
286,known_age,normal,"1:170,000","<2,600,000",<0.2 mm/yr,"{faultZone} {faultName} {sectionName} {strandName} is a normal fault that was mapped at 1:170,000 scale. Geologic studies have determined that the fault has had movement in the last <2,600,000 years and has a slip rate of <0.2 mm/yr."
287,known_age,normal,"1:170,000","<2,600,000",0.2 - 1 mm/yr,"{faultZone} {faultName} {sectionName} {strandName} is a normal fault that was mapped at 1:170,000 scale. Geologic studies have determined that the fault has had movement in the last <2,600,000 years and has a slip rate of 0.2 - 1 mm/yr."
288,known_age,normal,"1:170,000","<2,600,000",1 - 5 mm/yr,"{faultZone} {faultName} {sectionName} {strandName} is a normal fault that was mapped at 1:170,000 scale. Geologic studies have determined that the fault has had movement in the last <2,600,000 years and has a slip rate of 1 - 5 mm/yr."
289,known_age,normal,"1:170,000","<2,600,000",unspecified,"{faultZone} {faultName} {sectionName} {strandName} is a normal fault that was mapped at 1:170,000 scale. Geologic studies have determined that the fault has had movement in the last <2,600,000 years and has a slip rate of unspecified."
290,known_age,normal,"1:170,000","<2,600,000",Undetermined,"{faultZone} {faultName} {sectionName} {strandName} is a normal fault that was mapped at 1:170,000 scale. Geologic studies have determined that the fault has had movement in the last <2,600,000 years and has a slip rate of Undetermined."
291,known_age,normal,"1:170,000","<2,600,000",>5 mm/yr,"{faultZone} {faultName} {sectionName} {strandName} is a normal fault that was mapped at 1:170,000 scale. Geologic studies have determined that the fault has had movement in the last <2,600,000 years and has a slip rate of >5 mm/yr."
292,known_age,normal,"1:170,000","<130,000",<0.2 mm/yr,"{faultZone} {faultName} {sectionName} {strandName} is a normal fault that was mapped at 1:170,000 scale. Geologic studies have determined that the fault has had movement in the last <130,000 years and has a slip rate of <0.2 mm/yr."
293,known_age,normal,"1:170,000","<130,000",0.2 - 1 mm/yr,"{faultZone} {faultName} {sectionName} {strandName} is a normal fault that was mapped at 1:170,000 scale. Geologic studies have determined that the fault has had movement in the last <130,000 years and has a slip rate of 0.2 - 1 mm/yr."
294,known_age,normal,"1:170,000","<130,000",1 - 5 mm/yr,"{faultZone} {faultName} {sectionName} {strandName} is a normal fault that was mapped at 1:170,000 scale. Geologic studies have determined that the fault has had movement in the last <130,000 years and has a slip rate of 1 - 5 mm/yr."
295,known_age,normal,"1:170,000","<130,000",unspecified,"{faultZone} {faultName} {sectionName} {strandName} is a normal fault that was mapped at 1:170,000 scale. Geologic studies have determined that the fault has had movement in the last <130,000 years and has a slip rate of unspecified."
296,known_age,normal,"1:170,000","<130,000",Undetermined,"{faultZone} {faultName} {sectionName} {strandName} is a normal fault that was mapped at 1:170,000 scale. Geologic studies have determined that the fault has had movement in the last <130,000 years and has a slip rate of Undetermined."
297,known_age,normal,"1:170,000","<130,000",>5 mm/yr,"{faultZone} {faultName} {sectionName} {strandName} is a normal fault that was mapped at 1:170,000 scale. Geologic studies have determined that the fault has had movement in the last <130,000 years and has a slip rate of >5 mm/yr."
298,known_age,normal,"1:170,000","<750,000",<0.2 mm/yr,"{faultZone} {faultName} {sectionName} {strandName} is a normal fault that was mapped at 1:170,000 scale. Geologic studies have determined that the fault has had movement in the last <750,000 years and has a slip rate of <0.2 mm/yr."
299,known_age,normal,"1:170,000","<750,000",0.2 - 1 mm/yr,"{faultZone} {faultName} {sectionName} {strandName} is a normal fault that was mapped at 1:170,000 scale. Geologic studies have determined that the fault has had movement in the last <750,000 years and has a slip rate of 0.2 - 1 mm/yr."
300,known_age,normal,"1:170,000","<750,000",1 - 5 mm/yr,"{faultZone} {faultName} {sectionName} {strandName} is a normal fault that was mapped at 1:170,000 scale. Geologic studies have determined that the fault has had movement in the last <750,000 years and has a slip rate of 1 - 5 mm/yr."
301,known_age,normal,"1:170,000","<750,000",unspecified,"{faultZone} {faultName} {sectionName} {strandName} is a normal fault that was mapped at 1:170,000 scale. Geologic studies have determined that the fault has had movement in the last <750,000 years and has a slip rate of unspecified."
302,known_age,normal,"1:170,000","<750,000",Undetermined,"{faultZone} {faultName} {sectionName} {strandName} is a normal fault that was mapped at 1:170,000 scale. Geologic studies have determined that the fault has had movement in the last <750,000 years and has a slip rate of Undetermined."
303,known_age,normal,"1:170,000","<750,000",>5 mm/yr,"{faultZone} {faultName} {sectionName} {strandName} is a normal fault that was mapped at 1:170,000 scale. Geologic studies have determined that the fault has had movement in the last <750,000 years and has a slip rate of >5 mm/yr."
304,undetermined_age,normal,"1:170,000",undetermined,,"{faultZone} {faultName} {sectionName} {strandName} is a normal fault that was mapped at 1:170,000 scale. Geologic studies have not determined the age or slip rate of the fault."
305,known_age,normal,"1:170,000",<150,<0.2 mm/yr,"{faultZone} {faultName} {sectionName} {strandName} is a normal fault that was mapped at 1:170,000 scale. Geologic studies have determined that the fault has had movement in the last <150 years and has a slip rate of <0.2 mm/yr."
306,known_age,normal,"1:170,000",<150,0.2 - 1 mm/yr,"{faultZone} {faultName} {sectionName} {strandName} is a normal fault that was mapped at 1:170,000 scale. Geologic studies have determined that the fault has had movement in the last <150 years and has a slip rate of 0.2 - 1 mm/yr."
307,known_age,normal,"1:170,000",<150,1 - 5 mm/yr,"{faultZone} {faultName} {sectionName} {strandName} is a normal fault that was mapped at 1:170,000 scale. Geologic studies have determined that the fault has had movement in the last <150 years and has a slip rate of 1 - 5 mm/yr."
308,known_age,normal,"1:170,000",<150,unspecified,"{faultZone} {faultName} {sectionName} {strandName} is a normal fault that was mapped at 1:170,000 scale. Geologic studies have determined that the fault has had movement in the last <150 years and has a slip rate of unspecified."
309,known_age,normal,"1:170,000",<150,Undetermined,"{faultZone} {faultName} {sectionName} {strandName} is a normal fault that was mapped at 1:170,000 scale. Geologic studies have determined that the fault has had movement in the last <150 years and has a slip rate of Undetermined."
310,known_age,normal,"1:170,000",<150,>5 mm/yr,"{faultZone} {faultName} {sectionName} {strandName} is a normal fault that was mapped at 1:170,000 scale. Geologic studies have determined that the fault has had movement in the last <150 years and has a slip rate of >5 mm/yr."
311,known_age,normal,"1:340,000","<15,000",<0.2 mm/yr,"{faultZone} {faultName} {sectionName} {strandName} is a normal fault that was mapped at 1:340,000 scale. Geologic studies have determined that the fault has had movement in the last <15,000 years and has a slip rate of <0.2 mm/yr."
312,known_age,normal,"1:340,000","<15,000",0.2 - 1 mm/yr,"{faultZone} {faultName} {sectionName} {strandName} is a normal fault that was mapped at 1:340,000 scale. Geologic studies have determined that the fault has had movement in the last <15,000 years and has a slip rate of 0.2 - 1 mm/yr."
313,known_age,normal,"1:340,000","<15,000",1 - 5 mm/yr,"{faultZone} {faultName} {sectionName} {strandName} is a normal fault that was mapped at 1:340,000 scale. Geologic studies have determined that the fault has had movement in the last <15,000 years and has a slip rate of 1 - 5 mm/yr."
314,known_age,normal,"1:340,000","<15,000",unspecified,"{faultZone} {faultName} {sectionName} {strandName} is a normal fault that was mapped at 1:340,000 scale. Geologic studies have determined that the fault has had movement in the last <15,000 years and has a slip rate of unspecified."
315,known_age,normal,"1:340,000","<15,000",Undetermined,"{faultZone} {faultName} {sectionName} {strandName} is a normal fault that was mapped at 1:340,000 scale. Geologic studies have determined that the fault has had movement in the last <15,000 years and has a slip rate of Undetermined."
316,known_age,normal,"1:340,000","<15,000",>5 mm/yr,"{faultZone} {faultName} {sectionName} {strandName} is a normal fault that was mapped at 1:340,000 scale. Geologic studies have determined that the fault has had movement in the last <15,000 years and has a slip rate of >5 mm/yr."
317,known_age,normal,"1:340,000","<2,600,000",<0.2 mm/yr,"{faultZone} {faultName} {sectionName} {strandName} is a normal fault that was mapped at 1:340,000 scale. Geologic studies have determined that the fault has had movement in the last <2,600,000 years and has a slip rate of <0.2 mm/yr."
318,known_age,normal,"1:340,000","<2,600,000",0.2 - 1 mm/yr,"{faultZone} {faultName} {sectionName} {strandName} is a normal fault that was mapped at 1:340,000 scale. Geologic studies have determined that the fault has had movement in the last <2,600,000 years and has a slip rate of 0.2 - 1 mm/yr."
319,known_age,normal,"1:340,000","<2,600,000",1 - 5 mm/yr,"{faultZone} {faultName} {sectionName} {strandName} is a normal fault that was mapped at 1:340,000 scale. Geologic studies have determined that the fault has had movement in the last <2,600,000 years and has a slip rate of 1 - 5 mm/yr."
320,known_age,normal,"1:340,000","<2,600,000",unspecified,"{faultZone} {faultName} {sectionName} {strandName} is a normal fault that was mapped at 1:340,000 scale. Geologic studies have determined that the fault has had movement in the last <2,600,000 years and has a slip rate of unspecified."
321,known_age,normal,"1:340,000","<2,600,000",Undetermined,"{faultZone} {faultName} {sectionName} {strandName} is a normal fault that was mapped at 1:340,000 scale. Geologic studies have determined that the fault has had movement in the last <2,600,000 years and has a slip rate of Undetermined."
322,known_age,normal,"1:340,000","<2,600,000",>5 mm/yr,"{faultZone} {faultName} {sectionName} {strandName} is a normal fault that was mapped at 1:340,000 scale. Geologic studies have determined that the fault has had movement in the last <2,600,000 years and has a slip rate of >5 mm/yr."
323,known_age,normal,"1:340,000","<130,000",<0.2 mm/yr,"{faultZone} {faultName} {sectionName} {strandName} is a normal fault that was mapped at 1:340,000 scale. Geologic studies have determined that the fault has had movement in the last <130,000 years and has a slip rate of <0.2 mm/yr."
324,known_age,normal,"1:340,000","<130,000",0.2 - 1 mm/yr,"{faultZone} {faultName} {sectionName} {strandName} is a normal fault that was mapped at 1:340,000 scale. Geologic studies have determined that the fault has had movement in the last <130,000 years and has a slip rate of 0.2 - 1 mm/yr."
325,known_age,normal,"1:340,000","<130,000",1 - 5 mm/yr,"{faultZone} {faultName} {sectionName} {strandName} is a normal fault that was mapped at 1:340,000 scale. Geologic studies have determined that the fault has had movement in the last <130,000 years and has a slip rate of 1 - 5 mm/yr."
326,known_age,normal,"1:340,000","<130,000",unspecified,"{faultZone} {faultName} {sectionName} {strandName} is a normal fault that was mapped at 1:340,000 scale. Geologic studies have determined that the fault has had movement in the last <130,000 years and has a slip rate of unspecified."
327,known_age,normal,"1:340,000","<130,000",Undetermined,"{faultZone} {faultName} {sectionName} {strandName} is a normal fault that was mapped at 1:340,000 scale. Geologic studies have determined that the fault has had movement in the last <130,000 years and has a slip rate of Undetermined."
328,known_age,normal,"1:340,000","<130,000",>5 mm/yr,"{faultZone} {faultName} {sectionName} {strandName} is a normal fault that was mapped at 1:340,000 scale. Geologic studies have determined that the fault has had movement in the last <130,000 years and has a slip rate of >5 mm/yr."
329,known_age,normal,"1:340,000","<750,000",<0.2 mm/yr,"{faultZone} {faultName} {sectionName} {strandName} is a normal fault that was mapped at 1:340,000 scale. Geologic studies have determined that the fault has had movement in the last <750,000 years and has a slip rate of <0.2 mm/yr."
330,known_age,normal,"1:340,000","<750,000",0.2 - 1 mm/yr,"{faultZone} {faultName} {sectionName} {strandName} is a normal fault that was mapped at 1:340,000 scale. Geologic studies have determined that the fault has had movement in the last <750,000 years and has a slip rate of 0.2 - 1 mm/yr."
331,known_age,normal,"1:340,000","<750,000",1 - 5 mm/yr,"{faultZone} {faultName} {sectionName} {strandName} is a normal fault that was mapped at 1:340,000 scale. Geologic studies have determined that the fault has had movement in the last <750,000 years and has a slip rate of 1 - 5 mm/yr."
332,known_age,normal,"1:340,000","<750,000",unspecified,"{faultZone} {faultName} {sectionName} {strandName} is a normal fault that was mapped at 1:340,000 scale. Geologic studies have determined that the fault has had movement in the last <750,000 years and has a slip rate of unspecified."
333,known_age,normal,"1:340,000","<750,000",Undetermined,"{faultZone} {faultName} {sectionName} {strandName} is a normal fault that was mapped at 1:340,000 scale. Geologic studies have determined that the fault has had movement in the last <750,000 years and has a slip rate of Undetermined."
334,known_age,normal,"1:340,000","<750,000",>5 mm/yr,"{faultZone} {faultName} {sectionName} {strandName} is a normal fault that was mapped at 1:340,000 scale. Geologic studies have determined that the fault has had movement in the last <750,000 years and has a slip rate of >5 mm/yr."
335,undetermined_age,normal,"1:340,000",undetermined,,"{faultZone} {faultName} {sectionName} {strandName} is a normal fault that was mapped at 1:340,000 scale. Geologic studies have not determined the age or slip rate of the fault."
336,known_age,normal,"1:340,000",<150,<0.2 mm/yr,"{faultZone} {faultName} {sectionName} {strandName} is a normal fault that was mapped at 1:340,000 scale. Geologic studies have determined that the fault has had movement in the last <150 years and has a slip rate of <0.2 mm/yr."
337,known_age,normal,"1:340,000",<150,0.2 - 1 mm/yr,"{faultZone} {faultName} {sectionName} {strandName} is a normal fault that was mapped at 1:340,000 scale. Geologic studies have determined that the fault has had movement in the last <150 years and has a slip rate of 0.2 - 1 mm/yr."
338,known_age,normal,"1:340,000",<150,1 - 5 mm/yr,"{faultZone} {faultName} {sectionName} {strandName} is a normal fault that was mapped at 1:340,000 scale. Geologic studies have determined that the fault has had movement in the last <150 years and has a slip rate of 1 - 5 mm/yr."
339,known_age,normal,"1:340,000",<150,unspecified,"{faultZone} {faultName} {sectionName} {strandName} is a normal fault that was mapped at 1:340,000 scale. Geologic studies have determined that the fault has had movement in the last <150 years and has a slip rate of unspecified."
340,known_age,normal,"1:340,000",<150,Undetermined,"{faultZone} {faultName} {sectionName} {strandName} is a normal fault that was mapped at 1:340,000 scale. Geologic studies have determined that the fault has had movement in the last <150 years and has a slip rate of Undetermined."
341,known_age,normal,"1:340,000",<150,>5 mm/yr,"{faultZone} {faultName} {sectionName} {strandName} is a normal fault that was mapped at 1:340,000 scale. Geologic studies have determined that the fault has had movement in the last <150 years and has a slip rate of >5 mm/yr."
342,known_age,normal,"1:500,000","<15,000",<0.2 mm/yr,"{faultZone} {faultName} {sectionName} {strandName} is a normal fault that was mapped at 1:500,000 scale. Geologic studies have determined that the fault has had movement in the last <15,000 years and has a slip rate of <0.2 mm/yr."
343,known_age,normal,"1:500,000","<15,000",0.2 - 1 mm/yr,"{faultZone} {faultName} {sectionName} {strandName} is a normal fault that was mapped at 1:500,000 scale. Geologic studies have determined that the fault has had movement in the last <15,000 years and has a slip rate of 0.2 - 1 mm/yr."
344,known_age,normal,"1:500,000","<15,000",1 - 5 mm/yr,"{faultZone} {faultName} {sectionName} {strandName} is a normal fault that was mapped at 1:500,000 scale. Geologic studies have determined that the fault has had movement in the last <15,000 years and has a slip rate of 1 - 5 mm/yr."
345,known_age,normal,"1:500,000","<15,000",unspecified,"{faultZone} {faultName} {sectionName} {strandName} is a normal fault that was mapped at 1:500,000 scale. Geologic studies have determined that the fault has had movement in the last <15,000 years and has a slip rate of unspecified."
346,known_age,normal,"1:500,000","<15,000",Undetermined,"{faultZone} {faultName} {sectionName} {strandName} is a normal fault that was mapped at 1:500,000 scale. Geologic studies have determined that the fault has had movement in the last <15,000 years and has a slip rate of Undetermined."
347,known_age,normal,"1:500,000","<15,000",>5 mm/yr,"{faultZone} {faultName} {sectionName} {strandName} is a normal fault that was mapped at 1:500,000 scale. Geologic studies have determined that the fault has had movement in the last <15,000 years and has a slip rate of >5 mm/yr."
348,known_age,normal,"1:500,000","<2,600,000",<0.2 mm/yr,"{faultZone} {faultName} {sectionName} {strandName} is a normal fault that was mapped at 1:500,000 scale. Geologic studies have determined that the fault has had movement in the last <2,600,000 years and has a slip rate of <0.2 mm/yr."
349,known_age,normal,"1:500,000","<2,600,000",0.2 - 1 mm/yr,"{faultZone} {faultName} {sectionName} {strandName} is a normal fault that was mapped at 1:500,000 scale. Geologic studies have determined that the fault has had movement in the last <2,600,000 years and has a slip rate of 0.2 - 1 mm/yr."
350,known_age,normal,"1:500,000","<2,600,000",1 - 5 mm/yr,"{faultZone} {faultName} {sectionName} {strandName} is a normal fault that was mapped at 1:500,000 scale. Geologic studies have determined that the fault has had movement in the last <2,600,000 years and has a slip rate of 1 - 5 mm/yr."
351,known_age,normal,"1:500,000","<2,600,000",unspecified,"{faultZone} {faultName} {sectionName} {strandName} is a normal fault that was mapped at 1:500,000 scale. Geologic studies have determined that the fault has had movement in the last <2,600,000 years and has a slip rate of unspecified."
352,known_age,normal,"1:500,000","<2,600,000",Undetermined,"{faultZone} {faultName} {sectionName} {strandName} is a normal fault that was mapped at 1:500,000 scale. Geologic studies have determined that the fault has had movement in the last <2,600,000 years and has a slip rate of Undetermined."
353,known_age,normal,"1:500,000","<2,600,000",>5 mm/yr,"{faultZone} {faultName} {sectionName} {strandName} is a normal fault that was mapped at 1:500,000 scale. Geologic studies have determined that the fault has had movement in the last <2,600,000 years and has a slip rate of >5 mm/yr."
354,known_age,normal,"1:500,000","<130,000",<0.2 mm/yr,"{faultZone} {faultName} {sectionName} {strandName} is a normal fault that was mapped at 1:500,000 scale. Geologic studies have determined that the fault has had movement in the last <130,000 years and has a slip rate of <0.2 mm/yr."
355,known_age,normal,"1:500,000","<130,000",0.2 - 1 mm/yr,"{faultZone} {faultName} {sectionName} {strandName} is a normal fault that was mapped at 1:500,000 scale. Geologic studies have determined that the fault has had movement in the last <130,000 years and has a slip rate of 0.2 - 1 mm/yr."
356,known_age,normal,"1:500,000","<130,000",1 - 5 mm/yr,"{faultZone} {faultName} {sectionName} {strandName} is a normal fault that was mapped at 1:500,000 scale. Geologic studies have determined that the fault has had movement in the last <130,000 years and has a slip rate of 1 - 5 mm/yr."
357,known_age,normal,"1:500,000","<130,000",unspecified,"{faultZone} {faultName} {sectionName} {strandName} is a normal fault that was mapped at 1:500,000 scale. Geologic studies have determined that the fault has had movement in the last <130,000 years and has a slip rate of unspecified."
358,known_age,normal,"1:500,000","<130,000",Undetermined,"{faultZone} {faultName} {sectionName} {strandName} is a normal fault that was mapped at 1:500,000 scale. Geologic studies have determined that the fault has had movement in the last <130,000 years and has a slip rate of Undetermined."
359,known_age,normal,"1:500,000","<130,000",>5 mm/yr,"{faultZone} {faultName} {sectionName} {strandName} is a normal fault that was mapped at 1:500,000 scale. Geologic studies have determined that the fault has had movement in the last <130,000 years and has a slip rate of >5 mm/yr."
360,known_age,normal,"1:500,000","<750,000",<0.2 mm/yr,"{faultZone} {faultName} {sectionName} {strandName} is a normal fault that was mapped at 1:500,000 scale. Geologic studies have determined that the fault has had movement in the last <750,000 years and has a slip rate of <0.2 mm/yr."
361,known_age,normal,"1:500,000","<750,000",0.2 - 1 mm/yr,"{faultZone} {faultName} {sectionName} {strandName} is a normal fault that was mapped at 1:500,000 scale. Geologic studies have determined that the fault has had movement in the last <750,000 years and has a slip rate of 0.2 - 1 mm/yr."
362,known_age,normal,"1:500,000","<750,000",1 - 5 mm/yr,"{faultZone} {faultName} {sectionName} {strandName} is a normal fault that was mapped at 1:500,000 scale. Geologic studies have determined that the fault has had movement in the last <750,000 years and has a slip rate of 1 - 5 mm/yr."
363,known_age,normal,"1:500,000","<750,000",unspecified,"{faultZone} {faultName} {sectionName} {strandName} is a normal fault that was mapped at 1:500,000 scale. Geologic studies have determined that the fault has had movement in the last <750,000 years and has a slip rate of unspecified."
364,known_age,normal,"1:500,000","<750,000",Undetermined,"{faultZone} {faultName} {sectionName} {strandName} is a normal fault that was mapped at 1:500,000 scale. Geologic studies have determined that the fault has had movement in the last <750,000 years and has a slip rate of Undetermined."
365,known_age,normal,"1:500,000","<750,000",>5 mm/yr,"{faultZone} {faultName} {sectionName} {strandName} is a normal fault that was mapped at 1:500,000 scale. Geologic studies have determined that the fault has had movement in the last <750,000 years and has a slip rate of >5 mm/yr."
366,undetermined_age,normal,"1:500,000",undetermined,,"{faultZone} {faultName} {sectionName} {strandName} is a normal fault that was mapped at 1:500,000 scale. Geologic studies have not determined the age or slip rate of the fault."
367,known_age,normal,"1:500,000",<150,<0.2 mm/yr,"{faultZone} {faultName} {sectionName} {strandName} is a normal fault that was mapped at 1:500,000 scale. Geologic studies have determined that the fault has had movement in the last <150 years and has a slip rate of <0.2 mm/yr."
368,known_age,normal,"1:500,000",<150,0.2 - 1 mm/yr,"{faultZone} {faultName} {sectionName} {strandName} is a normal fault that was mapped at 1:500,000 scale. Geologic studies have determined that the fault has had movement in the last <150 years and has a slip rate of 0.2 - 1 mm/yr."
369,known_age,normal,"1:500,000",<150,1 - 5 mm/yr,"{faultZone} {faultName} {sectionName} {strandName} is a normal fault that was mapped at 1:500,000 scale. Geologic studies have determined that the fault has had movement in the last <150 years and has a slip rate of 1 - 5 mm/yr."
370,known_age,normal,"1:500,000",<150,unspecified,"{faultZone} {faultName} {sectionName} {strandName} is a normal fault that was mapped at 1:500,000 scale. Geologic studies have determined that the fault has had movement in the last <150 years and has a slip rate of unspecified."
371,known_age,normal,"1:500,000",<150,Undetermined,"{faultZone} {faultName} {sectionName} {strandName} is a normal fault that was mapped at 1:500,000 scale. Geologic studies have determined that the fault has had movement in the last <150 years and has a slip rate of Undetermined."
372,known_age,normal,"1:500,000",<150,>5 mm/yr,"{faultZone} {faultName} {sectionName} {strandName} is a normal fault that was mapped at 1:500,000 scale. Geologic studies have determined that the fault has had movement in the last <150 years and has a slip rate of >5 mm/yr."
373,known_age,normal,"1:700,000","<15,000",<0.2 mm/yr,"{faultZone} {faultName} {sectionName} {strandName} is a normal fault that was mapped at 1:700,000 scale. Geologic studies have determined that the fault has had movement in the last <15,000 years and has a slip rate of <0.2 mm/yr."
374,known_age,normal,"1:700,000","<15,000",0.2 - 1 mm/yr,"{faultZone} {faultName} {sectionName} {strandName} is a normal fault that was mapped at 1:700,000 scale. Geologic studies have determined that the fault has had movement in the last <15,000 years and has a slip rate of 0.2 - 1 mm/yr."
375,known_age,normal,"1:700,000","<15,000",1 - 5 mm/yr,"{faultZone} {faultName} {sectionName} {strandName} is a normal fault that was mapped at 1:700,000 scale. Geologic studies have determined that the fault has had movement in the last <15,000 years and has a slip rate of 1 - 5 mm/yr."
376,known_age,normal,"1:700,000","<15,000",unspecified,"{faultZone} {faultName} {sectionName} {strandName} is a normal fault that was mapped at 1:700,000 scale. Geologic studies have determined that the fault has had movement in the last <15,000 years and has a slip rate of unspecified."
377,known_age,normal,"1:700,000","<15,000",Undetermined,"{faultZone} {faultName} {sectionName} {strandName} is a normal fault that was mapped at 1:700,000 scale. Geologic studies have determined that the fault has had movement in the last <15,000 years and has a slip rate of Undetermined."
378,known_age,normal,"1:700,000","<15,000",>5 mm/yr,"{faultZone} {faultName} {sectionName} {strandName} is a normal fault that was mapped at 1:700,000 scale. Geologic studies have determined that the fault has had movement in the last <15,000 years and has a slip rate of >5 mm/yr."
379,known_age,normal,"1:700,000","<2,600,000",<0.2 mm/yr,"{faultZone} {faultName} {sectionName} {strandName} is a normal fault that was mapped at 1:700,000 scale. Geologic studies have determined that the fault has had movement in the last <2,600,000 years and has a slip rate of <0.2 mm/yr."
380,known_age,normal,"1:700,000","<2,600,000",0.2 - 1 mm/yr,"{faultZone} {faultName} {sectionName} {strandName} is a normal fault that was mapped at 1:700,000 scale. Geologic studies have determined that the fault has had movement in the last <2,600,000 years and has a slip rate of 0.2 - 1 mm/yr."
381,known_age,normal,"1:700,000","<2,600,000",1 - 5 mm/yr,"{faultZone} {faultName} {sectionName} {strandName} is a normal fault that was mapped at 1:700,000 scale. Geologic studies have determined that the fault has had movement in the last <2,600,000 years and has a slip rate of 1 - 5 mm/yr."
382,known_age,normal,"1:700,000","<2,600,000",unspecified,"{faultZone} {faultName} {sectionName} {strandName} is a normal fault that was mapped at 1:700,000 scale. Geologic studies have determined that the fault has had movement in the last <2,600,000 years and has a slip rate of unspecified."
383,known_age,normal,"1:700,000","<2,600,000",Undetermined,"{faultZone} {faultName} {sectionName} {strandName} is a normal fault that was mapped at 1:700,000 scale. Geologic studies have determined that the fault has had movement in the last <2,600,000 years and has a slip rate of Undetermined."
384,known_age,normal,"1:700,000","<2,600,000",>5 mm/yr,"{faultZone} {faultName} {sectionName} {strandName} is a normal fault that was mapped at 1:700,000 scale. Geologic studies have determined that the fault has had movement in the last <2,600,000 years and has a slip rate of >5 mm/yr."
385,known_age,normal,"1:700,000","<130,000",<0.2 mm/yr,"{faultZone} {faultName} {sectionName} {strandName} is a normal fault that was mapped at 1:700,000 scale. Geologic studies have determined that the fault has had movement in the last <130,000 years and has a slip rate of <0.2 mm/yr."
386,known_age,normal,"1:700,000","<130,000",0.2 - 1 mm/yr,"{faultZone} {faultName} {sectionName} {strandName} is a normal fault that was mapped at 1:700,000 scale. Geologic studies have determined that the fault has had movement in the last <130,000 years and has a slip rate of 0.2 - 1 mm/yr."
387,known_age,normal,"1:700,000","<130,000",1 - 5 mm/yr,"{faultZone} {faultName} {sectionName} {strandName} is a normal fault that was mapped at 1:700,000 scale. Geologic studies have determined that the fault has had movement in the last <130,000 years and has a slip rate of 1 - 5 mm/yr."
388,known_age,normal,"1:700,000","<130,000",unspecified,"{faultZone} {faultName} {sectionName} {strandName} is a normal fault that was mapped at 1:700,000 scale. Geologic studies have determined that the fault has had movement in the last <130,000 years and has a slip rate of unspecified."
389,known_age,normal,"1:700,000","<130,000",Undetermined,"{faultZone} {faultName} {sectionName} {strandName} is a normal fault that was mapped at 1:700,000 scale. Geologic studies have determined that the fault has had movement in the last <130,000 years and has a slip rate of Undetermined."
390,known_age,normal,"1:700,000","<130,000",>5 mm/yr,"{faultZone} {faultName} {sectionName} {strandName} is a normal fault that was mapped at 1:700,000 scale. Geologic studies have determined that the fault has had movement in the last <130,000 years and has a slip rate of >5 mm/yr."
391,known_age,normal,"1:700,000","<750,000",<0.2 mm/yr,"{faultZone} {faultName} {sectionName} {strandName} is a normal fault that was mapped at 1:700,000 scale. Geologic studies have determined that the fault has had movement in the last <750,000 years and has a slip rate of <0.2 mm/yr."
392,known_age,normal,"1:700,000","<750,000",0.2 - 1 mm/yr,"{faultZone} {faultName} {sectionName} {strandName} is a normal fault that was mapped at 1:700,000 scale. Geologic studies have determined that the fault has had movement in the last <750,000 years and has a slip rate of 0.2 - 1 mm/yr."
393,known_age,normal,"1:700,000","<750,000",1 - 5 mm/yr,"{faultZone} {faultName} {sectionName} {strandName} is a normal fault that was mapped at 1:700,000 scale. Geologic studies have determined that the fault has had movement in the last <750,000 years and has a slip rate of 1 - 5 mm/yr."
394,known_age,normal,"1:700,000","<750,000",unspecified,"{faultZone} {faultName} {sectionName} {strandName} is a normal fault that was mapped at 1:700,000 scale. Geologic studies have determined that the fault has had movement in the last <750,000 years and has a slip rate of unspecified."
395,known_age,normal,"1:700,000","<750,000",Undetermined,"{faultZone} {faultName} {sectionName} {strandName} is a normal fault that was mapped at 1:700,000 scale. Geologic studies have determined that the fault has had movement in the last <750,000 years and has a slip rate of Undetermined."
396,known_age,normal,"1:700,000","<750,000",>5 mm/yr,"{faultZone} {faultName} {sectionName} {strandName} is a normal fault that was mapped at 1:700,000 scale. Geologic studies have determined that the fault has had movement in the last <750,000 years and has a slip rate of >5 mm/yr."
397,undetermined_age,normal,"1:700,000",undetermined,,"{faultZone} {faultName} {sectionName} {strandName} is a normal fault that was mapped at 1:700,000 scale. Geologic studies have not determined the age or slip rate of the fault."
398,known_age,normal,"1:700,000",<150,<0.2 mm/yr,"{faultZone} {faultName} {sectionName} {strandName} is a normal fault that was mapped at 1:700,000 scale. Geologic studies have determined that the fault has had movement in the last <150 years and has a slip rate of <0.2 mm/yr."
399,known_age,normal,"1:700,000",<150,0.2 - 1 mm/yr,"{faultZone} {faultName} {sectionName} {strandName} is a normal fault that was mapped at 1:700,000 scale. Geologic studies have determined that the fault has had movement in the last <150 years and has a slip rate of 0.2 - 1 mm/yr."
400,known_age,normal,"1:700,000",<150,1 - 5 mm/yr,"{faultZone} {faultName} {sectionName} {strandName} is a normal fault that was mapped at 1:700,000 scale. Geologic studies have determined that the fault has had movement in the last <150 years and has a slip rate of 1 - 5 mm/yr."
401,known_age,normal,"1:700,000",<150,unspecified,"{faultZone} {faultName} {sectionName} {strandName} is a normal fault that was mapped at 1:700,000 scale. Geologic studies have determined that the fault has had movement in the last <150 years and has a slip rate of unspecified."
402,known_age,normal,"1:700,000",<150,Undetermined,"{faultZone} {faultName} {sectionName} {strandName} is a normal fault that was mapped at 1:700,000 scale. Geologic studies have determined that the fault has had movement in the last <150 years and has a slip rate of Undetermined."
403,known_age,normal,"1:700,000",<150,>5 mm/yr,"{faultZone} {faultName} {sectionName} {strandName} is a normal fault that was mapped at 1:700,000 scale. Geologic studies have determined that the fault has had movement in the last <150 years and has a slip rate of >5 mm/yr."
404,known_age,normal,"1:750,000","<15,000",<0.2 mm/yr,"{faultZone} {faultName} {sectionName} {strandName} is a normal fault that was mapped at 1:750,000 scale. Geologic studies have determined that the fault has had movement in the last <15,000 years and has a slip rate of <0.2 mm/yr."
405,known_age,normal,"1:750,000","<15,000",0.2 - 1 mm/yr,"{faultZone} {faultName} {sectionName} {strandName} is a normal fault that was mapped at 1:750,000 scale. Geologic studies have determined that the fault has had movement in the last <15,000 years and has a slip rate of 0.2 - 1 mm/yr."
406,known_age,normal,"1:750,000","<15,000",1 - 5 mm/yr,"{faultZone} {faultName} {sectionName} {strandName} is a normal fault that was mapped at 1:750,000 scale. Geologic studies have determined that the fault has had movement in the last <15,000 years and has a slip rate of 1 - 5 mm/yr."
407,known_age,normal,"1:750,000","<15,000",unspecified,"{faultZone} {faultName} {sectionName} {strandName} is a normal fault that was mapped at 1:750,000 scale. Geologic studies have determined that the fault has had movement in the last <15,000 years and has a slip rate of unspecified."
408,known_age,normal,"1:750,000","<15,000",Undetermined,"{faultZone} {faultName} {sectionName} {strandName} is a normal fault that was mapped at 1:750,000 scale. Geologic studies have determined that the fault has had movement in the last <15,000 years and has a slip rate of Undetermined."
409,known_age,normal,"1:750,000","<15,000",>5 mm/yr,"{faultZone} {faultName} {sectionName} {strandName} is a normal fault that was mapped at 1:750,000 scale. Geologic studies have determined that the fault has had movement in the last <15,000 years and has a slip rate of >5 mm/yr."
410,known_age,normal,"1:750,000","<2,600,000",<0.2 mm/yr,"{faultZone} {faultName} {sectionName} {strandName} is a normal fault that was mapped at 1:750,000 scale. Geologic studies have determined that the fault has had movement in the last <2,600,000 years and has a slip rate of <0.2 mm/yr."
411,known_age,normal,"1:750,000","<2,600,000",0.2 - 1 mm/yr,"{faultZone} {faultName} {sectionName} {strandName} is a normal fault that was mapped at 1:750,000 scale. Geologic studies have determined that the fault has had movement in the last <2,600,000 years and has a slip rate of 0.2 - 1 mm/yr."
412,known_age,normal,"1:750,000","<2,600,000",1 - 5 mm/yr,"{faultZone} {faultName} {sectionName} {strandName} is a normal fault that was mapped at 1:750,000 scale. Geologic studies have determined that the fault has had movement in the last <2,600,000 years and has a slip rate of 1 - 5 mm/yr."
413,known_age,normal,"1:750,000","<2,600,000",unspecified,"{faultZone} {faultName} {sectionName} {strandName} is a normal fault that was mapped at 1:750,000 scale. Geologic studies have determined that the fault has had movement in the last <2,600,000 years and has a slip rate of unspecified."
414,known_age,normal,"1:750,000","<2,600,000",Undetermined,"{faultZone} {faultName} {sectionName} {strandName} is a normal fault that was mapped at 1:750,000 scale. Geologic studies have determined that the fault has had movement in the last <2,600,000 years and has a slip rate of Undetermined."
415,known_age,normal,"1:750,000","<2,600,000",>5 mm/yr,"{faultZone} {faultName} {sectionName} {strandName} is a normal fault that was mapped at 1:750,000 scale. Geologic studies have determined that the fault has had movement in the last <2,600,000 years and has a slip rate of >5 mm/yr."
416,known_age,normal,"1:750,000","<130,000",<0.2 mm/yr,"{faultZone} {faultName} {sectionName} {strandName} is a normal fault that was mapped at 1:750,000 scale. Geologic studies have determined that the fault has had movement in the last <130,000 years and has a slip rate of <0.2 mm/yr."
417,known_age,normal,"1:750,000","<130,000",0.2 - 1 mm/yr,"{faultZone} {faultName} {sectionName} {strandName} is a normal fault that was mapped at 1:750,000 scale. Geologic studies have determined that the fault has had movement in the last <130,000 years and has a slip rate of 0.2 - 1 mm/yr."
418,known_age,normal,"1:750,000","<130,000",1 - 5 mm/yr,"{faultZone} {faultName} {sectionName} {strandName} is a normal fault that was mapped at 1:750,000 scale. Geologic studies have determined that the fault has had movement in the last <130,000 years and has a slip rate of 1 - 5 mm/yr."
419,known_age,normal,"1:750,000","<130,000",unspecified,"{faultZone} {faultName} {sectionName} {strandName} is a normal fault that was mapped at 1:750,000 scale. Geologic studies have determined that the fault has had movement in the last <130,000 years and has a slip rate of unspecified."
420,known_age,normal,"1:750,000","<130,000",Undetermined,"{faultZone} {faultName} {sectionName} {strandName} is a normal fault that was mapped at 1:750,000 scale. Geologic studies have determined that the fault has had movement in the last <130,000 years and has a slip rate of Undetermined."
421,known_age,normal,"1:750,000","<130,000",>5 mm/yr,"{faultZone} {faultName} {sectionName} {strandName} is a normal fault that was mapped at 1:750,000 scale. Geologic studies have determined that the fault has had movement in the last <130,000 years and has a slip rate of >5 mm/yr."
422,known_age,normal,"1:750,000","<750,000",<0.2 mm/yr,"{faultZone} {faultName} {sectionName} {strandName} is a normal fault that was mapped at 1:750,000 scale. Geologic studies have determined that the fault has had movement in the last <750,000 years and has a slip rate of <0.2 mm/yr."
423,known_age,normal,"1:750,000","<750,000",0.2 - 1 mm/yr,"{faultZone} {faultName} {sectionName} {strandName} is a normal fault that was mapped at 1:750,000 scale. Geologic studies have determined that the fault has had movement in the last <750,000 years and has a slip rate of 0.2 - 1 mm/yr."
424,known_age,normal,"1:750,000","<750,000",1 - 5 mm/yr,"{faultZone} {faultName} {sectionName} {strandName} is a normal fault that was mapped at 1:750,000 scale. Geologic studies have determined that the fault has had movement in the last <750,000 years and has a slip rate of 1 - 5 mm/yr."
425,known_age,normal,"1:750,000","<750,000",unspecified,"{faultZone} {faultName} {sectionName} {strandName} is a normal fault that was mapped at 1:750,000 scale. Geologic studies have determined that the fault has had movement in the last <750,000 years and has a slip rate of unspecified."
426,known_age,normal,"1:750,000","<750,000",Undetermined,"{faultZone} {faultName} {sectionName} {strandName} is a normal fault that was mapped at 1:750,000 scale. Geologic studies have determined that the fault has had movement in the last <750,000 years and has a slip rate of Undetermined."
427,known_age,normal,"1:750,000","<750,000",>5 mm/yr,"{faultZone} {faultName} {sectionName} {strandName} is a normal fault that was mapped at 1:750,000 scale. Geologic studies have determined that the fault has had movement in the last <750,000 years and has a slip rate of >5 mm/yr."
428,undetermined_age,normal,"1:750,000",undetermined,,"{faultZone} {faultName} {sectionName} {strandName} is a normal fault that was mapped at 1:750,000 scale. Geologic studies have not determined the age or slip rate of the fault."
429,known_age,normal,"1:750,000",<150,<0.2 mm/yr,"{faultZone} {faultName} {sectionName} {strandName} is a normal fault that was mapped at 1:750,000 scale. Geologic studies have determined that the fault has had movement in the last <150 years and has a slip rate of <0.2 mm/yr."
430,known_age,normal,"1:750,000",<150,0.2 - 1 mm/yr,"{faultZone} {faultName} {sectionName} {strandName} is a normal fault that was mapped at 1:750,000 scale. Geologic studies have determined that the fault has had movement in the last <150 years and has a slip rate of 0.2 - 1 mm/yr."
431,known_age,normal,"1:750,000",<150,1 - 5 mm/yr,"{faultZone} {faultName} {sectionName} {strandName} is a normal fault that was mapped at 1:750,000 scale. Geologic studies have determined that the fault has had movement in the last <150 years and has a slip rate of 1 - 5 mm/yr."
432,known_age,normal,"1:750,000",<150,unspecified,"{faultZone} {faultName} {sectionName} {strandName} is a normal fault that was mapped at 1:750,000 scale. Geologic studies have determined that the fault has had movement in the last <150 years and has a slip rate of unspecified."
433,known_age,normal,"1:750,000",<150,Undetermined,"{faultZone} {faultName} {sectionName} {strandName} is a normal fault that was mapped at 1:750,000 scale. Geologic studies have determined that the fault has had movement in the last <150 years and has a slip rate of Undetermined."
434,known_age,normal,"1:750,000",<150,>5 mm/yr,"{faultZone} {faultName} {sectionName} {strandName} is a normal fault that was mapped at 1:750,000 scale. Geologic studies have determined that the fault has had movement in the last <150 years and has a slip rate of >5 mm/yr."
435,fold_structure,monocline,"1:10,000","<15,000",<0.2 mm/yr,"{faultZone} {faultName} {sectionName} {strandName} is a monocline that was mapped at 1:10,000 scale. Geologic studies have determined that the structure has had movement in the last <15,000 years and has a slip rate of <0.2 mm/yr."
436,fold_structure,monocline,"1:10,000","<15,000",0.2 - 1 mm/yr,"{faultZone} {faultName} {sectionName} {strandName} is a monocline that was mapped at 1:10,000 scale. Geologic studies have determined that the structure has had movement in the last <15,000 years and has a slip rate of 0.2 - 1 mm/yr."
437,fold_structure,monocline,"1:10,000","<15,000",1 - 5 mm/yr,"{faultZone} {faultName} {sectionName} {strandName} is a monocline that was mapped at 1:10,000 scale. Geologic studies have determined that the structure has had movement in the last <15,000 years and has a slip rate of 1 - 5 mm/yr."
438,fold_structure,monocline,"1:10,000","<15,000",unspecified,"{faultZone} {faultName} {sectionName} {strandName} is a monocline that was mapped at 1:10,000 scale. Geologic studies have determined that the structure has had movement in the last <15,000 years and has a slip rate of unspecified."
439,fold_structure,monocline,"1:10,000","<15,000",Undetermined,"{faultZone} {faultName} {sectionName} {strandName} is a monocline that was mapped at 1:10,000 scale. Geologic studies have determined that the structure has had movement in the last <15,000 years and has a slip rate of Undetermined."
440,fold_structure,monocline,"1:10,000","<15,000",>5 mm/yr,"{faultZone} {faultName} {sectionName} {strandName} is a monocline that was mapped at 1:10,000 scale. Geologic studies have determined that the structure has had movement in the last <15,000 years and has a slip rate of >5 mm/yr."
441,fold_structure,monocline,"1:10,000","<2,600,000",<0.2 mm/yr,"{faultZone} {faultName} {sectionName} {strandName} is a monocline that was mapped at 1:10,000 scale. Geologic studies have determined that the structure has had movement in the last <2,600,000 years and has a slip rate of <0.2 mm/yr."
442,fold_structure,monocline,"1:10,000","<2,600,000",0.2 - 1 mm/yr,"{faultZone} {faultName} {sectionName} {strandName} is a monocline that was mapped at 1:10,000 scale. Geologic studies have determined that the structure has had movement in the last <2,600,000 years and has a slip rate of 0.2 - 1 mm/yr."
443,fold_structure,monocline,"1:10,000","<2,600,000",1 - 5 mm/yr,"{faultZone} {faultName} {sectionName} {strandName} is a monocline that was mapped at 1:10,000 scale. Geologic studies have determined that the structure has had movement in the last <2,600,000 years and has a slip rate of 1 - 5 mm/yr."
444,fold_structure,monocline,"1:10,000","<2,600,000",unspecified,"{faultZone} {faultName} {sectionName} {strandName} is a monocline that was mapped at 1:10,000 scale. Geologic studies have determined that the structure has had movement in the last <2,600,000 years and has a slip rate of unspecified."
445,fold_structure,monocline,"1:10,000","<2,600,000",Undetermined,"{faultZone} {faultName} {sectionName} {strandName} is a monocline that was mapped at 1:10,000 scale. Geologic studies have determined that the structure has had movement in the last <2,600,000 years and has a slip rate of Undetermined."
446,fold_structure,monocline,"1:10,000","<2,600,000",>5 mm/yr,"{faultZone} {faultName} {sectionName} {strandName} is a monocline that was mapped at 1:10,000 scale. Geologic studies have determined that the structure has had movement in the last <2,600,000 years and has a slip rate of >5 mm/yr."
447,fold_structure,monocline,"1:10,000","<130,000",<0.2 mm/yr,"{faultZone} {faultName} {sectionName} {strandName} is a monocline that was mapped at 1:10,000 scale. Geologic studies have determined that the structure has had movement in the last <130,000 years and has a slip rate of <0.2 mm/yr."
448,fold_structure,monocline,"1:10,000","<130,000",0.2 - 1 mm/yr,"{faultZone} {faultName} {sectionName} {strandName} is a monocline that was mapped at 1:10,000 scale. Geologic studies have determined that the structure has had movement in the last <130,000 years and has a slip rate of 0.2 - 1 mm/yr."
449,fold_structure,monocline,"1:10,000","<130,000",1 - 5 mm/yr,"{faultZone} {faultName} {sectionName} {strandName} is a monocline that was mapped at 1:10,000 scale. Geologic studies have determined that the structure has had movement in the last <130,000 years and has a slip rate of 1 - 5 mm/yr."
450,fold_structure,monocline,"1:10,000","<130,000",unspecified,"{faultZone} {faultName} {sectionName} {strandName} is a monocline that was mapped at 1:10,000 scale. Geologic studies have determined that the structure has had movement in the last <130,000 years and has a slip rate of unspecified."
451,fold_structure,monocline,"1:10,000","<130,000",Undetermined,"{faultZone} {faultName} {sectionName} {strandName} is a monocline that was mapped at 1:10,000 scale. Geologic studies have determined that the structure has had movement in the last <130,000 years and has a slip rate of Undetermined."
452,fold_structure,monocline,"1:10,000","<130,000",>5 mm/yr,"{faultZone} {faultName} {sectionName} {strandName} is a monocline that was mapped at 1:10,000 scale. Geologic studies have determined that the structure has had movement in the last <130,000 years and has a slip rate of >5 mm/yr."
453,fold_structure,monocline,"1:10,000","<750,000",<0.2 mm/yr,"{faultZone} {faultName} {sectionName} {strandName} is a monocline that was mapped at 1:10,000 scale. Geologic studies have determined that the structure has had movement in the last <750,000 years and has a slip rate of <0.2 mm/yr."
454,fold_structure,monocline,"1:10,000","<750,000",0.2 - 1 mm/yr,"{faultZone} {faultName} {sectionName} {strandName} is a monocline that was mapped at 1:10,000 scale. Geologic studies have determined that the structure has had movement in the last <750,000 years and has a slip rate of 0.2 - 1 mm/yr."
455,fold_structure,monocline,"1:10,000","<750,000",1 - 5 mm/yr,"{faultZone} {faultName} {sectionName} {strandName} is a monocline that was mapped at 1:10,000 scale. Geologic studies have determined that the structure has had movement in the last <750,000 years and has a slip rate of 1 - 5 mm/yr."
456,fold_structure,monocline,"1:10,000","<750,000",unspecified,"{faultZone} {faultName} {sectionName} {strandName} is a monocline that was mapped at 1:10,000 scale. Geologic studies have determined that the structure has had movement in the last <750,000 years and has a slip rate of unspecified."
457,fold_structure,monocline,"1:10,000","<750,000",Undetermined,"{faultZone} {faultName} {sectionName} {strandName} is a monocline that was mapped at 1:10,000 scale. Geologic studies have determined that the structure has had movement in the last <750,000 years and has a slip rate of Undetermined."
458,fold_structure,monocline,"1:10,000","<750,000",>5 mm/yr,"{faultZone} {faultName} {sectionName} {strandName} is a monocline that was mapped at 1:10,000 scale. Geologic studies have determined that the structure has had movement in the last <750,000 years and has a slip rate of >5 mm/yr."
459,fold_structure,monocline,"1:10,000",undetermined,<0.2 mm/yr,"{faultZone} {faultName} {sectionName} {strandName} is a monocline that was mapped at 1:10,000 scale. Geologic studies have determined that the structure has had movement in the last undetermined years and has a slip rate of <0.2 mm/yr."
460,fold_structure,monocline,"1:10,000",undetermined,0.2 - 1 mm/yr,"{faultZone} {faultName} {sectionName} {strandName} is a monocline that was mapped at 1:10,000 scale. Geologic studies have determined that the structure has had movement in the last undetermined years and has a slip rate of 0.2 - 1 mm/yr."
461,fold_structure,monocline,"1:10,000",undetermined,1 - 5 mm/yr,"{faultZone} {faultName} {sectionName} {strandName} is a monocline that was mapped at 1:10,000 scale. Geologic studies have determined that the structure has had movement in the last undetermined years and has a slip rate of 1 - 5 mm/yr."
462,fold_structure,monocline,"1:10,000",undetermined,unspecified,"{faultZone} {faultName} {sectionName} {strandName} is a monocline that was mapped at 1:10,000 scale. Geologic studies have determined that the structure has had movement in the last undetermined years and has a slip rate of unspecified."
463,fold_structure,monocline,"1:10,000",undetermined,Undetermined,"{faultZone} {faultName} {sectionName} {strandName} is a monocline that was mapped at 1:10,000 scale. Geologic studies have determined that the structure has had movement in the last undetermined years and has a slip rate of Undetermined."
464,fold_structure,monocline,"1:10,000",undetermined,>5 mm/yr,"{faultZone} {faultName} {sectionName} {strandName} is a monocline that was mapped at 1:10,000 scale. Geologic studies have determined that the structure has had movement in the last undetermined years and has a slip rate of >5 mm/yr."
465,fold_structure,monocline,"1:10,000",<150,<0.2 mm/yr,"{faultZone} {faultName} {sectionName} {strandName} is a monocline that was mapped at 1:10,000 scale. Geologic studies have determined that the structure has had movement in the last <150 years and has a slip rate of <0.2 mm/yr."
466,fold_structure,monocline,"1:10,000",<150,0.2 - 1 mm/yr,"{faultZone} {faultName} {sectionName} {strandName} is a monocline that was mapped at 1:10,000 scale. Geologic studies have determined that the structure has had movement in the last <150 years and has a slip rate of 0.2 - 1 mm/yr."
467,fold_structure,monocline,"1:10,000",<150,1 - 5 mm/yr,"{faultZone} {faultName} {sectionName} {strandName} is a monocline that was mapped at 1:10,000 scale. Geologic studies have determined that the structure has had movement in the last <150 years and has a slip rate of 1 - 5 mm/yr."
468,fold_structure,monocline,"1:10,000",<150,unspecified,"{faultZone} {faultName} {sectionName} {strandName} is a monocline that was mapped at 1:10,000 scale. Geologic studies have determined that the structure has had movement in the last <150 years and has a slip rate of unspecified."
469,fold_structure,monocline,"1:10,000",<150,Undetermined,"{faultZone} {faultName} {sectionName} {strandName} is a monocline that was mapped at 1:10,000 scale. Geologic studies have determined that the structure has had movement in the last <150 years and has a slip rate of Undetermined."
470,fold_structure,monocline,"1:10,000",<150,>5 mm/yr,"{faultZone} {faultName} {sectionName} {strandName} is a monocline that was mapped at 1:10,000 scale. Geologic studies have determined that the structure has had movement in the last <150 years and has a slip rate of >5 mm/yr."
471,fold_structure,monocline,"1:24,000","<15,000",<0.2 mm/yr,"{faultZone} {faultName} {sectionName} {strandName} is a monocline that was mapped at 1:24,000 scale. Geologic studies have determined that the structure has had movement in the last <15,000 years and has a slip rate of <0.2 mm/yr."
472,fold_structure,monocline,"1:24,000","<15,000",0.2 - 1 mm/yr,"{faultZone} {faultName} {sectionName} {strandName} is a monocline that was mapped at 1:24,000 scale. Geologic studies have determined that the structure has had movement in the last <15,000 years and has a slip rate of 0.2 - 1 mm/yr."
473,fold_structure,monocline,"1:24,000","<15,000",1 - 5 mm/yr,"{faultZone} {faultName} {sectionName} {strandName} is a monocline that was mapped at 1:24,000 scale. Geologic studies have determined that the structure has had movement in the last <15,000 years and has a slip rate of 1 - 5 mm/yr."
474,fold_structure,monocline,"1:24,000","<15,000",unspecified,"{faultZone} {faultName} {sectionName} {strandName} is a monocline that was mapped at 1:24,000 scale. Geologic studies have determined that the structure has had movement in the last <15,000 years and has a slip rate of unspecified."
475,fold_structure,monocline,"1:24,000","<15,000",Undetermined,"{faultZone} {faultName} {sectionName} {strandName} is a monocline that was mapped at 1:24,000 scale. Geologic studies have determined that the structure has had movement in the last <15,000 years and has a slip rate of Undetermined."
476,fold_structure,monocline,"1:24,000","<15,000",>5 mm/yr,"{faultZone} {faultName} {sectionName} {strandName} is a monocline that was mapped at 1:24,000 scale. Geologic studies have determined that the structure has had movement in the last <15,000 years and has a slip rate of >5 mm/yr."
477,fold_structure,monocline,"1:24,000","<2,600,000",<0.2 mm/yr,"{faultZone} {faultName} {sectionName} {strandName} is a monocline that was mapped at 1:24,000 scale. Geologic studies have determined that the structure has had movement in the last <2,600,000 years and has a slip rate of <0.2 mm/yr."
478,fold_structure,monocline,"1:24,000","<2,600,000",0.2 - 1 mm/yr,"{faultZone} {faultName} {sectionName} {strandName} is a monocline that was mapped at 1:24,000 scale. Geologic studies have determined that the structure has had movement in the last <2,600,000 years and has a slip rate of 0.2 - 1 mm/yr."
479,fold_structure,monocline,"1:24,000","<2,600,000",1 - 5 mm/yr,"{faultZone} {faultName} {sectionName} {strandName} is a monocline that was mapped at 1:24,000 scale. Geologic studies have determined that the structure has had movement in the last <2,600,000 years and has a slip rate of 1 - 5 mm/yr."
480,fold_structure,monocline,"1:24,000","<2,600,000",unspecified,"{faultZone} {faultName} {sectionName} {strandName} is a monocline that was mapped at 1:24,000 scale. Geologic studies have determined that the structure has had movement in the last <2,600,000 years and has a slip rate of unspecified."
481,fold_structure,monocline,"1:24,000","<2,600,000",Undetermined,"{faultZone} {faultName} {sectionName} {strandName} is a monocline that was mapped at 1:24,000 scale. Geologic studies have determined that the structure has had movement in the last <2,600,000 years and has a slip rate of Undetermined."
482,fold_structure,monocline,"1:24,000","<2,600,000",>5 mm/yr,"{faultZone} {faultName} {sectionName} {strandName} is a monocline that was mapped at 1:24,000 scale. Geologic studies have determined that the structure has had movement in the last <2,600,000 years and has a slip rate of >5 mm/yr."
483,fold_structure,monocline,"1:24,000","<130,000",<0.2 mm/yr,"{faultZone} {faultName} {sectionName} {strandName} is a monocline that was mapped at 1:24,000 scale. Geologic studies have determined that the structure has had movement in the last <130,000 years and has a slip rate of <0.2 mm/yr."
484,fold_structure,monocline,"1:24,000","<130,000",0.2 - 1 mm/yr,"{faultZone} {faultName} {sectionName} {strandName} is a monocline that was mapped at 1:24,000 scale. Geologic studies have determined that the structure has had movement in the last <130,000 years and has a slip rate of 0.2 - 1 mm/yr."
485,fold_structure,monocline,"1:24,000","<130,000",1 - 5 mm/yr,"{faultZone} {faultName} {sectionName} {strandName} is a monocline that was mapped at 1:24,000 scale. Geologic studies have determined that the structure has had movement in the last <130,000 years and has a slip rate of 1 - 5 mm/yr."
486,fold_structure,monocline,"1:24,000","<130,000",unspecified,"{faultZone} {faultName} {sectionName} {strandName} is a monocline that was mapped at 1:24,000 scale. Geologic studies have determined that the structure has had movement in the last <130,000 years and has a slip rate of unspecified."
487,fold_structure,monocline,"1:24,000","<130,000",Undetermined,"{faultZone} {faultName} {sectionName} {strandName} is a monocline that was mapped at 1:24,000 scale. Geologic studies have determined that the structure has had movement in the last <130,000 years and has a slip rate of Undetermined."
488,fold_structure,monocline,"1:24,000","<130,000",>5 mm/yr,"{faultZone} {faultName} {sectionName} {strandName} is a monocline that was mapped at 1:24,000 scale. Geologic studies have determined that the structure has had movement in the last <130,000 years and has a slip rate of >5 mm/yr."
489,fold_structure,monocline,"1:24,000","<750,000",<0.2 mm/yr,"{faultZone} {faultName} {sectionName} {strandName} is a monocline that was mapped at 1:24,000 scale. Geologic studies have determined that the structure has had movement in the last <750,000 years and has a slip rate of <0.2 mm/yr."
490,fold_structure,monocline,"1:24,000","<750,000",0.2 - 1 mm/yr,"{faultZone} {faultName} {sectionName} {strandName} is a monocline that was mapped at 1:24,000 scale. Geologic studies have determined that the structure has had movement in the last <750,000 years and has a slip rate of 0.2 - 1 mm/yr."
491,fold_structure,monocline,"1:24,000","<750,000",1 - 5 mm/yr,"{faultZone} {faultName} {sectionName} {strandName} is a monocline that was mapped at 1:24,000 scale. Geologic studies have determined that the structure has had movement in the last <750,000 years and has a slip rate of 1 - 5 mm/yr."
492,fold_structure,monocline,"1:24,000","<750,000",unspecified,"{faultZone} {faultName} {sectionName} {strandName} is a monocline that was mapped at 1:24,000 scale. Geologic studies have determined that the structure has had movement in the last <750,000 years and has a slip rate of unspecified."
493,fold_structure,monocline,"1:24,000","<750,000",Undetermined,"{faultZone} {faultName} {sectionName} {strandName} is a monocline that was mapped at 1:24,000 scale. Geologic studies have determined that the structure has had movement in the last <750,000 years and has a slip rate of Undetermined."
494,fold_structure,monocline,"1:24,000","<750,000",>5 mm/yr,"{faultZone} {faultName} {sectionName} {strandName} is a monocline that was mapped at 1:24,000 scale. Geologic studies have determined that the structure has had movement in the last <750,000 years and has a slip rate of >5 mm/yr."
495,fold_structure,monocline,"1:24,000",undetermined,<0.2 mm/yr,"{faultZone} {faultName} {sectionName} {strandName} is a monocline that was mapped at 1:24,000 scale. Geologic studies have determined that the structure has had movement in the last undetermined years and has a slip rate of <0.2 mm/yr."
496,fold_structure,monocline,"1:24,000",undetermined,0.2 - 1 mm/yr,"{faultZone} {faultName} {sectionName} {strandName} is a monocline that was mapped at 1:24,000 scale. Geologic studies have determined that the structure has had movement in the last undetermined years and has a slip rate of 0.2 - 1 mm/yr."
497,fold_structure,monocline,"1:24,000",undetermined,1 - 5 mm/yr,"{faultZone} {faultName} {sectionName} {strandName} is a monocline that was mapped at 1:24,000 scale. Geologic studies have determined that the structure has had movement in the last undetermined years and has a slip rate of 1 - 5 mm/yr."
498,fold_structure,monocline,"1:24,000",undetermined,unspecified,"{faultZone} {faultName} {sectionName} {strandName} is a monocline that was mapped at 1:24,000 scale. Geologic studies have determined that the structure has had movement in the last undetermined years and has a slip rate of unspecified."
499,fold_structure,monocline,"1:24,000",undetermined,Undetermined,"{faultZone} {faultName} {sectionName} {strandName} is a monocline that was mapped at 1:24,000 scale. Geologic studies have determined that the structure has had movement in the last undetermined years and has a slip rate of Undetermined."
500,fold_structure,monocline,"1:24,000",undetermined,>5 mm/yr,"{faultZone} {faultName} {sectionName} {strandName} is a monocline that was mapped at 1:24,000 scale. Geologic studies have determined that the structure has had movement in the last undetermined years and has a slip rate of >5 mm/yr."
501,fold_structure,monocline,"1:24,000",<150,<0.2 mm/yr,"{faultZone} {faultName} {sectionName} {strandName} is a monocline that was mapped at 1:24,000 scale. Geologic studies have determined that the structure has had movement in the last <150 years and has a slip rate of <0.2 mm/yr."
502,fold_structure,monocline,"1:24,000",<150,0.2 - 1 mm/yr,"{faultZone} {faultName} {sectionName} {strandName} is a monocline that was mapped at 1:24,000 scale. Geologic studies have determined that the structure has had movement in the last <150 years and has a slip rate of 0.2 - 1 mm/yr."
503,fold_structure,monocline,"1:24,000",<150,1 - 5 mm/yr,"{faultZone} {faultName} {sectionName} {strandName} is a monocline that was mapped at 1:24,000 scale. Geologic studies have determined that the structure has had movement in the last <150 years and has a slip rate of 1 - 5 mm/yr."
504,fold_structure,monocline,"1:24,000",<150,unspecified,"{faultZone} {faultName} {sectionName} {strandName} is a monocline that was mapped at 1:24,000 scale. Geologic studies have determined that the structure has had movement in the last <150 years and has a slip rate of unspecified."
505,fold_structure,monocline,"1:24,000",<150,Undetermined,"{faultZone} {faultName} {sectionName} {strandName} is a monocline that was mapped at 1:24,000 scale. Geologic studies have determined that the structure has had movement in the last <150 years and has a slip rate of Undetermined."
506,fold_structure,monocline,"1:24,000",<150,>5 mm/yr,"{faultZone} {faultName} {sectionName} {strandName} is a monocline that was mapped at 1:24,000 scale. Geologic studies have determined that the structure has had movement in the last <150 years and has a slip rate of >5 mm/yr."
507,fold_structure,monocline,"1:100,000","<15,000",<0.2 mm/yr,"{faultZone} {faultName} {sectionName} {strandName} is a monocline that was mapped at 1:100,000 scale. Geologic studies have determined that the structure has had movement in the last <15,000 years and has a slip rate of <0.2 mm/yr."
508,fold_structure,monocline,"1:100,000","<15,000",0.2 - 1 mm/yr,"{faultZone} {faultName} {sectionName} {strandName} is a monocline that was mapped at 1:100,000 scale. Geologic studies have determined that the structure has had movement in the last <15,000 years and has a slip rate of 0.2 - 1 mm/yr."
509,fold_structure,monocline,"1:100,000","<15,000",1 - 5 mm/yr,"{faultZone} {faultName} {sectionName} {strandName} is a monocline that was mapped at 1:100,000 scale. Geologic studies have determined that the structure has had movement in the last <15,000 years and has a slip rate of 1 - 5 mm/yr."
510,fold_structure,monocline,"1:100,000","<15,000",unspecified,"{faultZone} {faultName} {sectionName} {strandName} is a monocline that was mapped at 1:100,000 scale. Geologic studies have determined that the structure has had movement in the last <15,000 years and has a slip rate of unspecified."
511,fold_structure,monocline,"1:100,000","<15,000",Undetermined,"{faultZone} {faultName} {sectionName} {strandName} is a monocline that was mapped at 1:100,000 scale. Geologic studies have determined that the structure has had movement in the last <15,000 years and has a slip rate of Undetermined."
512,fold_structure,monocline,"1:100,000","<15,000",>5 mm/yr,"{faultZone} {faultName} {sectionName} {strandName} is a monocline that was mapped at 1:100,000 scale. Geologic studies have determined that the structure has had movement in the last <15,000 years and has a slip rate of >5 mm/yr."
513,fold_structure,monocline,"1:100,000","<2,600,000",<0.2 mm/yr,"{faultZone} {faultName} {sectionName} {strandName} is a monocline that was mapped at 1:100,000 scale. Geologic studies have determined that the structure has had movement in the last <2,600,000 years and has a slip rate of <0.2 mm/yr."
514,fold_structure,monocline,"1:100,000","<2,600,000",0.2 - 1 mm/yr,"{faultZone} {faultName} {sectionName} {strandName} is a monocline that was mapped at 1:100,000 scale. Geologic studies have determined that the structure has had movement in the last <2,600,000 years and has a slip rate of 0.2 - 1 mm/yr."
515,fold_structure,monocline,"1:100,000","<2,600,000",1 - 5 mm/yr,"{faultZone} {faultName} {sectionName} {strandName} is a monocline that was mapped at 1:100,000 scale. Geologic studies have determined that the structure has had movement in the last <2,600,000 years and has a slip rate of 1 - 5 mm/yr."
516,fold_structure,monocline,"1:100,000","<2,600,000",unspecified,"{faultZone} {faultName} {sectionName} {strandName} is a monocline that was mapped at 1:100,000 scale. Geologic studies have determined that the structure has had movement in the last <2,600,000 years and has a slip rate of unspecified."
517,fold_structure,monocline,"1:100,000","<2,600,000",Undetermined,"{faultZone} {faultName} {sectionName} {strandName} is a monocline that was mapped at 1:100,000 scale. Geologic studies have determined that the structure has had movement in the last <2,600,000 years and has a slip rate of Undetermined."
518,fold_structure,monocline,"1:100,000","<2,600,000",>5 mm/yr,"{faultZone} {faultName} {sectionName} {strandName} is a monocline that was mapped at 1:100,000 scale. Geologic studies have determined that the structure has had movement in the last <2,600,000 years and has a slip rate of >5 mm/yr."
519,fold_structure,monocline,"1:100,000","<130,000",<0.2 mm/yr,"{faultZone} {faultName} {sectionName} {strandName} is a monocline that was mapped at 1:100,000 scale. Geologic studies have determined that the structure has had movement in the last <130,000 years and has a slip rate of <0.2 mm/yr."
520,fold_structure,monocline,"1:100,000","<130,000",0.2 - 1 mm/yr,"{faultZone} {faultName} {sectionName} {strandName} is a monocline that was mapped at 1:100,000 scale. Geologic studies have determined that the structure has had movement in the last <130,000 years and has a slip rate of 0.2 - 1 mm/yr."
521,fold_structure,monocline,"1:100,000","<130,000",1 - 5 mm/yr,"{faultZone} {faultName} {sectionName} {strandName} is a monocline that was mapped at 1:100,000 scale. Geologic studies have determined that the structure has had movement in the last <130,000 years and has a slip rate of 1 - 5 mm/yr."
522,fold_structure,monocline,"1:100,000","<130,000",unspecified,"{faultZone} {faultName} {sectionName} {strandName} is a monocline that was mapped at 1:100,000 scale. Geologic studies have determined that the structure has had movement in the last <130,000 years and has a slip rate of unspecified."
523,fold_structure,monocline,"1:100,000","<130,000",Undetermined,"{faultZone} {faultName} {sectionName} {strandName} is a monocline that was mapped at 1:100,000 scale. Geologic studies have determined that the structure has had movement in the last <130,000 years and has a slip rate of Undetermined."
524,fold_structure,monocline,"1:100,000","<130,000",>5 mm/yr,"{faultZone} {faultName} {sectionName} {strandName} is a monocline that was mapped at 1:100,000 scale. Geologic studies have determined that the structure has had movement in the last <130,000 years and has a slip rate of >5 mm/yr."
525,fold_structure,monocline,"1:100,000","<750,000",<0.2 mm/yr,"{faultZone} {faultName} {sectionName} {strandName} is a monocline that was mapped at 1:100,000 scale. Geologic studies have determined that the structure has had movement in the last <750,000 years and has a slip rate of <0.2 mm/yr."
526,fold_structure,monocline,"1:100,000","<750,000",0.2 - 1 mm/yr,"{faultZone} {faultName} {sectionName} {strandName} is a monocline that was mapped at 1:100,000 scale. Geologic studies have determined that the structure has had movement in the last <750,000 years and has a slip rate of 0.2 - 1 mm/yr."
527,fold_structure,monocline,"1:100,000","<750,000",1 - 5 mm/yr,"{faultZone} {faultName} {sectionName} {strandName} is a monocline that was mapped at 1:100,000 scale. Geologic studies have determined that the structure has had movement in the last <750,000 years and has a slip rate of 1 - 5 mm/yr."
528,fold_structure,monocline,"1:100,000","<750,000",unspecified,"{faultZone} {faultName} {sectionName} {strandName} is a monocline that was mapped at 1:100,000 scale. Geologic studies have determined that the structure has had movement in the last <750,000 years and has a slip rate of unspecified."
529,fold_structure,monocline,"1:100,000","<750,000",Undetermined,"{faultZone} {faultName} {sectionName} {strandName} is a monocline that was mapped at 1:100,000 scale. Geologic studies have determined that the structure has had movement in the last <750,000 years and has a slip rate of Undetermined."
530,fold_structure,monocline,"1:100,000","<750,000",>5 mm/yr,"{faultZone} {faultName} {sectionName} {strandName} is a monocline that was mapped at 1:100,000 scale. Geologic studies have determined that the structure has had movement in the last <750,000 years and has a slip rate of >5 mm/yr."
531,fold_structure,monocline,"1:100,000",undetermined,<0.2 mm/yr,"{faultZone} {faultName} {sectionName} {strandName} is a monocline that was mapped at 1:100,000 scale. Geologic studies have determined that the structure has had movement in the last undetermined years and has a slip rate of <0.2 mm/yr."
532,fold_structure,monocline,"1:100,000",undetermined,0.2 - 1 mm/yr,"{faultZone} {faultName} {sectionName} {strandName} is a monocline that was mapped at 1:100,000 scale. Geologic studies have determined that the structure has had movement in the last undetermined years and has a slip rate of 0.2 - 1 mm/yr."
533,fold_structure,monocline,"1:100,000",undetermined,1 - 5 mm/yr,"{faultZone} {faultName} {sectionName} {strandName} is a monocline that was mapped at 1:100,000 scale. Geologic studies have determined that the structure has had movement in the last undetermined years and has a slip rate of 1 - 5 mm/yr."
534,fold_structure,monocline,"1:100,000",undetermined,unspecified,"{faultZone} {faultName} {sectionName} {strandName} is a monocline that was mapped at 1:100,000 scale. Geologic studies have determined that the structure has had movement in the last undetermined years and has a slip rate of unspecified."
535,fold_structure,monocline,"1:100,000",undetermined,Undetermined,"{faultZone} {faultName} {sectionName} {strandName} is a monocline that was mapped at 1:100,000 scale. Geologic studies have determined that the structure has had movement in the last undetermined years and has a slip rate of Undetermined."
536,fold_structure,monocline,"1:100,000",undetermined,>5 mm/yr,"{faultZone} {faultName} {sectionName} {strandName} is a monocline that was mapped at 1:100,000 scale. Geologic studies have determined that the structure has had movement in the last undetermined years and has a slip rate of >5 mm/yr."
537,fold_structure,monocline,"1:100,000",<150,<0.2 mm/yr,"{faultZone} {faultName} {sectionName} {strandName} is a monocline that was mapped at 1:100,000 scale. Geologic studies have determined that the structure has had movement in the last <150 years and has a slip rate of <0.2 mm/yr."
538,fold_structure,monocline,"1:100,000",<150,0.2 - 1 mm/yr,"{faultZone} {faultName} {sectionName} {strandName} is a monocline that was mapped at 1:100,000 scale. Geologic studies have determined that the structure has had movement in the last <150 years and has a slip rate of 0.2 - 1 mm/yr."
539,fold_structure,monocline,"1:100,000",<150,1 - 5 mm/yr,"{faultZone} {faultName} {sectionName} {strandName} is a monocline that was mapped at 1:100,000 scale. Geologic studies have determined that the structure has had movement in the last <150 years and has a slip rate of 1 - 5 mm/yr."
540,fold_structure,monocline,"1:100,000",<150,unspecified,"{faultZone} {faultName} {sectionName} {strandName} is a monocline that was mapped at 1:100,000 scale. Geologic studies have determined that the structure has had movement in the last <150 years and has a slip rate of unspecified."
541,fold_structure,monocline,"1:100,000",<150,Undetermined,"{faultZone} {faultName} {sectionName} {strandName} is a monocline that was mapped at 1:100,000 scale. Geologic studies have determined that the structure has had movement in the last <150 years and has a slip rate of Undetermined."
542,fold_structure,monocline,"1:100,000",<150,>5 mm/yr,"{faultZone} {faultName} {sectionName} {strandName} is a monocline that was mapped at 1:100,000 scale. Geologic studies have determined that the structure has had movement in the last <150 years and has a slip rate of >5 mm/yr."
543,fold_structure,monocline,"1:250,000","<15,000",<0.2 mm/yr,"{faultZone} {faultName} {sectionName} {strandName} is a monocline that was mapped at 1:250,000 scale. Geologic studies have determined that the structure has had movement in the last <15,000 years and has a slip rate of <0.2 mm/yr."
544,fold_structure,monocline,"1:250,000","<15,000",0.2 - 1 mm/yr,"{faultZone} {faultName} {sectionName} {strandName} is a monocline that was mapped at 1:250,000 scale. Geologic studies have determined that the structure has had movement in the last <15,000 years and has a slip rate of 0.2 - 1 mm/yr."
545,fold_structure,monocline,"1:250,000","<15,000",1 - 5 mm/yr,"{faultZone} {faultName} {sectionName} {strandName} is a monocline that was mapped at 1:250,000 scale. Geologic studies have determined that the structure has had movement in the last <15,000 years and has a slip rate of 1 - 5 mm/yr."
546,fold_structure,monocline,"1:250,000","<15,000",unspecified,"{faultZone} {faultName} {sectionName} {strandName} is a monocline that was mapped at 1:250,000 scale. Geologic studies have determined that the structure has had movement in the last <15,000 years and has a slip rate of unspecified."
547,fold_structure,monocline,"1:250,000","<15,000",Undetermined,"{faultZone} {faultName} {sectionName} {strandName} is a monocline that was mapped at 1:250,000 scale. Geologic studies have determined that the structure has had movement in the last <15,000 years and has a slip rate of Undetermined."
548,fold_structure,monocline,"1:250,000","<15,000",>5 mm/yr,"{faultZone} {faultName} {sectionName} {strandName} is a monocline that was mapped at 1:250,000 scale. Geologic studies have determined that the structure has had movement in the last <15,000 years and has a slip rate of >5 mm/yr."
549,fold_structure,monocline,"1:250,000","<2,600,000",<0.2 mm/yr,"{faultZone} {faultName} {sectionName} {strandName} is a monocline that was mapped at 1:250,000 scale. Geologic studies have determined that the structure has had movement in the last <2,600,000 years and has a slip rate of <0.2 mm/yr."
550,fold_structure,monocline,"1:250,000","<2,600,000",0.2 - 1 mm/yr,"{faultZone} {faultName} {sectionName} {strandName} is a monocline that was mapped at 1:250,000 scale. Geologic studies have determined that the structure has had movement in the last <2,600,000 years and has a slip rate of 0.2 - 1 mm/yr."
551,fold_structure,monocline,"1:250,000","<2,600,000",1 - 5 mm/yr,"{faultZone} {faultName} {sectionName} {strandName} is a monocline that was mapped at 1:250,000 scale. Geologic studies have determined that the structure has had movement in the last <2,600,000 years and has a slip rate of 1 - 5 mm/yr."
552,fold_structure,monocline,"1:250,000","<2,600,000",unspecified,"{faultZone} {faultName} {sectionName} {strandName} is a monocline that was mapped at 1:250,000 scale. Geologic studies have determined that the structure has had movement in the last <2,600,000 years and has a slip rate of unspecified."
553,fold_structure,monocline,"1:250,000","<2,600,000",Undetermined,"{faultZone} {faultName} {sectionName} {strandName} is a monocline that was mapped at 1:250,000 scale. Geologic studies have determined that the structure has had movement in the last <2,600,000 years and has a slip rate of Undetermined."
554,fold_structure,monocline,"1:250,000","<2,600,000",>5 mm/yr,"{faultZone} {faultName} {sectionName} {strandName} is a monocline that was mapped at 1:250,000 scale. Geologic studies have determined that the structure has had movement in the last <2,600,000 years and has a slip rate of >5 mm/yr."
555,fold_structure,monocline,"1:250,000","<130,000",<0.2 mm/yr,"{faultZone} {faultName} {sectionName} {strandName} is a monocline that was mapped at 1:250,000 scale. Geologic studies have determined that the structure has had movement in the last <130,000 years and has a slip rate of <0.2 mm/yr."
556,fold_structure,monocline,"1:250,000","<130,000",0.2 - 1 mm/yr,"{faultZone} {faultName} {sectionName} {strandName} is a monocline that was mapped at 1:250,000 scale. Geologic studies have determined that the structure has had movement in the last <130,000 years and has a slip rate of 0.2 - 1 mm/yr."
557,fold_structure,monocline,"1:250,000","<130,000",1 - 5 mm/yr,"{faultZone} {faultName} {sectionName} {strandName} is a monocline that was mapped at 1:250,000 scale. Geologic studies have determined that the structure has had movement in the last <130,000 years and has a slip rate of 1 - 5 mm/yr."
558,fold_structure,monocline,"1:250,000","<130,000",unspecified,"{faultZone} {faultName} {sectionName} {strandName} is a monocline that was mapped at 1:250,000 scale. Geologic studies have determined that the structure has had movement in the last <130,000 years and has a slip rate of unspecified."
559,fold_structure,monocline,"1:250,000","<130,000",Undetermined,"{faultZone} {faultName} {sectionName} {strandName} is a monocline that was mapped at 1:250,000 scale. Geologic studies have determined that the structure has had movement in the last <130,000 years and has a slip rate of Undetermined."
560,fold_structure,monocline,"1:250,000","<130,000",>5 mm/yr,"{faultZone} {faultName} {sectionName} {strandName} is a monocline that was mapped at 1:250,000 scale. Geologic studies have determined that the structure has had movement in the last <130,000 years and has a slip rate of >5 mm/yr."
561,fold_structure,monocline,"1:250,000","<750,000",<0.2 mm/yr,"{faultZone} {faultName} {sectionName} {strandName} is a monocline that was mapped at 1:250,000 scale. Geologic studies have determined that the structure has had movement in the last <750,000 years and has a slip rate of <0.2 mm/yr."
562,fold_structure,monocline,"1:250,000","<750,000",0.2 - 1 mm/yr,"{faultZone} {faultName} {sectionName} {strandName} is a monocline that was mapped at 1:250,000 scale. Geologic studies have determined that the structure has had movement in the last <750,000 years and has a slip rate of 0.2 - 1 mm/yr."
563,fold_structure,monocline,"1:250,000","<750,000",1 - 5 mm/yr,"{faultZone} {faultName} {sectionName} {strandName} is a monocline that was mapped at 1:250,000 scale. Geologic studies have determined that the structure has had movement in the last <750,000 years and has a slip rate of 1 - 5 mm/yr."
564,fold_structure,monocline,"1:250,000","<750,000",unspecified,"{faultZone} {faultName} {sectionName} {strandName} is a monocline that was mapped at 1:250,000 scale. Geologic studies have determined that the structure has had movement in the last <750,000 years and has a slip rate of unspecified."
565,fold_structure,monocline,"1:250,000","<750,000",Undetermined,"{faultZone} {faultName} {sectionName} {strandName} is a monocline that was mapped at 1:250,000 scale. Geologic studies have determined that the structure has had movement in the last <750,000 years and has a slip rate of Undetermined."
566,fold_structure,monocline,"1:250,000","<750,000",>5 mm/yr,"{faultZone} {faultName} {sectionName} {strandName} is a monocline that was mapped at 1:250,000 scale. Geologic studies have determined that the structure has had movement in the last <750,000 years and has a slip rate of >5 mm/yr."
567,fold_structure,monocline,"1:250,000",undetermined,<0.2 mm/yr,"{faultZone} {faultName} {sectionName} {strandName} is a monocline that was mapped at 1:250,000 scale. Geologic studies have determined that the structure has had movement in the last undetermined years and has a slip rate of <0.2 mm/yr."
568,fold_structure,monocline,"1:250,000",undetermined,0.2 - 1 mm/yr,"{faultZone} {faultName} {sectionName} {strandName} is a monocline that was mapped at 1:250,000 scale. Geologic studies have determined that the structure has had movement in the last undetermined years and has a slip rate of 0.2 - 1 mm/yr."
569,fold_structure,monocline,"1:250,000",undetermined,1 - 5 mm/yr,"{faultZone} {faultName} {sectionName} {strandName} is a monocline that was mapped at 1:250,000 scale. Geologic studies have determined that the structure has had movement in the last undetermined years and has a slip rate of 1 - 5 mm/yr."
570,fold_structure,monocline,"1:250,000",undetermined,unspecified,"{faultZone} {faultName} {sectionName} {strandName} is a monocline that was mapped at 1:250,000 scale. Geologic studies have determined that the structure has had movement in the last undetermined years and has a slip rate of unspecified."
571,fold_structure,monocline,"1:250,000",undetermined,Undetermined,"{faultZone} {faultName} {sectionName} {strandName} is a monocline that was mapped at 1:250,000 scale. Geologic studies have determined that the structure has had movement in the last undetermined years and has a slip rate of Undetermined."
572,fold_structure,monocline,"1:250,000",undetermined,>5 mm/yr,"{faultZone} {faultName} {sectionName} {strandName} is a monocline that was mapped at 1:250,000 scale. Geologic studies have determined that the structure has had movement in the last undetermined years and has a slip rate of >5 mm/yr."
573,fold_structure,monocline,"1:250,000",<150,<0.2 mm/yr,"{faultZone} {faultName} {sectionName} {strandName} is a monocline that was mapped at 1:250,000 scale. Geologic studies have determined that the structure has had movement in the last <150 years and has a slip rate of <0.2 mm/yr."
574,fold_structure,monocline,"1:250,000",<150,0.2 - 1 mm/yr,"{faultZone} {faultName} {sectionName} {strandName} is a monocline that was mapped at 1:250,000 scale. Geologic studies have determined that the structure has had movement in the last <150 years and has a slip rate of 0.2 - 1 mm/yr."
575,fold_structure,monocline,"1:250,000",<150,1 - 5 mm/yr,"{faultZone} {faultName} {sectionName} {strandName} is a monocline that was mapped at 1:250,000 scale. Geologic studies have determined that the structure has had movement in the last <150 years and has a slip rate of 1 - 5 mm/yr."
576,fold_structure,monocline,"1:250,000",<150,unspecified,"{faultZone} {faultName} {sectionName} {strandName} is a monocline that was mapped at 1:250,000 scale. Geologic studies have determined that the structure has had movement in the last <150 years and has a slip rate of unspecified."
577,fold_structure,monocline,"1:250,000",<150,Undetermined,"{faultZone} {faultName} {sectionName} {strandName} is a monocline that was mapped at 1:250,000 scale. Geologic studies have determined that the structure has had movement in the last <150 years and has a slip rate of Undetermined."
578,fold_structure,monocline,"1:250,000",<150,>5 mm/yr,"{faultZone} {faultName} {sectionName} {strandName} is a monocline that was mapped at 1:250,000 scale. Geologic studies have determined that the structure has had movement in the last <150 years and has a slip rate of >5 mm/yr."
579,fold_structure,monocline,"1:62,500","<15,000",<0.2 mm/yr,"{faultZone} {faultName} {sectionName} {strandName} is a monocline that was mapped at 1:62,500 scale. Geologic studies have determined that the structure has had movement in the last <15,000 years and has a slip rate of <0.2 mm/yr."
580,fold_structure,monocline,"1:62,500","<15,000",0.2 - 1 mm/yr,"{faultZone} {faultName} {sectionName} {strandName} is a monocline that was mapped at 1:62,500 scale. Geologic studies have determined that the structure has had movement in the last <15,000 years and has a slip rate of 0.2 - 1 mm/yr."
581,fold_structure,monocline,"1:62,500","<15,000",1 - 5 mm/yr,"{faultZone} {faultName} {sectionName} {strandName} is a monocline that was mapped at 1:62,500 scale. Geologic studies have determined that the structure has had movement in the last <15,000 years and has a slip rate of 1 - 5 mm/yr."
582,fold_structure,monocline,"1:62,500","<15,000",unspecified,"{faultZone} {faultName} {sectionName} {strandName} is a monocline that was mapped at 1:62,500 scale. Geologic studies have determined that the structure has had movement in the last <15,000 years and has a slip rate of unspecified."
583,fold_structure,monocline,"1:62,500","<15,000",Undetermined,"{faultZone} {faultName} {sectionName} {strandName} is a monocline that was mapped at 1:62,500 scale. Geologic studies have determined that the structure has had movement in the last <15,000 years and has a slip rate of Undetermined."
584,fold_structure,monocline,"1:62,500","<15,000",>5 mm/yr,"{faultZone} {faultName} {sectionName} {strandName} is a monocline that was mapped at 1:62,500 scale. Geologic studies have determined that the structure has had movement in the last <15,000 years and has a slip rate of >5 mm/yr."
585,fold_structure,monocline,"1:62,500","<2,600,000",<0.2 mm/yr,"{faultZone} {faultName} {sectionName} {strandName} is a monocline that was mapped at 1:62,500 scale. Geologic studies have determined that the structure has had movement in the last <2,600,000 years and has a slip rate of <0.2 mm/yr."
586,fold_structure,monocline,"1:62,500","<2,600,000",0.2 - 1 mm/yr,"{faultZone} {faultName} {sectionName} {strandName} is a monocline that was mapped at 1:62,500 scale. Geologic studies have determined that the structure has had movement in the last <2,600,000 years and has a slip rate of 0.2 - 1 mm/yr."
587,fold_structure,monocline,"1:62,500","<2,600,000",1 - 5 mm/yr,"{faultZone} {faultName} {sectionName} {strandName} is a monocline that was mapped at 1:62,500 scale. Geologic studies have determined that the structure has had movement in the last <2,600,000 years and has a slip rate of 1 - 5 mm/yr."
588,fold_structure,monocline,"1:62,500","<2,600,000",unspecified,"{faultZone} {faultName} {sectionName} {strandName} is a monocline that was mapped at 1:62,500 scale. Geologic studies have determined that the structure has had movement in the last <2,600,000 years and has a slip rate of unspecified."
589,fold_structure,monocline,"1:62,500","<2,600,000",Undetermined,"{faultZone} {faultName} {sectionName} {strandName} is a monocline that was mapped at 1:62,500 scale. Geologic studies have determined that the structure has had movement in the last <2,600,000 years and has a slip rate of Undetermined."
590,fold_structure,monocline,"1:62,500","<2,600,000",>5 mm/yr,"{faultZone} {faultName} {sectionName} {strandName} is a monocline that was mapped at 1:62,500 scale. Geologic studies have determined that the structure has had movement in the last <2,600,000 years and has a slip rate of >5 mm/yr."
591,fold_structure,monocline,"1:62,500","<130,000",<0.2 mm/yr,"{faultZone} {faultName} {sectionName} {strandName} is a monocline that was mapped at 1:62,500 scale. Geologic studies have determined that the structure has had movement in the last <130,000 years and has a slip rate of <0.2 mm/yr."
592,fold_structure,monocline,"1:62,500","<130,000",0.2 - 1 mm/yr,"{faultZone} {faultName} {sectionName} {strandName} is a monocline that was mapped at 1:62,500 scale. Geologic studies have determined that the structure has had movement in the last <130,000 years and has a slip rate of 0.2 - 1 mm/yr."
593,fold_structure,monocline,"1:62,500","<130,000",1 - 5 mm/yr,"{faultZone} {faultName} {sectionName} {strandName} is a monocline that was mapped at 1:62,500 scale. Geologic studies have determined that the structure has had movement in the last <130,000 years and has a slip rate of 1 - 5 mm/yr."
594,fold_structure,monocline,"1:62,500","<130,000",unspecified,"{faultZone} {faultName} {sectionName} {strandName} is a monocline that was mapped at 1:62,500 scale. Geologic studies have determined that the structure has had movement in the last <130,000 years and has a slip rate of unspecified."
595,fold_structure,monocline,"1:62,500","<130,000",Undetermined,"{faultZone} {faultName} {sectionName} {strandName} is a monocline that was mapped at 1:62,500 scale. Geologic studies have determined that the structure has had movement in the last <130,000 years and has a slip rate of Undetermined."
596,fold_structure,monocline,"1:62,500","<130,000",>5 mm/yr,"{faultZone} {faultName} {sectionName} {strandName} is a monocline that was mapped at 1:62,500 scale. Geologic studies have determined that the structure has had movement in the last <130,000 years and has a slip rate of >5 mm/yr."
597,fold_structure,monocline,"1:62,500","<750,000",<0.2 mm/yr,"{faultZone} {faultName} {sectionName} {strandName} is a monocline that was mapped at 1:62,500 scale. Geologic studies have determined that the structure has had movement in the last <750,000 years and has a slip rate of <0.2 mm/yr."
598,fold_structure,monocline,"1:62,500","<750,000",0.2 - 1 mm/yr,"{faultZone} {faultName} {sectionName} {strandName} is a monocline that was mapped at 1:62,500 scale. Geologic studies have determined that the structure has had movement in the last <750,000 years and has a slip rate of 0.2 - 1 mm/yr."
599,fold_structure,monocline,"1:62,500","<750,000",1 - 5 mm/yr,"{faultZone} {faultName} {sectionName} {strandName} is a monocline that was mapped at 1:62,500 scale. Geologic studies have determined that the structure has had movement in the last <750,000 years and has a slip rate of 1 - 5 mm/yr."
600,fold_structure,monocline,"1:62,500","<750,000",unspecified,"{faultZone} {faultName} {sectionName} {strandName} is a monocline that was mapped at 1:62,500 scale. Geologic studies have determined that the structure has had movement in the last <750,000 years and has a slip rate of unspecified."
601,fold_structure,monocline,"1:62,500","<750,000",Undetermined,"{faultZone} {faultName} {sectionName} {strandName} is a monocline that was mapped at 1:62,500 scale. Geologic studies have determined that the structure has had movement in the last <750,000 years and has a slip rate of Undetermined."
602,fold_structure,monocline,"1:62,500","<750,000",>5 mm/yr,"{faultZone} {faultName} {sectionName} {strandName} is a monocline that was mapped at 1:62,500 scale. Geologic studies have determined that the structure has had movement in the last <750,000 years and has a slip rate of >5 mm/yr."
603,fold_structure,monocline,"1:62,500",undetermined,<0.2 mm/yr,"{faultZone} {faultName} {sectionName} {strandName} is a monocline that was mapped at 1:62,500 scale. Geologic studies have determined that the structure has had movement in the last undetermined years and has a slip rate of <0.2 mm/yr."
604,fold_structure,monocline,"1:62,500",undetermined,0.2 - 1 mm/yr,"{faultZone} {faultName} {sectionName} {strandName} is a monocline that was mapped at 1:62,500 scale. Geologic studies have determined that the structure has had movement in the last undetermined years and has a slip rate of 0.2 - 1 mm/yr."
605,fold_structure,monocline,"1:62,500",undetermined,1 - 5 mm/yr,"{faultZone} {faultName} {sectionName} {strandName} is a monocline that was mapped at 1:62,500 scale. Geologic studies have determined that the structure has had movement in the last undetermined years and has a slip rate of 1 - 5 mm/yr."
606,fold_structure,monocline,"1:62,500",undetermined,unspecified,"{faultZone} {faultName} {sectionName} {strandName} is a monocline that was mapped at 1:62,500 scale. Geologic studies have determined that the structure has had movement in the last undetermined years and has a slip rate of unspecified."
607,fold_structure,monocline,"1:62,500",undetermined,Undetermined,"{faultZone} {faultName} {sectionName} {strandName} is a monocline that was mapped at 1:62,500 scale. Geologic studies have determined that the structure has had movement in the last undetermined years and has a slip rate of Undetermined."
608,fold_structure,monocline,"1:62,500",undetermined,>5 mm/yr,"{faultZone} {faultName} {sectionName} {strandName} is a monocline that was mapped at 1:62,500 scale. Geologic studies have determined that the structure has had movement in the last undetermined years and has a slip rate of >5 mm/yr."
609,fold_structure,monocline,"1:62,500",<150,<0.2 mm/yr,"{faultZone} {faultName} {sectionName} {strandName} is a monocline that was mapped at 1:62,500 scale. Geologic studies have determined that the structure has had movement in the last <150 years and has a slip rate of <0.2 mm/yr."
610,fold_structure,monocline,"1:62,500",<150,0.2 - 1 mm/yr,"{faultZone} {faultName} {sectionName} {strandName} is a monocline that was mapped at 1:62,500 scale. Geologic studies have determined that the structure has had movement in the last <150 years and has a slip rate of 0.2 - 1 mm/yr."
611,fold_structure,monocline,"1:62,500",<150,1 - 5 mm/yr,"{faultZone} {faultName} {sectionName} {strandName} is a monocline that was mapped at 1:62,500 scale. Geologic studies have determined that the structure has had movement in the last <150 years and has a slip rate of 1 - 5 mm/yr."
612,fold_structure,monocline,"1:62,500",<150,unspecified,"{faultZone} {faultName} {sectionName} {strandName} is a monocline that was mapped at 1:62,500 scale. Geologic studies have determined that the structure has had movement in the last <150 years and has a slip rate of unspecified."
613,fold_structure,monocline,"1:62,500",<150,Undetermined,"{faultZone} {faultName} {sectionName} {strandName} is a monocline that was mapped at 1:62,500 scale. Geologic studies have determined that the structure has had movement in the last <150 years and has a slip rate of Undetermined."
614,fold_structure,monocline,"1:62,500",<150,>5 mm/yr,"{faultZone} {faultName} {sectionName} {strandName} is a monocline that was mapped at 1:62,500 scale. Geologic studies have determined that the structure has had movement in the last <150 years and has a slip rate of >5 mm/yr."
615,fold_structure,monocline,"1:125,000","<15,000",<0.2 mm/yr,"{faultZone} {faultName} {sectionName} {strandName} is a monocline that was mapped at 1:125,000 scale. Geologic studies have determined that the structure has had movement in the last <15,000 years and has a slip rate of <0.2 mm/yr."
616,fold_structure,monocline,"1:125,000","<15,000",0.2 - 1 mm/yr,"{faultZone} {faultName} {sectionName} {strandName} is a monocline that was mapped at 1:125,000 scale. Geologic studies have determined that the structure has had movement in the last <15,000 years and has a slip rate of 0.2 - 1 mm/yr."
617,fold_structure,monocline,"1:125,000","<15,000",1 - 5 mm/yr,"{faultZone} {faultName} {sectionName} {strandName} is a monocline that was mapped at 1:125,000 scale. Geologic studies have determined that the structure has had movement in the last <15,000 years and has a slip rate of 1 - 5 mm/yr."
618,fold_structure,monocline,"1:125,000","<15,000",unspecified,"{faultZone} {faultName} {sectionName} {strandName} is a monocline that was mapped at 1:125,000 scale. Geologic studies have determined that the structure has had movement in the last <15,000 years and has a slip rate of unspecified."
619,fold_structure,monocline,"1:125,000","<15,000",Undetermined,"{faultZone} {faultName} {sectionName} {strandName} is a monocline that was mapped at 1:125,000 scale. Geologic studies have determined that the structure has had movement in the last <15,000 years and has a slip rate of Undetermined."
620,fold_structure,monocline,"1:125,000","<15,000",>5 mm/yr,"{faultZone} {faultName} {sectionName} {strandName} is a monocline that was mapped at 1:125,000 scale. Geologic studies have determined that the structure has had movement in the last <15,000 years and has a slip rate of >5 mm/yr."
621,fold_structure,monocline,"1:125,000","<2,600,000",<0.2 mm/yr,"{faultZone} {faultName} {sectionName} {strandName} is a monocline that was mapped at 1:125,000 scale. Geologic studies have determined that the structure has had movement in the last <2,600,000 years and has a slip rate of <0.2 mm/yr."
622,fold_structure,monocline,"1:125,000","<2,600,000",0.2 - 1 mm/yr,"{faultZone} {faultName} {sectionName} {strandName} is a monocline that was mapped at 1:125,000 scale. Geologic studies have determined that the structure has had movement in the last <2,600,000 years and has a slip rate of 0.2 - 1 mm/yr."
623,fold_structure,monocline,"1:125,000","<2,600,000",1 - 5 mm/yr,"{faultZone} {faultName} {sectionName} {strandName} is a monocline that was mapped at 1:125,000 scale. Geologic studies have determined that the structure has had movement in the last <2,600,000 years and has a slip rate of 1 - 5 mm/yr."
624,fold_structure,monocline,"1:125,000","<2,600,000",unspecified,"{faultZone} {faultName} {sectionName} {strandName} is a monocline that was mapped at 1:125,000 scale. Geologic studies have determined that the structure has had movement in the last <2,600,000 years and has a slip rate of unspecified."
625,fold_structure,monocline,"1:125,000","<2,600,000",Undetermined,"{faultZone} {faultName} {sectionName} {strandName} is a monocline that was mapped at 1:125,000 scale. Geologic studies have determined that the structure has had movement in the last <2,600,000 years and has a slip rate of Undetermined."
626,fold_structure,monocline,"1:125,000","<2,600,000",>5 mm/yr,"{faultZone} {faultName} {sectionName} {strandName} is a monocline that was mapped at 1:125,000 scale. Geologic studies have determined that the structure has had movement in the last <2,600,000 years and has a slip rate of >5 mm/yr."
627,fold_structure,monocline,"1:125,000","<130,000",<0.2 mm/yr,"{faultZone} {faultName} {sectionName} {strandName} is a monocline that was mapped at 1:125,000 scale. Geologic studies have determined that the structure has had movement in the last <130,000 years and has a slip rate of <0.2 mm/yr."
628,fold_structure,monocline,"1:125,000","<130,000",0.2 - 1 mm/yr,"{faultZone} {faultName} {sectionName} {strandName} is a monocline that was mapped at 1:125,000 scale. Geologic studies have determined that the structure has had movement in the last <130,000 years and has a slip rate of 0.2 - 1 mm/yr."
629,fold_structure,monocline,"1:125,000","<130,000",1 - 5 mm/yr,"{faultZone} {faultName} {sectionName} {strandName} is a monocline that was mapped at 1:125,000 scale. Geologic studies have determined that the structure has had movement in the last <130,000 years and has a slip rate of 1 - 5 mm/yr."
630,fold_structure,monocline,"1:125,000","<130,000",unspecified,"{faultZone} {faultName} {sectionName} {strandName} is a monocline that was mapped at 1:125,000 scale. Geologic studies have determined that the structure has had movement in the last <130,000 years and has a slip rate of unspecified."
631,fold_structure,monocline,"1:125,000","<130,000",Undetermined,"{faultZone} {faultName} {sectionName} {strandName} is a monocline that was mapped at 1:125,000 scale. Geologic studies have determined that the structure has had movement in the last <130,000 years and has a slip rate of Undetermined."
632,fold_structure,monocline,"1:125,000","<130,000",>5 mm/yr,"{faultZone} {faultName} {sectionName} {strandName} is a monocline that was mapped at 1:125,000 scale. Geologic studies have determined that the structure has had movement in the last <130,000 years and has a slip rate of >5 mm/yr."
633,fold_structure,monocline,"1:125,000","<750,000",<0.2 mm/yr,"{faultZone} {faultName} {sectionName} {strandName} is a monocline that was mapped at 1:125,000 scale. Geologic studies have determined that the structure has had movement in the last <750,000 years and has a slip rate of <0.2 mm/yr."
634,fold_structure,monocline,"1:125,000","<750,000",0.2 - 1 mm/yr,"{faultZone} {faultName} {sectionName} {strandName} is a monocline that was mapped at 1:125,000 scale. Geologic studies have determined that the structure has had movement in the last <750,000 years and has a slip rate of 0.2 - 1 mm/yr."
635,fold_structure,monocline,"1:125,000","<750,000",1 - 5 mm/yr,"{faultZone} {faultName} {sectionName} {strandName} is a monocline that was mapped at 1:125,000 scale. Geologic studies have determined that the structure has had movement in the last <750,000 years and has a slip rate of 1 - 5 mm/yr."
636,fold_structure,monocline,"1:125,000","<750,000",unspecified,"{faultZone} {faultName} {sectionName} {strandName} is a monocline that was mapped at 1:125,000 scale. Geologic studies have determined that the structure has had movement in the last <750,000 years and has a slip rate of unspecified."
637,fold_structure,monocline,"1:125,000","<750,000",Undetermined,"{faultZone} {faultName} {sectionName} {strandName} is a monocline that was mapped at 1:125,000 scale. Geologic studies have determined that the structure has had movement in the last <750,000 years and has a slip rate of Undetermined."
638,fold_structure,monocline,"1:125,000","<750,000",>5 mm/yr,"{faultZone} {faultName} {sectionName} {strandName} is a monocline that was mapped at 1:125,000 scale. Geologic studies have determined that the structure has had movement in the last <750,000 years and has a slip rate of >5 mm/yr."
639,fold_structure,monocline,"1:125,000",undetermined,<0.2 mm/yr,"{faultZone} {faultName} {sectionName} {strandName} is a monocline that was mapped at 1:125,000 scale. Geologic studies have determined that the structure has had movement in the last undetermined years and has a slip rate of <0.2 mm/yr."
640,fold_structure,monocline,"1:125,000",undetermined,0.2 - 1 mm/yr,"{faultZone} {faultName} {sectionName} {strandName} is a monocline that was mapped at 1:125,000 scale. Geologic studies have determined that the structure has had movement in the last undetermined years and has a slip rate of 0.2 - 1 mm/yr."
641,fold_structure,monocline,"1:125,000",undetermined,1 - 5 mm/yr,"{faultZone} {faultName} {sectionName} {strandName} is a monocline that was mapped at 1:125,000 scale. Geologic studies have determined that the structure has had movement in the last undetermined years and has a slip rate of 1 - 5 mm/yr."
642,fold_structure,monocline,"1:125,000",undetermined,unspecified,"{faultZone} {faultName} {sectionName} {strandName} is a monocline that was mapped at 1:125,000 scale. Geologic studies have determined that the structure has had movement in the last undetermined years and has a slip rate of unspecified."
643,fold_structure,monocline,"1:125,000",undetermined,Undetermined,"{faultZone} {faultName} {sectionName} {strandName} is a monocline that was mapped at 1:125,000 scale. Geologic studies have determined that the structure has had movement in the last undetermined years and has a slip rate of Undetermined."
644,fold_structure,monocline,"1:125,000",undetermined,>5 mm/yr,"{faultZone} {faultName} {sectionName} {strandName} is a monocline that was mapped at 1:125,000 scale. Geologic studies have determined that the structure has had movement in the last undetermined years and has a slip rate of >5 mm/yr."
645,fold_structure,monocline,"1:125,000",<150,<0.2 mm/yr,"{faultZone} {faultName} {sectionName} {strandName} is a monocline that was mapped at 1:125,000 scale. Geologic studies have determined that the structure has had movement in the last <150 years and has a slip rate of <0.2 mm/yr."
646,fold_structure,monocline,"1:125,000",<150,0.2 - 1 mm/yr,"{faultZone} {faultName} {sectionName} {strandName} is a monocline that was mapped at 1:125,000 scale. Geologic studies have determined that the structure has had movement in the last <150 years and has a slip rate of 0.2 - 1 mm/yr."
647,fold_structure,monocline,"1:125,000",<150,1 - 5 mm/yr,"{faultZone} {faultName} {sectionName} {strandName} is a monocline that was mapped at 1:125,000 scale. Geologic studies have determined that the structure has had movement in the last <150 years and has a slip rate of 1 - 5 mm/yr."
648,fold_structure,monocline,"1:125,000",<150,unspecified,"{faultZone} {faultName} {sectionName} {strandName} is a monocline that was mapped at 1:125,000 scale. Geologic studies have determined that the structure has had movement in the last <150 years and has a slip rate of unspecified."
649,fold_structure,monocline,"1:125,000",<150,Undetermined,"{faultZone} {faultName} {sectionName} {strandName} is a monocline that was mapped at 1:125,000 scale. Geologic studies have determined that the structure has had movement in the last <150 years and has a slip rate of Undetermined."
650,fold_structure,monocline,"1:125,000",<150,>5 mm/yr,"{faultZone} {faultName} {sectionName} {strandName} is a monocline that was mapped at 1:125,000 scale. Geologic studies have determined that the structure has had movement in the last <150 years and has a slip rate of >5 mm/yr."
651,fold_structure,monocline,"1:50,000","<15,000",<0.2 mm/yr,"{faultZone} {faultName} {sectionName} {strandName} is a monocline that was mapped at 1:50,000 scale. Geologic studies have determined that the structure has had movement in the last <15,000 years and has a slip rate of <0.2 mm/yr."
652,fold_structure,monocline,"1:50,000","<15,000",0.2 - 1 mm/yr,"{faultZone} {faultName} {sectionName} {strandName} is a monocline that was mapped at 1:50,000 scale. Geologic studies have determined that the structure has had movement in the last <15,000 years and has a slip rate of 0.2 - 1 mm/yr."
653,fold_structure,monocline,"1:50,000","<15,000",1 - 5 mm/yr,"{faultZone} {faultName} {sectionName} {strandName} is a monocline that was mapped at 1:50,000 scale. Geologic studies have determined that the structure has had movement in the last <15,000 years and has a slip rate of 1 - 5 mm/yr."
654,fold_structure,monocline,"1:50,000","<15,000",unspecified,"{faultZone} {faultName} {sectionName} {strandName} is a monocline that was mapped at 1:50,000 scale. Geologic studies have determined that the structure has had movement in the last <15,000 years and has a slip rate of unspecified."
655,fold_structure,monocline,"1:50,000","<15,000",Undetermined,"{faultZone} {faultName} {sectionName} {strandName} is a monocline that was mapped at 1:50,000 scale. Geologic studies have determined that the structure has had movement in the last <15,000 years and has a slip rate of Undetermined."
656,fold_structure,monocline,"1:50,000","<15,000",>5 mm/yr,"{faultZone} {faultName} {sectionName} {strandName} is a monocline that was mapped at 1:50,000 scale. Geologic studies have determined that the structure has had movement in the last <15,000 years and has a slip rate of >5 mm/yr."
657,fold_structure,monocline,"1:50,000","<2,600,000",<0.2 mm/yr,"{faultZone} {faultName} {sectionName} {strandName} is a monocline that was mapped at 1:50,000 scale. Geologic studies have determined that the structure has had movement in the last <2,600,000 years and has a slip rate of <0.2 mm/yr."
658,fold_structure,monocline,"1:50,000","<2,600,000",0.2 - 1 mm/yr,"{faultZone} {faultName} {sectionName} {strandName} is a monocline that was mapped at 1:50,000 scale. Geologic studies have determined that the structure has had movement in the last <2,600,000 years and has a slip rate of 0.2 - 1 mm/yr."
659,fold_structure,monocline,"1:50,000","<2,600,000",1 - 5 mm/yr,"{faultZone} {faultName} {sectionName} {strandName} is a monocline that was mapped at 1:50,000 scale. Geologic studies have determined that the structure has had movement in the last <2,600,000 years and has a slip rate of 1 - 5 mm/yr."
660,fold_structure,monocline,"1:50,000","<2,600,000",unspecified,"{faultZone} {faultName} {sectionName} {strandName} is a monocline that was mapped at 1:50,000 scale. Geologic studies have determined that the structure has had movement in the last <2,600,000 years and has a slip rate of unspecified."
661,fold_structure,monocline,"1:50,000","<2,600,000",Undetermined,"{faultZone} {faultName} {sectionName} {strandName} is a monocline that was mapped at 1:50,000 scale. Geologic studies have determined that the structure has had movement in the last <2,600,000 years and has a slip rate of Undetermined."
662,fold_structure,monocline,"1:50,000","<2,600,000",>5 mm/yr,"{faultZone} {faultName} {sectionName} {strandName} is a monocline that was mapped at 1:50,000 scale. Geologic studies have determined that the structure has had movement in the last <2,600,000 years and has a slip rate of >5 mm/yr."
663,fold_structure,monocline,"1:50,000","<130,000",<0.2 mm/yr,"{faultZone} {faultName} {sectionName} {strandName} is a monocline that was mapped at 1:50,000 scale. Geologic studies have determined that the structure has had movement in the last <130,000 years and has a slip rate of <0.2 mm/yr."
664,fold_structure,monocline,"1:50,000","<130,000",0.2 - 1 mm/yr,"{faultZone} {faultName} {sectionName} {strandName} is a monocline that was mapped at 1:50,000 scale. Geologic studies have determined that the structure has had movement in the last <130,000 years and has a slip rate of 0.2 - 1 mm/yr."
665,fold_structure,monocline,"1:50,000","<130,000",1 - 5 mm/yr,"{faultZone} {faultName} {sectionName} {strandName} is a monocline that was mapped at 1:50,000 scale. Geologic studies have determined that the structure has had movement in the last <130,000 years and has a slip rate of 1 - 5 mm/yr."
666,fold_structure,monocline,"1:50,000","<130,000",unspecified,"{faultZone} {faultName} {sectionName} {strandName} is a monocline that was mapped at 1:50,000 scale. Geologic studies have determined that the structure has had movement in the last <130,000 years and has a slip rate of unspecified."
667,fold_structure,monocline,"1:50,000","<130,000",Undetermined,"{faultZone} {faultName} {sectionName} {strandName} is a monocline that was mapped at 1:50,000 scale. Geologic studies have determined that the structure has had movement in the last <130,000 years and has a slip rate of Undetermined."
668,fold_structure,monocline,"1:50,000","<130,000",>5 mm/yr,"{faultZone} {faultName} {sectionName} {strandName} is a monocline that was mapped at 1:50,000 scale. Geologic studies have determined that the structure has had movement in the last <130,000 years and has a slip rate of >5 mm/yr."
669,fold_structure,monocline,"1:50,000","<750,000",<0.2 mm/yr,"{faultZone} {faultName} {sectionName} {strandName} is a monocline that was mapped at 1:50,000 scale. Geologic studies have determined that the structure has had movement in the last <750,000 years and has a slip rate of <0.2 mm/yr."
670,fold_structure,monocline,"1:50,000","<750,000",0.2 - 1 mm/yr,"{faultZone} {faultName} {sectionName} {strandName} is a monocline that was mapped at 1:50,000 scale. Geologic studies have determined that the structure has had movement in the last <750,000 years and has a slip rate of 0.2 - 1 mm/yr."
671,fold_structure,monocline,"1:50,000","<750,000",1 - 5 mm/yr,"{faultZone} {faultName} {sectionName} {strandName} is a monocline that was mapped at 1:50,000 scale. Geologic studies have determined that the structure has had movement in the last <750,000 years and has a slip rate of 1 - 5 mm/yr."
672,fold_structure,monocline,"1:50,000","<750,000",unspecified,"{faultZone} {faultName} {sectionName} {strandName} is a monocline that was mapped at 1:50,000 scale. Geologic studies have determined that the structure has had movement in the last <750,000 years and has a slip rate of unspecified."
673,fold_structure,monocline,"1:50,000","<750,000",Undetermined,"{faultZone} {faultName} {sectionName} {strandName} is a monocline that was mapped at 1:50,000 scale. Geologic studies have determined that the structure has had movement in the last <750,000 years and has a slip rate of Undetermined."
674,fold_structure,monocline,"1:50,000","<750,000",>5 mm/yr,"{faultZone} {faultName} {sectionName} {strandName} is a monocline that was mapped at 1:50,000 scale. Geologic studies have determined that the structure has had movement in the last <750,000 years and has a slip rate of >5 mm/yr."
675,fold_structure,monocline,"1:50,000",undetermined,<0.2 mm/yr,"{faultZone} {faultName} {sectionName} {strandName} is a monocline that was mapped at 1:50,000 scale. Geologic studies have determined that the structure has had movement in the last undetermined years and has a slip rate of <0.2 mm/yr."
676,fold_structure,monocline,"1:50,000",undetermined,0.2 - 1 mm/yr,"{faultZone} {faultName} {sectionName} {strandName} is a monocline that was mapped at 1:50,000 scale. Geologic studies have determined that the structure has had movement in the last undetermined years and has a slip rate of 0.2 - 1 mm/yr."
677,fold_structure,monocline,"1:50,000",undetermined,1 - 5 mm/yr,"{faultZone} {faultName} {sectionName} {strandName} is a monocline that was mapped at 1:50,000 scale. Geologic studies have determined that the structure has had movement in the last undetermined years and has a slip rate of 1 - 5 mm/yr."
678,fold_structure,monocline,"1:50,000",undetermined,unspecified,"{faultZone} {faultName} {sectionName} {strandName} is a monocline that was mapped at 1:50,000 scale. Geologic studies have determined that the structure has had movement in the last undetermined years and has a slip rate of unspecified."
679,fold_structure,monocline,"1:50,000",undetermined,Undetermined,"{faultZone} {faultName} {sectionName} {strandName} is a monocline that was mapped at 1:50,000 scale. Geologic studies have determined that the structure has had movement in the last undetermined years and has a slip rate of Undetermined."
680,fold_structure,monocline,"1:50,000",undetermined,>5 mm/yr,"{faultZone} {faultName} {sectionName} {strandName} is a monocline that was mapped at 1:50,000 scale. Geologic studies have determined that the structure has had movement in the last undetermined years and has a slip rate of >5 mm/yr."
681,fold_structure,monocline,"1:50,000",<150,<0.2 mm/yr,"{faultZone} {faultName} {sectionName} {strandName} is a monocline that was mapped at 1:50,000 scale. Geologic studies have determined that the structure has had movement in the last <150 years and has a slip rate of <0.2 mm/yr."
682,fold_structure,monocline,"1:50,000",<150,0.2 - 1 mm/yr,"{faultZone} {faultName} {sectionName} {strandName} is a monocline that was mapped at 1:50,000 scale. Geologic studies have determined that the structure has had movement in the last <150 years and has a slip rate of 0.2 - 1 mm/yr."
683,fold_structure,monocline,"1:50,000",<150,1 - 5 mm/yr,"{faultZone} {faultName} {sectionName} {strandName} is a monocline that was mapped at 1:50,000 scale. Geologic studies have determined that the structure has had movement in the last <150 years and has a slip rate of 1 - 5 mm/yr."
684,fold_structure,monocline,"1:50,000",<150,unspecified,"{faultZone} {faultName} {sectionName} {strandName} is a monocline that was mapped at 1:50,000 scale. Geologic studies have determined that the structure has had movement in the last <150 years and has a slip rate of unspecified."
685,fold_structure,monocline,"1:50,000",<150,Undetermined,"{faultZone} {faultName} {sectionName} {strandName} is a monocline that was mapped at 1:50,000 scale. Geologic studies have determined that the structure has had movement in the last <150 years and has a slip rate of Undetermined."
686,fold_structure,monocline,"1:50,000",<150,>5 mm/yr,"{faultZone} {faultName} {sectionName} {strandName} is a monocline that was mapped at 1:50,000 scale. Geologic studies have determined that the structure has had movement in the last <150 years and has a slip rate of >5 mm/yr."
687,fold_structure,monocline,"1:155,000","<15,000",<0.2 mm/yr,"{faultZone} {faultName} {sectionName} {strandName} is a monocline that was mapped at 1:155,000 scale. Geologic studies have determined that the structure has had movement in the last <15,000 years and has a slip rate of <0.2 mm/yr."
688,fold_structure,monocline,"1:155,000","<15,000",0.2 - 1 mm/yr,"{faultZone} {faultName} {sectionName} {strandName} is a monocline that was mapped at 1:155,000 scale. Geologic studies have determined that the structure has had movement in the last <15,000 years and has a slip rate of 0.2 - 1 mm/yr."
689,fold_structure,monocline,"1:155,000","<15,000",1 - 5 mm/yr,"{faultZone} {faultName} {sectionName} {strandName} is a monocline that was mapped at 1:155,000 scale. Geologic studies have determined that the structure has had movement in the last <15,000 years and has a slip rate of 1 - 5 mm/yr."
690,fold_structure,monocline,"1:155,000","<15,000",unspecified,"{faultZone} {faultName} {sectionName} {strandName} is a monocline that was mapped at 1:155,000 scale. Geologic studies have determined that the structure has had movement in the last <15,000 years and has a slip rate of unspecified."
691,fold_structure,monocline,"1:155,000","<15,000",Undetermined,"{faultZone} {faultName} {sectionName} {strandName} is a monocline that was mapped at 1:155,000 scale. Geologic studies have determined that the structure has had movement in the last <15,000 years and has a slip rate of Undetermined."
692,fold_structure,monocline,"1:155,000","<15,000",>5 mm/yr,"{faultZone} {faultName} {sectionName} {strandName} is a monocline that was mapped at 1:155,000 scale. Geologic studies have determined that the structure has had movement in the last <15,000 years and has a slip rate of >5 mm/yr."
693,fold_structure,monocline,"1:155,000","<2,600,000",<0.2 mm/yr,"{faultZone} {faultName} {sectionName} {strandName} is a monocline that was mapped at 1:155,000 scale. Geologic studies have determined that the structure has had movement in the last <2,600,000 years and has a slip rate of <0.2 mm/yr."
694,fold_structure,monocline,"1:155,000","<2,600,000",0.2 - 1 mm/yr,"{faultZone} {faultName} {sectionName} {strandName} is a monocline that was mapped at 1:155,000 scale. Geologic studies have determined that the structure has had movement in the last <2,600,000 years and has a slip rate of 0.2 - 1 mm/yr."
695,fold_structure,monocline,"1:155,000","<2,600,000",1 - 5 mm/yr,"{faultZone} {faultName} {sectionName} {strandName} is a monocline that was mapped at 1:155,000 scale. Geologic studies have determined that the structure has had movement in the last <2,600,000 years and has a slip rate of 1 - 5 mm/yr."
696,fold_structure,monocline,"1:155,000","<2,600,000",unspecified,"{faultZone} {faultName} {sectionName} {strandName} is a monocline that was mapped at 1:155,000 scale. Geologic studies have determined that the structure has had movement in the last <2,600,000 years and has a slip rate of unspecified."
697,fold_structure,monocline,"1:155,000","<2,600,000",Undetermined,"{faultZone} {faultName} {sectionName} {strandName} is a monocline that was mapped at 1:155,000 scale. Geologic studies have determined that the structure has had movement in the last <2,600,000 years and has a slip rate of Undetermined."
698,fold_structure,monocline,"1:155,000","<2,600,000",>5 mm/yr,"{faultZone} {faultName} {sectionName} {strandName} is a monocline that was mapped at 1:155,000 scale. Geologic studies have determined that the structure has had movement in the last <2,600,000 years and has a slip rate of >5 mm/yr."
699,fold_structure,monocline,"1:155,000","<130,000",<0.2 mm/yr,"{faultZone} {faultName} {sectionName} {strandName} is a monocline that was mapped at 1:155,000 scale. Geologic studies have determined that the structure has had movement in the last <130,000 years and has a slip rate of <0.2 mm/yr."
700,fold_structure,monocline,"1:155,000","<130,000",0.2 - 1 mm/yr,"{faultZone} {faultName} {sectionName} {strandName} is a monocline that was mapped at 1:155,000 scale. Geologic studies have determined that the structure has had movement in the last <130,000 years and has a slip rate of 0.2 - 1 mm/yr."
701,fold_structure,monocline,"1:155,000","<130,000",1 - 5 mm/yr,"{faultZone} {faultName} {sectionName} {strandName} is a monocline that was mapped at 1:155,000 scale. Geologic studies have determined that the structure has had movement in the last <130,000 years and has a slip rate of 1 - 5 mm/yr."
702,fold_structure,monocline,"1:155,000","<130,000",unspecified,"{faultZone} {faultName} {sectionName} {strandName} is a monocline that was mapped at 1:155,000 scale. Geologic studies have determined that the structure has had movement in the last <130,000 years and has a slip rate of unspecified."
703,fold_structure,monocline,"1:155,000","<130,000",Undetermined,"{faultZone} {faultName} {sectionName} {strandName} is a monocline that was mapped at 1:155,000 scale. Geologic studies have determined that the structure has had movement in the last <130,000 years and has a slip rate of Undetermined."
704,fold_structure,monocline,"1:155,000","<130,000",>5 mm/yr,"{faultZone} {faultName} {sectionName} {strandName} is a monocline that was mapped at 1:155,000 scale. Geologic studies have determined that the structure has had movement in the last <130,000 years and has a slip rate of >5 mm/yr."
705,fold_structure,monocline,"1:155,000","<750,000",<0.2 mm/yr,"{faultZone} {faultName} {sectionName} {strandName} is a monocline that was mapped at 1:155,000 scale. Geologic studies have determined that the structure has had movement in the last <750,000 years and has a slip rate of <0.2 mm/yr."
706,fold_structure,monocline,"1:155,000","<750,000",0.2 - 1 mm/yr,"{faultZone} {faultName} {sectionName} {strandName} is a monocline that was mapped at 1:155,000 scale. Geologic studies have determined that the structure has had movement in the last <750,000 years and has a slip rate of 0.2 - 1 mm/yr."
707,fold_structure,monocline,"1:155,000","<750,000",1 - 5 mm/yr,"{faultZone} {faultName} {sectionName} {strandName} is a monocline that was mapped at 1:155,000 scale. Geologic studies have determined that the structure has had movement in the last <750,000 years and has a slip rate of 1 - 5 mm/yr."
708,fold_structure,monocline,"1:155,000","<750,000",unspecified,"{faultZone} {faultName} {sectionName} {strandName} is a monocline that was mapped at 1:155,000 scale. Geologic studies have determined that the structure has had movement in the last <750,000 years and has a slip rate of unspecified."
709,fold_structure,monocline,"1:155,000","<750,000",Undetermined,"{faultZone} {faultName} {sectionName} {strandName} is a monocline that was mapped at 1:155,000 scale. Geologic studies have determined that the structure has had movement in the last <750,000 years and has a slip rate of Undetermined."
710,fold_structure,monocline,"1:155,000","<750,000",>5 mm/yr,"{faultZone} {faultName} {sectionName} {strandName} is a monocline that was mapped at 1:155,000 scale. Geologic studies have determined that the structure has had movement in the last <750,000 years and has a slip rate of >5 mm/yr."
711,fold_structure,monocline,"1:155,000",undetermined,<0.2 mm/yr,"{faultZone} {faultName} {sectionName} {strandName} is a monocline that was mapped at 1:155,000 scale. Geologic studies have determined that the structure has had movement in the last undetermined years and has a slip rate of <0.2 mm/yr."
712,fold_structure,monocline,"1:155,000",undetermined,0.2 - 1 mm/yr,"{faultZone} {faultName} {sectionName} {strandName} is a monocline that was mapped at 1:155,000 scale. Geologic studies have determined that the structure has had movement in the last undetermined years and has a slip rate of 0.2 - 1 mm/yr."
713,fold_structure,monocline,"1:155,000",undetermined,1 - 5 mm/yr,"{faultZone} {faultName} {sectionName} {strandName} is a monocline that was mapped at 1:155,000 scale. Geologic studies have determined that the structure has had movement in the last undetermined years and has a slip rate of 1 - 5 mm/yr."
714,fold_structure,monocline,"1:155,000",undetermined,unspecified,"{faultZone} {faultName} {sectionName} {strandName} is a monocline that was mapped at 1:155,000 scale. Geologic studies have determined that the structure has had movement in the last undetermined years and has a slip rate of unspecified."
715,fold_structure,monocline,"1:155,000",undetermined,Undetermined,"{faultZone} {faultName} {sectionName} {strandName} is a monocline that was mapped at 1:155,000 scale. Geologic studies have determined that the structure has had movement in the last undetermined years and has a slip rate of Undetermined."
716,fold_structure,monocline,"1:155,000",undetermined,>5 mm/yr,"{faultZone} {faultName} {sectionName} {strandName} is a monocline that was mapped at 1:155,000 scale. Geologic studies have determined that the structure has had movement in the last undetermined years and has a slip rate of >5 mm/yr."
717,fold_structure,monocline,"1:155,000",<150,<0.2 mm/yr,"{faultZone} {faultName} {sectionName} {strandName} is a monocline that was mapped at 1:155,000 scale. Geologic studies have determined that the structure has had movement in the last <150 years and has a slip rate of <0.2 mm/yr."
718,fold_structure,monocline,"1:155,000",<150,0.2 - 1 mm/yr,"{faultZone} {faultName} {sectionName} {strandName} is a monocline that was mapped at 1:155,000 scale. Geologic studies have determined that the structure has had movement in the last <150 years and has a slip rate of 0.2 - 1 mm/yr."
719,fold_structure,monocline,"1:155,000",<150,1 - 5 mm/yr,"{faultZone} {faultName} {sectionName} {strandName} is a monocline that was mapped at 1:155,000 scale. Geologic studies have determined that the structure has had movement in the last <150 years and has a slip rate of 1 - 5 mm/yr."
720,fold_structure,monocline,"1:155,000",<150,unspecified,"{faultZone} {faultName} {sectionName} {strandName} is a monocline that was mapped at 1:155,000 scale. Geologic studies have determined that the structure has had movement in the last <150 years and has a slip rate of unspecified."
721,fold_structure,monocline,"1:155,000",<150,Undetermined,"{faultZone} {faultName} {sectionName} {strandName} is a monocline that was mapped at 1:155,000 scale. Geologic studies have determined that the structure has had movement in the last <150 years and has a slip rate of Undetermined."
722,fold_structure,monocline,"1:155,000",<150,>5 mm/yr,"{faultZone} {faultName} {sectionName} {strandName} is a monocline that was mapped at 1:155,000 scale. Geologic studies have determined that the structure has had movement in the last <150 years and has a slip rate of >5 mm/yr."
723,fold_structure,monocline,"1:60,000","<15,000",<0.2 mm/yr,"{faultZone} {faultName} {sectionName} {strandName} is a monocline that was mapped at 1:60,000 scale. Geologic studies have determined that the structure has had movement in the last <15,000 years and has a slip rate of <0.2 mm/yr."
724,fold_structure,monocline,"1:60,000","<15,000",0.2 - 1 mm/yr,"{faultZone} {faultName} {sectionName} {strandName} is a monocline that was mapped at 1:60,000 scale. Geologic studies have determined that the structure has had movement in the last <15,000 years and has a slip rate of 0.2 - 1 mm/yr."
725,fold_structure,monocline,"1:60,000","<15,000",1 - 5 mm/yr,"{faultZone} {faultName} {sectionName} {strandName} is a monocline that was mapped at 1:60,000 scale. Geologic studies have determined that the structure has had movement in the last <15,000 years and has a slip rate of 1 - 5 mm/yr."
726,fold_structure,monocline,"1:60,000","<15,000",unspecified,"{faultZone} {faultName} {sectionName} {strandName} is a monocline that was mapped at 1:60,000 scale. Geologic studies have determined that the structure has had movement in the last <15,000 years and has a slip rate of unspecified."
727,fold_structure,monocline,"1:60,000","<15,000",Undetermined,"{faultZone} {faultName} {sectionName} {strandName} is a monocline that was mapped at 1:60,000 scale. Geologic studies have determined that the structure has had movement in the last <15,000 years and has a slip rate of Undetermined."
728,fold_structure,monocline,"1:60,000","<15,000",>5 mm/yr,"{faultZone} {faultName} {sectionName} {strandName} is a monocline that was mapped at 1:60,000 scale. Geologic studies have determined that the structure has had movement in the last <15,000 years and has a slip rate of >5 mm/yr."
729,fold_structure,monocline,"1:60,000","<2,600,000",<0.2 mm/yr,"{faultZone} {faultName} {sectionName} {strandName} is a monocline that was mapped at 1:60,000 scale. Geologic studies have determined that the structure has had movement in the last <2,600,000 years and has a slip rate of <0.2 mm/yr."
730,fold_structure,monocline,"1:60,000","<2,600,000",0.2 - 1 mm/yr,"{faultZone} {faultName} {sectionName} {strandName} is a monocline that was mapped at 1:60,000 scale. Geologic studies have determined that the structure has had movement in the last <2,600,000 years and has a slip rate of 0.2 - 1 mm/yr."
731,fold_structure,monocline,"1:60,000","<2,600,000",1 - 5 mm/yr,"{faultZone} {faultName} {sectionName} {strandName} is a monocline that was mapped at 1:60,000 scale. Geologic studies have determined that the structure has had movement in the last <2,600,000 years and has a slip rate of 1 - 5 mm/yr."
732,fold_structure,monocline,"1:60,000","<2,600,000",unspecified,"{faultZone} {faultName} {sectionName} {strandName} is a monocline that was mapped at 1:60,000 scale. Geologic studies have determined that the structure has had movement in the last <2,600,000 years and has a slip rate of unspecified."
733,fold_structure,monocline,"1:60,000","<2,600,000",Undetermined,"{faultZone} {faultName} {sectionName} {strandName} is a monocline that was mapped at 1:60,000 scale. Geologic studies have determined that the structure has had movement in the last <2,600,000 years and has a slip rate of Undetermined."
734,fold_structure,monocline,"1:60,000","<2,600,000",>5 mm/yr,"{faultZone} {faultName} {sectionName} {strandName} is a monocline that was mapped at 1:60,000 scale. Geologic studies have determined that the structure has had movement in the last <2,600,000 years and has a slip rate of >5 mm/yr."
735,fold_structure,monocline,"1:60,000","<130,000",<0.2 mm/yr,"{faultZone} {faultName} {sectionName} {strandName} is a monocline that was mapped at 1:60,000 scale. Geologic studies have determined that the structure has had movement in the last <130,000 years and has a slip rate of <0.2 mm/yr."
736,fold_structure,monocline,"1:60,000","<130,000",0.2 - 1 mm/yr,"{faultZone} {faultName} {sectionName} {strandName} is a monocline that was mapped at 1:60,000 scale. Geologic studies have determined that the structure has had movement in the last <130,000 years and has a slip rate of 0.2 - 1 mm/yr."
737,fold_structure,monocline,"1:60,000","<130,000",1 - 5 mm/yr,"{faultZone} {faultName} {sectionName} {strandName} is a monocline that was mapped at 1:60,000 scale. Geologic studies have determined that the structure has had movement in the last <130,000 years and has a slip rate of 1 - 5 mm/yr."
738,fold_structure,monocline,"1:60,000","<130,000",unspecified,"{faultZone} {faultName} {sectionName} {strandName} is a monocline that was mapped at 1:60,000 scale. Geologic studies have determined that the structure has had movement in the last <130,000 years and has a slip rate of unspecified."
739,fold_structure,monocline,"1:60,000","<130,000",Undetermined,"{faultZone} {faultName} {sectionName} {strandName} is a monocline that was mapped at 1:60,000 scale. Geologic studies have determined that the structure has had movement in the last <130,000 years and has a slip rate of Undetermined."
740,fold_structure,monocline,"1:60,000","<130,000",>5 mm/yr,"{faultZone} {faultName} {sectionName} {strandName} is a monocline that was mapped at 1:60,000 scale. Geologic studies have determined that the structure has had movement in the last <130,000 years and has a slip rate of >5 mm/yr."
741,fold_structure,monocline,"1:60,000","<750,000",<0.2 mm/yr,"{faultZone} {faultName} {sectionName} {strandName} is a monocline that was mapped at 1:60,000 scale. Geologic studies have determined that the structure has had movement in the last <750,000 years and has a slip rate of <0.2 mm/yr."
742,fold_structure,monocline,"1:60,000","<750,000",0.2 - 1 mm/yr,"{faultZone} {faultName} {sectionName} {strandName} is a monocline that was mapped at 1:60,000 scale. Geologic studies have determined that the structure has had movement in the last <750,000 years and has a slip rate of 0.2 - 1 mm/yr."
743,fold_structure,monocline,"1:60,000","<750,000",1 - 5 mm/yr,"{faultZone} {faultName} {sectionName} {strandName} is a monocline that was mapped at 1:60,000 scale. Geologic studies have determined that the structure has had movement in the last <750,000 years and has a slip rate of 1 - 5 mm/yr."
744,fold_structure,monocline,"1:60,000","<750,000",unspecified,"{faultZone} {faultName} {sectionName} {strandName} is a monocline that was mapped at 1:60,000 scale. Geologic studies have determined that the structure has had movement in the last <750,000 years and has a slip rate of unspecified."
745,fold_structure,monocline,"1:60,000","<750,000",Undetermined,"{faultZone} {faultName} {sectionName} {strandName} is a monocline that was mapped at 1:60,000 scale. Geologic studies have determined that the structure has had movement in the last <750,000 years and has a slip rate of Undetermined."
746,fold_structure,monocline,"1:60,000","<750,000",>5 mm/yr,"{faultZone} {faultName} {sectionName} {strandName} is a monocline that was mapped at 1:60,000 scale. Geologic studies have determined that the structure has had movement in the last <750,000 years and has a slip rate of >5 mm/yr."
747,fold_structure,monocline,"1:60,000",undetermined,<0.2 mm/yr,"{faultZone} {faultName} {sectionName} {strandName} is a monocline that was mapped at 1:60,000 scale. Geologic studies have determined that the structure has had movement in the last undetermined years and has a slip rate of <0.2 mm/yr."
748,fold_structure,monocline,"1:60,000",undetermined,0.2 - 1 mm/yr,"{faultZone} {faultName} {sectionName} {strandName} is a monocline that was mapped at 1:60,000 scale. Geologic studies have determined that the structure has had movement in the last undetermined years and has a slip rate of 0.2 - 1 mm/yr."
749,fold_structure,monocline,"1:60,000",undetermined,1 - 5 mm/yr,"{faultZone} {faultName} {sectionName} {strandName} is a monocline that was mapped at 1:60,000 scale. Geologic studies have determined that the structure has had movement in the last undetermined years and has a slip rate of 1 - 5 mm/yr."
750,fold_structure,monocline,"1:60,000",undetermined,unspecified,"{faultZone} {faultName} {sectionName} {strandName} is a monocline that was mapped at 1:60,000 scale. Geologic studies have determined that the structure has had movement in the last undetermined years and has a slip rate of unspecified."
751,fold_structure,monocline,"1:60,000",undetermined,Undetermined,"{faultZone} {faultName} {sectionName} {strandName} is a monocline that was mapped at 1:60,000 scale. Geologic studies have determined that the structure has had movement in the last undetermined years and has a slip rate of Undetermined."
752,fold_structure,monocline,"1:60,000",undetermined,>5 mm/yr,"{faultZone} {faultName} {sectionName} {strandName} is a monocline that was mapped at 1:60,000 scale. Geologic studies have determined that the structure has had movement in the last undetermined years and has a slip rate of >5 mm/yr."
753,fold_structure,monocline,"1:60,000",<150,<0.2 mm/yr,"{faultZone} {faultName} {sectionName} {strandName} is a monocline that was mapped at 1:60,000 scale. Geologic studies have determined that the structure has had movement in the last <150 years and has a slip rate of <0.2 mm/yr."
754,fold_structure,monocline,"1:60,000",<150,0.2 - 1 mm/yr,"{faultZone} {faultName} {sectionName} {strandName} is a monocline that was mapped at 1:60,000 scale. Geologic studies have determined that the structure has had movement in the last <150 years and has a slip rate of 0.2 - 1 mm/yr."
755,fold_structure,monocline,"1:60,000",<150,1 - 5 mm/yr,"{faultZone} {faultName} {sectionName} {strandName} is a monocline that was mapped at 1:60,000 scale. Geologic studies have determined that the structure has had movement in the last <150 years and has a slip rate of 1 - 5 mm/yr."
756,fold_structure,monocline,"1:60,000",<150,unspecified,"{faultZone} {faultName} {sectionName} {strandName} is a monocline that was mapped at 1:60,000 scale. Geologic studies have determined that the structure has had movement in the last <150 years and has a slip rate of unspecified."
757,fold_structure,monocline,"1:60,000",<150,Undetermined,"{faultZone} {faultName} {sectionName} {strandName} is a monocline that was mapped at 1:60,000 scale. Geologic studies have determined that the structure has had movement in the last <150 years and has a slip rate of Undetermined."
758,fold_structure,monocline,"1:60,000",<150,>5 mm/yr,"{faultZone} {faultName} {sectionName} {strandName} is a monocline that was mapped at 1:60,000 scale. Geologic studies have determined that the structure has had movement in the last <150 years and has a slip rate of >5 mm/yr."
759,fold_structure,monocline,"1:170,000","<15,000",<0.2 mm/yr,"{faultZone} {faultName} {sectionName} {strandName} is a monocline that was mapped at 1:170,000 scale. Geologic studies have determined that the structure has had movement in the last <15,000 years and has a slip rate of <0.2 mm/yr."
760,fold_structure,monocline,"1:170,000","<15,000",0.2 - 1 mm/yr,"{faultZone} {faultName} {sectionName} {strandName} is a monocline that was mapped at 1:170,000 scale. Geologic studies have determined that the structure has had movement in the last <15,000 years and has a slip rate of 0.2 - 1 mm/yr."
761,fold_structure,monocline,"1:170,000","<15,000",1 - 5 mm/yr,"{faultZone} {faultName} {sectionName} {strandName} is a monocline that was mapped at 1:170,000 scale. Geologic studies have determined that the structure has had movement in the last <15,000 years and has a slip rate of 1 - 5 mm/yr."
762,fold_structure,monocline,"1:170,000","<15,000",unspecified,"{faultZone} {faultName} {sectionName} {strandName} is a monocline that was mapped at 1:170,000 scale. Geologic studies have determined that the structure has had movement in the last <15,000 years and has a slip rate of unspecified."
763,fold_structure,monocline,"1:170,000","<15,000",Undetermined,"{faultZone} {faultName} {sectionName} {strandName} is a monocline that was mapped at 1:170,000 scale. Geologic studies have determined that the structure has had movement in the last <15,000 years and has a slip rate of Undetermined."
764,fold_structure,monocline,"1:170,000","<15,000",>5 mm/yr,"{faultZone} {faultName} {sectionName} {strandName} is a monocline that was mapped at 1:170,000 scale. Geologic studies have determined that the structure has had movement in the last <15,000 years and has a slip rate of >5 mm/yr."
765,fold_structure,monocline,"1:170,000","<2,600,000",<0.2 mm/yr,"{faultZone} {faultName} {sectionName} {strandName} is a monocline that was mapped at 1:170,000 scale. Geologic studies have determined that the structure has had movement in the last <2,600,000 years and has a slip rate of <0.2 mm/yr."
766,fold_structure,monocline,"1:170,000","<2,600,000",0.2 - 1 mm/yr,"{faultZone} {faultName} {sectionName} {strandName} is a monocline that was mapped at 1:170,000 scale. Geologic studies have determined that the structure has had movement in the last <2,600,000 years and has a slip rate of 0.2 - 1 mm/yr."
767,fold_structure,monocline,"1:170,000","<2,600,000",1 - 5 mm/yr,"{faultZone} {faultName} {sectionName} {strandName} is a monocline that was mapped at 1:170,000 scale. Geologic studies have determined that the structure has had movement in the last <2,600,000 years and has a slip rate of 1 - 5 mm/yr."
768,fold_structure,monocline,"1:170,000","<2,600,000",unspecified,"{faultZone} {faultName} {sectionName} {strandName} is a monocline that was mapped at 1:170,000 scale. Geologic studies have determined that the structure has had movement in the last <2,600,000 years and has a slip rate of unspecified."
769,fold_structure,monocline,"1:170,000","<2,600,000",Undetermined,"{faultZone} {faultName} {sectionName} {strandName} is a monocline that was mapped at 1:170,000 scale. Geologic studies have determined that the structure has had movement in the last <2,600,000 years and has a slip rate of Undetermined."
770,fold_structure,monocline,"1:170,000","<2,600,000",>5 mm/yr,"{faultZone} {faultName} {sectionName} {strandName} is a monocline that was mapped at 1:170,000 scale. Geologic studies have determined that the structure has had movement in the last <2,600,000 years and has a slip rate of >5 mm/yr."
771,fold_structure,monocline,"1:170,000","<130,000",<0.2 mm/yr,"{faultZone} {faultName} {sectionName} {strandName} is a monocline that was mapped at 1:170,000 scale. Geologic studies have determined that the structure has had movement in the last <130,000 years and has a slip rate of <0.2 mm/yr."
772,fold_structure,monocline,"1:170,000","<130,000",0.2 - 1 mm/yr,"{faultZone} {faultName} {sectionName} {strandName} is a monocline that was mapped at 1:170,000 scale. Geologic studies have determined that the structure has had movement in the last <130,000 years and has a slip rate of 0.2 - 1 mm/yr."
773,fold_structure,monocline,"1:170,000","<130,000",1 - 5 mm/yr,"{faultZone} {faultName} {sectionName} {strandName} is a monocline that was mapped at 1:170,000 scale. Geologic studies have determined that the structure has had movement in the last <130,000 years and has a slip rate of 1 - 5 mm/yr."
774,fold_structure,monocline,"1:170,000","<130,000",unspecified,"{faultZone} {faultName} {sectionName} {strandName} is a monocline that was mapped at 1:170,000 scale. Geologic studies have determined that the structure has had movement in the last <130,000 years and has a slip rate of unspecified."
775,fold_structure,monocline,"1:170,000","<130,000",Undetermined,"{faultZone} {faultName} {sectionName} {strandName} is a monocline that was mapped at 1:170,000 scale. Geologic studies have determined that the structure has had movement in the last <130,000 years and has a slip rate of Undetermined."
776,fold_structure,monocline,"1:170,000","<130,000",>5 mm/yr,"{faultZone} {faultName} {sectionName} {strandName} is a monocline that was mapped at 1:170,000 scale. Geologic studies have determined that the structure has had movement in the last <130,000 years and has a slip rate of >5 mm/yr."
777,fold_structure,monocline,"1:170,000","<750,000",<0.2 mm/yr,"{faultZone} {faultName} {sectionName} {strandName} is a monocline that was mapped at 1:170,000 scale. Geologic studies have determined that the structure has had movement in the last <750,000 years and has a slip rate of <0.2 mm/yr."
778,fold_structure,monocline,"1:170,000","<750,000",0.2 - 1 mm/yr,"{faultZone} {faultName} {sectionName} {strandName} is a monocline that was mapped at 1:170,000 scale. Geologic studies have determined that the structure has had movement in the last <750,000 years and has a slip rate of 0.2 - 1 mm/yr."
779,fold_structure,monocline,"1:170,000","<750,000",1 - 5 mm/yr,"{faultZone} {faultName} {sectionName} {strandName} is a monocline that was mapped at 1:170,000 scale. Geologic studies have determined that the structure has had movement in the last <750,000 years and has a slip rate of 1 - 5 mm/yr."
780,fold_structure,monocline,"1:170,000","<750,000",unspecified,"{faultZone} {faultName} {sectionName} {strandName} is a monocline that was mapped at 1:170,000 scale. Geologic studies have determined that the structure has had movement in the last <750,000 years and has a slip rate of unspecified."
781,fold_structure,monocline,"1:170,000","<750,000",Undetermined,"{faultZone} {faultName} {sectionName} {strandName} is a monocline that was mapped at 1:170,000 scale. Geologic studies have determined that the structure has had movement in the last <750,000 years and has a slip rate of Undetermined."
782,fold_structure,monocline,"1:170,000","<750,000",>5 mm/yr,"{faultZone} {faultName} {sectionName} {strandName} is a monocline that was mapped at 1:170,000 scale. Geologic studies have determined that the structure has had movement in the last <750,000 years and has a slip rate of >5 mm/yr."
783,fold_structure,monocline,"1:170,000",undetermined,<0.2 mm/yr,"{faultZone} {faultName} {sectionName} {strandName} is a monocline that was mapped at 1:170,000 scale. Geologic studies have determined that the structure has had movement in the last undetermined years and has a slip rate of <0.2 mm/yr."
784,fold_structure,monocline,"1:170,000",undetermined,0.2 - 1 mm/yr,"{faultZone} {faultName} {sectionName} {strandName} is a monocline that was mapped at 1:170,000 scale. Geologic studies have determined that the structure has had movement in the last undetermined years and has a slip rate of 0.2 - 1 mm/yr."
785,fold_structure,monocline,"1:170,000",undetermined,1 - 5 mm/yr,"{faultZone} {faultName} {sectionName} {strandName} is a monocline that was mapped at 1:170,000 scale. Geologic studies have determined that the structure has had movement in the last undetermined years and has a slip rate of 1 - 5 mm/yr."
786,fold_structure,monocline,"1:170,000",undetermined,unspecified,"{faultZone} {faultName} {sectionName} {strandName} is a monocline that was mapped at 1:170,000 scale. Geologic studies have determined that the structure has had movement in the last undetermined years and has a slip rate of unspecified."
787,fold_structure,monocline,"1:170,000",undetermined,Undetermined,"{faultZone} {faultName} {sectionName} {strandName} is a monocline that was mapped at 1:170,000 scale. Geologic studies have determined that the structure has had movement in the last undetermined years and has a slip rate of Undetermined."
788,fold_structure,monocline,"1:170,000",undetermined,>5 mm/yr,"{faultZone} {faultName} {sectionName} {strandName} is a monocline that was mapped at 1:170,000 scale. Geologic studies have determined that the structure has had movement in the last undetermined years and has a slip rate of >5 mm/yr."
789,fold_structure,monocline,"1:170,000",<150,<0.2 mm/yr,"{faultZone} {faultName} {sectionName} {strandName} is a monocline that was mapped at 1:170,000 scale. Geologic studies have determined that the structure has had movement in the last <150 years and has a slip rate of <0.2 mm/yr."
790,fold_structure,monocline,"1:170,000",<150,0.2 - 1 mm/yr,"{faultZone} {faultName} {sectionName} {strandName} is a monocline that was mapped at 1:170,000 scale. Geologic studies have determined that the structure has had movement in the last <150 years and has a slip rate of 0.2 - 1 mm/yr."
791,fold_structure,monocline,"1:170,000",<150,1 - 5 mm/yr,"{faultZone} {faultName} {sectionName} {strandName} is a monocline that was mapped at 1:170,000 scale. Geologic studies have determined that the structure has had movement in the last <150 years and has a slip rate of 1 - 5 mm/yr."
792,fold_structure,monocline,"1:170,000",<150,unspecified,"{faultZone} {faultName} {sectionName} {strandName} is a monocline that was mapped at 1:170,000 scale. Geologic studies have determined that the structure has had movement in the last <150 years and has a slip rate of unspecified."
793,fold_structure,monocline,"1:170,000",<150,Undetermined,"{faultZone} {faultName} {sectionName} {strandName} is a monocline that was mapped at 1:170,000 scale. Geologic studies have determined that the structure has had movement in the last <150 years and has a slip rate of Undetermined."
794,fold_structure,monocline,"1:170,000",<150,>5 mm/yr,"{faultZone} {faultName} {sectionName} {strandName} is a monocline that was mapped at 1:170,000 scale. Geologic studies have determined that the structure has had movement in the last <150 years and has a slip rate of >5 mm/yr."
795,fold_structure,monocline,"1:340,000","<15,000",<0.2 mm/yr,"{faultZone} {faultName} {sectionName} {strandName} is a monocline that was mapped at 1:340,000 scale. Geologic studies have determined that the structure has had movement in the last <15,000 years and has a slip rate of <0.2 mm/yr."
796,fold_structure,monocline,"1:340,000","<15,000",0.2 - 1 mm/yr,"{faultZone} {faultName} {sectionName} {strandName} is a monocline that was mapped at 1:340,000 scale. Geologic studies have determined that the structure has had movement in the last <15,000 years and has a slip rate of 0.2 - 1 mm/yr."
797,fold_structure,monocline,"1:340,000","<15,000",1 - 5 mm/yr,"{faultZone} {faultName} {sectionName} {strandName} is a monocline that was mapped at 1:340,000 scale. Geologic studies have determined that the structure has had movement in the last <15,000 years and has a slip rate of 1 - 5 mm/yr."
798,fold_structure,monocline,"1:340,000","<15,000",unspecified,"{faultZone} {faultName} {sectionName} {strandName} is a monocline that was mapped at 1:340,000 scale. Geologic studies have determined that the structure has had movement in the last <15,000 years and has a slip rate of unspecified."
799,fold_structure,monocline,"1:340,000","<15,000",Undetermined,"{faultZone} {faultName} {sectionName} {strandName} is a monocline that was mapped at 1:340,000 scale. Geologic studies have determined that the structure has had movement in the last <15,000 years and has a slip rate of Undetermined."
800,fold_structure,monocline,"1:340,000","<15,000",>5 mm/yr,"{faultZone} {faultName} {sectionName} {strandName} is a monocline that was mapped at 1:340,000 scale. Geologic studies have determined that the structure has had movement in the last <15,000 years and has a slip rate of >5 mm/yr."
801,fold_structure,monocline,"1:340,000","<2,600,000",<0.2 mm/yr,"{faultZone} {faultName} {sectionName} {strandName} is a monocline that was mapped at 1:340,000 scale. Geologic studies have determined that the structure has had movement in the last <2,600,000 years and has a slip rate of <0.2 mm/yr."
802,fold_structure,monocline,"1:340,000","<2,600,000",0.2 - 1 mm/yr,"{faultZone} {faultName} {sectionName} {strandName} is a monocline that was mapped at 1:340,000 scale. Geologic studies have determined that the structure has had movement in the last <2,600,000 years and has a slip rate of 0.2 - 1 mm/yr."
803,fold_structure,monocline,"1:340,000","<2,600,000",1 - 5 mm/yr,"{faultZone} {faultName} {sectionName} {strandName} is a monocline that was mapped at 1:340,000 scale. Geologic studies have determined that the structure has had movement in the last <2,600,000 years and has a slip rate of 1 - 5 mm/yr."
804,fold_structure,monocline,"1:340,000","<2,600,000",unspecified,"{faultZone} {faultName} {sectionName} {strandName} is a monocline that was mapped at 1:340,000 scale. Geologic studies have determined that the structure has had movement in the last <2,600,000 years and has a slip rate of unspecified."
805,fold_structure,monocline,"1:340,000","<2,600,000",Undetermined,"{faultZone} {faultName} {sectionName} {strandName} is a monocline that was mapped at 1:340,000 scale. Geologic studies have determined that the structure has had movement in the last <2,600,000 years and has a slip rate of Undetermined."
806,fold_structure,monocline,"1:340,000","<2,600,000",>5 mm/yr,"{faultZone} {faultName} {sectionName} {strandName} is a monocline that was mapped at 1:340,000 scale. Geologic studies have determined that the structure has had movement in the last <2,600,000 years and has a slip rate of >5 mm/yr."
807,fold_structure,monocline,"1:340,000","<130,000",<0.2 mm/yr,"{faultZone} {faultName} {sectionName} {strandName} is a monocline that was mapped at 1:340,000 scale. Geologic studies have determined that the structure has had movement in the last <130,000 years and has a slip rate of <0.2 mm/yr."
808,fold_structure,monocline,"1:340,000","<130,000",0.2 - 1 mm/yr,"{faultZone} {faultName} {sectionName} {strandName} is a monocline that was mapped at 1:340,000 scale. Geologic studies have determined that the structure has had movement in the last <130,000 years and has a slip rate of 0.2 - 1 mm/yr."
809,fold_structure,monocline,"1:340,000","<130,000",1 - 5 mm/yr,"{faultZone} {faultName} {sectionName} {strandName} is a monocline that was mapped at 1:340,000 scale. Geologic studies have determined that the structure has had movement in the last <130,000 years and has a slip rate of 1 - 5 mm/yr."
810,fold_structure,monocline,"1:340,000","<130,000",unspecified,"{faultZone} {faultName} {sectionName} {strandName} is a monocline that was mapped at 1:340,000 scale. Geologic studies have determined that the structure has had movement in the last <130,000 years and has a slip rate of unspecified."
811,fold_structure,monocline,"1:340,000","<130,000",Undetermined,"{faultZone} {faultName} {sectionName} {strandName} is a monocline that was mapped at 1:340,000 scale. Geologic studies have determined that the structure has had movement in the last <130,000 years and has a slip rate of Undetermined."
812,fold_structure,monocline,"1:340,000","<130,000",>5 mm/yr,"{faultZone} {faultName} {sectionName} {strandName} is a monocline that was mapped at 1:340,000 scale. Geologic studies have determined that the structure has had movement in the last <130,000 years and has a slip rate of >5 mm/yr."
813,fold_structure,monocline,"1:340,000","<750,000",<0.2 mm/yr,"{faultZone} {faultName} {sectionName} {strandName} is a monocline that was mapped at 1:340,000 scale. Geologic studies have determined that the structure has had movement in the last <750,000 years and has a slip rate of <0.2 mm/yr."
814,fold_structure,monocline,"1:340,000","<750,000",0.2 - 1 mm/yr,"{faultZone} {faultName} {sectionName} {strandName} is a monocline that was mapped at 1:340,000 scale. Geologic studies have determined that the structure has had movement in the last <750,000 years and has a slip rate of 0.2 - 1 mm/yr."
815,fold_structure,monocline,"1:340,000","<750,000",1 - 5 mm/yr,"{faultZone} {faultName} {sectionName} {strandName} is a monocline that was mapped at 1:340,000 scale. Geologic studies have determined that the structure has had movement in the last <750,000 years and has a slip rate of 1 - 5 mm/yr."
816,fold_structure,monocline,"1:340,000","<750,000",unspecified,"{faultZone} {faultName} {sectionName} {strandName} is a monocline that was mapped at 1:340,000 scale. Geologic studies have determined that the structure has had movement in the last <750,000 years and has a slip rate of unspecified."
817,fold_structure,monocline,"1:340,000","<750,000",Undetermined,"{faultZone} {faultName} {sectionName} {strandName} is a monocline that was mapped at 1:340,000 scale. Geologic studies have determined that the structure has had movement in the last <750,000 years and has a slip rate of Undetermined."
818,fold_structure,monocline,"1:340,000","<750,000",>5 mm/yr,"{faultZone} {faultName} {sectionName} {strandName} is a monocline that was mapped at 1:340,000 scale. Geologic studies have determined that the structure has had movement in the last <750,000 years and has a slip rate of >5 mm/yr."
819,fold_structure,monocline,"1:340,000",undetermined,<0.2 mm/yr,"{faultZone} {faultName} {sectionName} {strandName} is a monocline that was mapped at 1:340,000 scale. Geologic studies have determined that the structure has had movement in the last undetermined years and has a slip rate of <0.2 mm/yr."
820,fold_structure,monocline,"1:340,000",undetermined,0.2 - 1 mm/yr,"{faultZone} {faultName} {sectionName} {strandName} is a monocline that was mapped at 1:340,000 scale. Geologic studies have determined that the structure has had movement in the last undetermined years and has a slip rate of 0.2 - 1 mm/yr."
821,fold_structure,monocline,"1:340,000",undetermined,1 - 5 mm/yr,"{faultZone} {faultName} {sectionName} {strandName} is a monocline that was mapped at 1:340,000 scale. Geologic studies have determined that the structure has had movement in the last undetermined years and has a slip rate of 1 - 5 mm/yr."
822,fold_structure,monocline,"1:340,000",undetermined,unspecified,"{faultZone} {faultName} {sectionName} {strandName} is a monocline that was mapped at 1:340,000 scale. Geologic studies have determined that the structure has had movement in the last undetermined years and has a slip rate of unspecified."
823,fold_structure,monocline,"1:340,000",undetermined,Undetermined,"{faultZone} {faultName} {sectionName} {strandName} is a monocline that was mapped at 1:340,000 scale. Geologic studies have determined that the structure has had movement in the last undetermined years and has a slip rate of Undetermined."
824,fold_structure,monocline,"1:340,000",undetermined,>5 mm/yr,"{faultZone} {faultName} {sectionName} {strandName} is a monocline that was mapped at 1:340,000 scale. Geologic studies have determined that the structure has had movement in the last undetermined years and has a slip rate of >5 mm/yr."
825,fold_structure,monocline,"1:340,000",<150,<0.2 mm/yr,"{faultZone} {faultName} {sectionName} {strandName} is a monocline that was mapped at 1:340,000 scale. Geologic studies have determined that the structure has had movement in the last <150 years and has a slip rate of <0.2 mm/yr."
826,fold_structure,monocline,"1:340,000",<150,0.2 - 1 mm/yr,"{faultZone} {faultName} {sectionName} {strandName} is a monocline that was mapped at 1:340,000 scale. Geologic studies have determined that the structure has had movement in the last <150 years and has a slip rate of 0.2 - 1 mm/yr."
827,fold_structure,monocline,"1:340,000",<150,1 - 5 mm/yr,"{faultZone} {faultName} {sectionName} {strandName} is a monocline that was mapped at 1:340,000 scale. Geologic studies have determined that the structure has had movement in the last <150 years and has a slip rate of 1 - 5 mm/yr."
828,fold_structure,monocline,"1:340,000",<150,unspecified,"{faultZone} {faultName} {sectionName} {strandName} is a monocline that was mapped at 1:340,000 scale. Geologic studies have determined that the structure has had movement in the last <150 years and has a slip rate of unspecified."
829,fold_structure,monocline,"1:340,000",<150,Undetermined,"{faultZone} {faultName} {sectionName} {strandName} is a monocline that was mapped at 1:340,000 scale. Geologic studies have determined that the structure has had movement in the last <150 years and has a slip rate of Undetermined."
830,fold_structure,monocline,"1:340,000",<150,>5 mm/yr,"{faultZone} {faultName} {sectionName} {strandName} is a monocline that was mapped at 1:340,000 scale. Geologic studies have determined that the structure has had movement in the last <150 years and has a slip rate of >5 mm/yr."
831,fold_structure,monocline,"1:500,000","<15,000",<0.2 mm/yr,"{faultZone} {faultName} {sectionName} {strandName} is a monocline that was mapped at 1:500,000 scale. Geologic studies have determined that the structure has had movement in the last <15,000 years and has a slip rate of <0.2 mm/yr."
832,fold_structure,monocline,"1:500,000","<15,000",0.2 - 1 mm/yr,"{faultZone} {faultName} {sectionName} {strandName} is a monocline that was mapped at 1:500,000 scale. Geologic studies have determined that the structure has had movement in the last <15,000 years and has a slip rate of 0.2 - 1 mm/yr."
833,fold_structure,monocline,"1:500,000","<15,000",1 - 5 mm/yr,"{faultZone} {faultName} {sectionName} {strandName} is a monocline that was mapped at 1:500,000 scale. Geologic studies have determined that the structure has had movement in the last <15,000 years and has a slip rate of 1 - 5 mm/yr."
834,fold_structure,monocline,"1:500,000","<15,000",unspecified,"{faultZone} {faultName} {sectionName} {strandName} is a monocline that was mapped at 1:500,000 scale. Geologic studies have determined that the structure has had movement in the last <15,000 years and has a slip rate of unspecified."
835,fold_structure,monocline,"1:500,000","<15,000",Undetermined,"{faultZone} {faultName} {sectionName} {strandName} is a monocline that was mapped at 1:500,000 scale. Geologic studies have determined that the structure has had movement in the last <15,000 years and has a slip rate of Undetermined."
836,fold_structure,monocline,"1:500,000","<15,000",>5 mm/yr,"{faultZone} {faultName} {sectionName} {strandName} is a monocline that was mapped at 1:500,000 scale. Geologic studies have determined that the structure has had movement in the last <15,000 years and has a slip rate of >5 mm/yr."
837,fold_structure,monocline,"1:500,000","<2,600,000",<0.2 mm/yr,"{faultZone} {faultName} {sectionName} {strandName} is a monocline that was mapped at 1:500,000 scale. Geologic studies have determined that the structure has had movement in the last <2,600,000 years and has a slip rate of <0.2 mm/yr."
838,fold_structure,monocline,"1:500,000","<2,600,000",0.2 - 1 mm/yr,"{faultZone} {faultName} {sectionName} {strandName} is a monocline that was mapped at 1:500,000 scale. Geologic studies have determined that the structure has had movement in the last <2,600,000 years and has a slip rate of 0.2 - 1 mm/yr."
839,fold_structure,monocline,"1:500,000","<2,600,000",1 - 5 mm/yr,"{faultZone} {faultName} {sectionName} {strandName} is a monocline that was mapped at 1:500,000 scale. Geologic studies have determined that the structure has had movement in the last <2,600,000 years and has a slip rate of 1 - 5 mm/yr."
840,fold_structure,monocline,"1:500,000","<2,600,000",unspecified,"{faultZone} {faultName} {sectionName} {strandName} is a monocline that was mapped at 1:500,000 scale. Geologic studies have determined that the structure has had movement in the last <2,600,000 years and has a slip rate of unspecified."
841,fold_structure,monocline,"1:500,000","<2,600,000",Undetermined,"{faultZone} {faultName} {sectionName} {strandName} is a monocline that was mapped at 1:500,000 scale. Geologic studies have determined that the structure has had movement in the last <2,600,000 years and has a slip rate of Undetermined."
842,fold_structure,monocline,"1:500,000","<2,600,000",>5 mm/yr,"{faultZone} {faultName} {sectionName} {strandName} is a monocline that was mapped at 1:500,000 scale. Geologic studies have determined that the structure has had movement in the last <2,600,000 years and has a slip rate of >5 mm/yr."
843,fold_structure,monocline,"1:500,000","<130,000",<0.2 mm/yr,"{faultZone} {faultName} {sectionName} {strandName} is a monocline that was mapped at 1:500,000 scale. Geologic studies have determined that the structure has had movement in the last <130,000 years and has a slip rate of <0.2 mm/yr."
844,fold_structure,monocline,"1:500,000","<130,000",0.2 - 1 mm/yr,"{faultZone} {faultName} {sectionName} {strandName} is a monocline that was mapped at 1:500,000 scale. Geologic studies have determined that the structure has had movement in the last <130,000 years and has a slip rate of 0.2 - 1 mm/yr."
845,fold_structure,monocline,"1:500,000","<130,000",1 - 5 mm/yr,"{faultZone} {faultName} {sectionName} {strandName} is a monocline that was mapped at 1:500,000 scale. Geologic studies have determined that the structure has had movement in the last <130,000 years and has a slip rate of 1 - 5 mm/yr."
846,fold_structure,monocline,"1:500,000","<130,000",unspecified,"{faultZone} {faultName} {sectionName} {strandName} is a monocline that was mapped at 1:500,000 scale. Geologic studies have determined that the structure has had movement in the last <130,000 years and has a slip rate of unspecified."
847,fold_structure,monocline,"1:500,000","<130,000",Undetermined,"{faultZone} {faultName} {sectionName} {strandName} is a monocline that was mapped at 1:500,000 scale. Geologic studies have determined that the structure has had movement in the last <130,000 years and has a slip rate of Undetermined."
848,fold_structure,monocline,"1:500,000","<130,000",>5 mm/yr,"{faultZone} {faultName} {sectionName} {strandName} is a monocline that was mapped at 1:500,000 scale. Geologic studies have determined that the structure has had movement in the last <130,000 years and has a slip rate of >5 mm/yr."
849,fold_structure,monocline,"1:500,000","<750,000",<0.2 mm/yr,"{faultZone} {faultName} {sectionName} {strandName} is a monocline that was mapped at 1:500,000 scale. Geologic studies have determined that the structure has had movement in the last <750,000 years and has a slip rate of <0.2 mm/yr."
850,fold_structure,monocline,"1:500,000","<750,000",0.2 - 1 mm/yr,"{faultZone} {faultName} {sectionName} {strandName} is a monocline that was mapped at 1:500,000 scale. Geologic studies have determined that the structure has had movement in the last <750,000 years and has a slip rate of 0.2 - 1 mm/yr."
851,fold_structure,monocline,"1:500,000","<750,000",1 - 5 mm/yr,"{faultZone} {faultName} {sectionName} {strandName} is a monocline that was mapped at 1:500,000 scale. Geologic studies have determined that the structure has had movement in the last <750,000 years and has a slip rate of 1 - 5 mm/yr."
852,fold_structure,monocline,"1:500,000","<750,000",unspecified,"{faultZone} {faultName} {sectionName} {strandName} is a monocline that was mapped at 1:500,000 scale. Geologic studies have determined that the structure has had movement in the last <750,000 years and has a slip rate of unspecified."
853,fold_structure,monocline,"1:500,000","<750,000",Undetermined,"{faultZone} {faultName} {sectionName} {strandName} is a monocline that was mapped at 1:500,000 scale. Geologic studies have determined that the structure has had movement in the last <750,000 years and has a slip rate of Undetermined."
854,fold_structure,monocline,"1:500,000","<750,000",>5 mm/yr,"{faultZone} {faultName} {sectionName} {strandName} is a monocline that was mapped at 1:500,000 scale. Geologic studies have determined that the structure has had movement in the last <750,000 years and has a slip rate of >5 mm/yr."
855,fold_structure,monocline,"1:500,000",undetermined,<0.2 mm/yr,"{faultZone} {faultName} {sectionName} {strandName} is a monocline that was mapped at 1:500,000 scale. Geologic studies have determined that the structure has had movement in the last undetermined years and has a slip rate of <0.2 mm/yr."
856,fold_structure,monocline,"1:500,000",undetermined,0.2 - 1 mm/yr,"{faultZone} {faultName} {sectionName} {strandName} is a monocline that was mapped at 1:500,000 scale. Geologic studies have determined that the structure has had movement in the last undetermined years and has a slip rate of 0.2 - 1 mm/yr."
857,fold_structure,monocline,"1:500,000",undetermined,1 - 5 mm/yr,"{faultZone} {faultName} {sectionName} {strandName} is a monocline that was mapped at 1:500,000 scale. Geologic studies have determined that the structure has had movement in the last undetermined years and has a slip rate of 1 - 5 mm/yr."
858,fold_structure,monocline,"1:500,000",undetermined,unspecified,"{faultZone} {faultName} {sectionName} {strandName} is a monocline that was mapped at 1:500,000 scale. Geologic studies have determined that the structure has had movement in the last undetermined years and has a slip rate of unspecified."
859,fold_structure,monocline,"1:500,000",undetermined,Undetermined,"{faultZone} {faultName} {sectionName} {strandName} is a monocline that was mapped at 1:500,000 scale. Geologic studies have determined that the structure has had movement in the last undetermined years and has a slip rate of Undetermined."
860,fold_structure,monocline,"1:500,000",undetermined,>5 mm/yr,"{faultZone} {faultName} {sectionName} {strandName} is a monocline that was mapped at 1:500,000 scale. Geologic studies have determined that the structure has had movement in the last undetermined years and has a slip rate of >5 mm/yr."
861,fold_structure,monocline,"1:500,000",<150,<0.2 mm/yr,"{faultZone} {faultName} {sectionName} {strandName} is a monocline that was mapped at 1:500,000 scale. Geologic studies have determined that the structure has had movement in the last <150 years and has a slip rate of <0.2 mm/yr."
862,fold_structure,monocline,"1:500,000",<150,0.2 - 1 mm/yr,"{faultZone} {faultName} {sectionName} {strandName} is a monocline that was mapped at 1:500,000 scale. Geologic studies have determined that the structure has had movement in the last <150 years and has a slip rate of 0.2 - 1 mm/yr."
863,fold_structure,monocline,"1:500,000",<150,1 - 5 mm/yr,"{faultZone} {faultName} {sectionName} {strandName} is a monocline that was mapped at 1:500,000 scale. Geologic studies have determined that the structure has had movement in the last <150 years and has a slip rate of 1 - 5 mm/yr."
864,fold_structure,monocline,"1:500,000",<150,unspecified,"{faultZone} {faultName} {sectionName} {strandName} is a monocline that was mapped at 1:500,000 scale. Geologic studies have determined that the structure has had movement in the last <150 years and has a slip rate of unspecified."
865,fold_structure,monocline,"1:500,000",<150,Undetermined,"{faultZone} {faultName} {sectionName} {strandName} is a monocline that was mapped at 1:500,000 scale. Geologic studies have determined that the structure has had movement in the last <150 years and has a slip rate of Undetermined."
866,fold_structure,monocline,"1:500,000",<150,>5 mm/yr,"{faultZone} {faultName} {sectionName} {strandName} is a monocline that was mapped at 1:500,000 scale. Geologic studies have determined that the structure has had movement in the last <150 years and has a slip rate of >5 mm/yr."
867,fold_structure,monocline,"1:700,000","<15,000",<0.2 mm/yr,"{faultZone} {faultName} {sectionName} {strandName} is a monocline that was mapped at 1:700,000 scale. Geologic studies have determined that the structure has had movement in the last <15,000 years and has a slip rate of <0.2 mm/yr."
868,fold_structure,monocline,"1:700,000","<15,000",0.2 - 1 mm/yr,"{faultZone} {faultName} {sectionName} {strandName} is a monocline that was mapped at 1:700,000 scale. Geologic studies have determined that the structure has had movement in the last <15,000 years and has a slip rate of 0.2 - 1 mm/yr."
869,fold_structure,monocline,"1:700,000","<15,000",1 - 5 mm/yr,"{faultZone} {faultName} {sectionName} {strandName} is a monocline that was mapped at 1:700,000 scale. Geologic studies have determined that the structure has had movement in the last <15,000 years and has a slip rate of 1 - 5 mm/yr."
870,fold_structure,monocline,"1:700,000","<15,000",unspecified,"{faultZone} {faultName} {sectionName} {strandName} is a monocline that was mapped at 1:700,000 scale. Geologic studies have determined that the structure has had movement in the last <15,000 years and has a slip rate of unspecified."
871,fold_structure,monocline,"1:700,000","<15,000",Undetermined,"{faultZone} {faultName} {sectionName} {strandName} is a monocline that was mapped at 1:700,000 scale. Geologic studies have determined that the structure has had movement in the last <15,000 years and has a slip rate of Undetermined."
872,fold_structure,monocline,"1:700,000","<15,000",>5 mm/yr,"{faultZone} {faultName} {sectionName} {strandName} is a monocline that was mapped at 1:700,000 scale. Geologic studies have determined that the structure has had movement in the last <15,000 years and has a slip rate of >5 mm/yr."
873,fold_structure,monocline,"1:700,000","<2,600,000",<0.2 mm/yr,"{faultZone} {faultName} {sectionName} {strandName} is a monocline that was mapped at 1:700,000 scale. Geologic studies have determined that the structure has had movement in the last <2,600,000 years and has a slip rate of <0.2 mm/yr."
874,fold_structure,monocline,"1:700,000","<2,600,000",0.2 - 1 mm/yr,"{faultZone} {faultName} {sectionName} {strandName} is a monocline that was mapped at 1:700,000 scale. Geologic studies have determined that the structure has had movement in the last <2,600,000 years and has a slip rate of 0.2 - 1 mm/yr."
875,fold_structure,monocline,"1:700,000","<2,600,000",1 - 5 mm/yr,"{faultZone} {faultName} {sectionName} {strandName} is a monocline that was mapped at 1:700,000 scale. Geologic studies have determined that the structure has had movement in the last <2,600,000 years and has a slip rate of 1 - 5 mm/yr."
876,fold_structure,monocline,"1:700,000","<2,600,000",unspecified,"{faultZone} {faultName} {sectionName} {strandName} is a monocline that was mapped at 1:700,000 scale. Geologic studies have determined that the structure has had movement in the last <2,600,000 years and has a slip rate of unspecified."
877,fold_structure,monocline,"1:700,000","<2,600,000",Undetermined,"{faultZone} {faultName} {sectionName} {strandName} is a monocline that was mapped at 1:700,000 scale. Geologic studies have determined that the structure has had movement in the last <2,600,000 years and has a slip rate of Undetermined."
878,fold_structure,monocline,"1:700,000","<2,600,000",>5 mm/yr,"{faultZone} {faultName} {sectionName} {strandName} is a monocline that was mapped at 1:700,000 scale. Geologic studies have determined that the structure has had movement in the last <2,600,000 years and has a slip rate of >5 mm/yr."
879,fold_structure,monocline,"1:700,000","<130,000",<0.2 mm/yr,"{faultZone} {faultName} {sectionName} {strandName} is a monocline that was mapped at 1:700,000 scale. Geologic studies have determined that the structure has had movement in the last <130,000 years and has a slip rate of <0.2 mm/yr."
880,fold_structure,monocline,"1:700,000","<130,000",0.2 - 1 mm/yr,"{faultZone} {faultName} {sectionName} {strandName} is a monocline that was mapped at 1:700,000 scale. Geologic studies have determined that the structure has had movement in the last <130,000 years and has a slip rate of 0.2 - 1 mm/yr."
881,fold_structure,monocline,"1:700,000","<130,000",1 - 5 mm/yr,"{faultZone} {faultName} {sectionName} {strandName} is a monocline that was mapped at 1:700,000 scale. Geologic studies have determined that the structure has had movement in the last <130,000 years and has a slip rate of 1 - 5 mm/yr."
882,fold_structure,monocline,"1:700,000","<130,000",unspecified,"{faultZone} {faultName} {sectionName} {strandName} is a monocline that was mapped at 1:700,000 scale. Geologic studies have determined that the structure has had movement in the last <130,000 years and has a slip rate of unspecified."
883,fold_structure,monocline,"1:700,000","<130,000",Undetermined,"{faultZone} {faultName} {sectionName} {strandName} is a monocline that was mapped at 1:700,000 scale. Geologic studies have determined that the structure has had movement in the last <130,000 years and has a slip rate of Undetermined."
884,fold_structure,monocline,"1:700,000","<130,000",>5 mm/yr,"{faultZone} {faultName} {sectionName} {strandName} is a monocline that was mapped at 1:700,000 scale. Geologic studies have determined that the structure has had movement in the last <130,000 years and has a slip rate of >5 mm/yr."
885,fold_structure,monocline,"1:700,000","<750,000",<0.2 mm/yr,"{faultZone} {faultName} {sectionName} {strandName} is a monocline that was mapped at 1:700,000 scale. Geologic studies have determined that the structure has had movement in the last <750,000 years and has a slip rate of <0.2 mm/yr."
886,fold_structure,monocline,"1:700,000","<750,000",0.2 - 1 mm/yr,"{faultZone} {faultName} {sectionName} {strandName} is a monocline that was mapped at 1:700,000 scale. Geologic studies have determined that the structure has had movement in the last <750,000 years and has a slip rate of 0.2 - 1 mm/yr."
887,fold_structure,monocline,"1:700,000","<750,000",1 - 5 mm/yr,"{faultZone} {faultName} {sectionName} {strandName} is a monocline that was mapped at 1:700,000 scale. Geologic studies have determined that the structure has had movement in the last <750,000 years and has a slip rate of 1 - 5 mm/yr."
888,fold_structure,monocline,"1:700,000","<750,000",unspecified,"{faultZone} {faultName} {sectionName} {strandName} is a monocline that was mapped at 1:700,000 scale. Geologic studies have determined that the structure has had movement in the last <750,000 years and has a slip rate of unspecified."
889,fold_structure,monocline,"1:700,000","<750,000",Undetermined,"{faultZone} {faultName} {sectionName} {strandName} is a monocline that was mapped at 1:700,000 scale. Geologic studies have determined that the structure has had movement in the last <750,000 years and has a slip rate of Undetermined."
890,fold_structure,monocline,"1:700,000","<750,000",>5 mm/yr,"{faultZone} {faultName} {sectionName} {strandName} is a monocline that was mapped at 1:700,000 scale. Geologic studies have determined that the structure has had movement in the last <750,000 years and has a slip rate of >5 mm/yr."
891,fold_structure,monocline,"1:700,000",undetermined,<0.2 mm/yr,"{faultZone} {faultName} {sectionName} {strandName} is a monocline that was mapped at 1:700,000 scale. Geologic studies have determined that the structure has had movement in the last undetermined years and has a slip rate of <0.2 mm/yr."
892,fold_structure,monocline,"1:700,000",undetermined,0.2 - 1 mm/yr,"{faultZone} {faultName} {sectionName} {strandName} is a monocline that was mapped at 1:700,000 scale. Geologic studies have determined that the structure has had movement in the last undetermined years and has a slip rate of 0.2 - 1 mm/yr."
893,fold_structure,monocline,"1:700,000",undetermined,1 - 5 mm/yr,"{faultZone} {faultName} {sectionName} {strandName} is a monocline that was mapped at 1:700,000 scale. Geologic studies have determined that the structure has had movement in the last undetermined years and has a slip rate of 1 - 5 mm/yr."
894,fold_structure,monocline,"1:700,000",undetermined,unspecified,"{faultZone} {faultName} {sectionName} {strandName} is a monocline that was mapped at 1:700,000 scale. Geologic studies have determined that the structure has had movement in the last undetermined years and has a slip rate of unspecified."
895,fold_structure,monocline,"1:700,000",undetermined,Undetermined,"{faultZone} {faultName} {sectionName} {strandName} is a monocline that was mapped at 1:700,000 scale. Geologic studies have determined that the structure has had movement in the last undetermined years and has a slip rate of Undetermined."
896,fold_structure,monocline,"1:700,000",undetermined,>5 mm/yr,"{faultZone} {faultName} {sectionName} {strandName} is a monocline that was mapped at 1:700,000 scale. Geologic studies have determined that the structure has had movement in the last undetermined years and has a slip rate of >5 mm/yr."
897,fold_structure,monocline,"1:700,000",<150,<0.2 mm/yr,"{faultZone} {faultName} {sectionName} {strandName} is a monocline that was mapped at 1:700,000 scale. Geologic studies have determined that the structure has had movement in the last <150 years and has a slip rate of <0.2 mm/yr."
898,fold_structure,monocline,"1:700,000",<150,0.2 - 1 mm/yr,"{faultZone} {faultName} {sectionName} {strandName} is a monocline that was mapped at 1:700,000 scale. Geologic studies have determined that the structure has had movement in the last <150 years and has a slip rate of 0.2 - 1 mm/yr."
899,fold_structure,monocline,"1:700,000",<150,1 - 5 mm/yr,"{faultZone} {faultName} {sectionName} {strandName} is a monocline that was mapped at 1:700,000 scale. Geologic studies have determined that the structure has had movement in the last <150 years and has a slip rate of 1 - 5 mm/yr."
900,fold_structure,monocline,"1:700,000",<150,unspecified,"{faultZone} {faultName} {sectionName} {strandName} is a monocline that was mapped at 1:700,000 scale. Geologic studies have determined that the structure has had movement in the last <150 years and has a slip rate of unspecified."
901,fold_structure,monocline,"1:700,000",<150,Undetermined,"{faultZone} {faultName} {sectionName} {strandName} is a monocline that was mapped at 1:700,000 scale. Geologic studies have determined that the structure has had movement in the last <150 years and has a slip rate of Undetermined."
902,fold_structure,monocline,"1:700,000",<150,>5 mm/yr,"{faultZone} {faultName} {sectionName} {strandName} is a monocline that was mapped at 1:700,000 scale. Geologic studies have determined that the structure has had movement in the last <150 years and has a slip rate of >5 mm/yr."
903,fold_structure,monocline,"1:750,000","<15,000",<0.2 mm/yr,"{faultZone} {faultName} {sectionName} {strandName} is a monocline that was mapped at 1:750,000 scale. Geologic studies have determined that the structure has had movement in the last <15,000 years and has a slip rate of <0.2 mm/yr."
904,fold_structure,monocline,"1:750,000","<15,000",0.2 - 1 mm/yr,"{faultZone} {faultName} {sectionName} {strandName} is a monocline that was mapped at 1:750,000 scale. Geologic studies have determined that the structure has had movement in the last <15,000 years and has a slip rate of 0.2 - 1 mm/yr."
905,fold_structure,monocline,"1:750,000","<15,000",1 - 5 mm/yr,"{faultZone} {faultName} {sectionName} {strandName} is a monocline that was mapped at 1:750,000 scale. Geologic studies have determined that the structure has had movement in the last <15,000 years and has a slip rate of 1 - 5 mm/yr."
906,fold_structure,monocline,"1:750,000","<15,000",unspecified,"{faultZone} {faultName} {sectionName} {strandName} is a monocline that was mapped at 1:750,000 scale. Geologic studies have determined that the structure has had movement in the last <15,000 years and has a slip rate of unspecified."
907,fold_structure,monocline,"1:750,000","<15,000",Undetermined,"{faultZone} {faultName} {sectionName} {strandName} is a monocline that was mapped at 1:750,000 scale. Geologic studies have determined that the structure has had movement in the last <15,000 years and has a slip rate of Undetermined."
908,fold_structure,monocline,"1:750,000","<15,000",>5 mm/yr,"{faultZone} {faultName} {sectionName} {strandName} is a monocline that was mapped at 1:750,000 scale. Geologic studies have determined that the structure has had movement in the last <15,000 years and has a slip rate of >5 mm/yr."
909,fold_structure,monocline,"1:750,000","<2,600,000",<0.2 mm/yr,"{faultZone} {faultName} {sectionName} {strandName} is a monocline that was mapped at 1:750,000 scale. Geologic studies have determined that the structure has had movement in the last <2,600,000 years and has a slip rate of <0.2 mm/yr."
910,fold_structure,monocline,"1:750,000","<2,600,000",0.2 - 1 mm/yr,"{faultZone} {faultName} {sectionName} {strandName} is a monocline that was mapped at 1:750,000 scale. Geologic studies have determined that the structure has had movement in the last <2,600,000 years and has a slip rate of 0.2 - 1 mm/yr."
911,fold_structure,monocline,"1:750,000","<2,600,000",1 - 5 mm/yr,"{faultZone} {faultName} {sectionName} {strandName} is a monocline that was mapped at 1:750,000 scale. Geologic studies have determined that the structure has had movement in the last <2,600,000 years and has a slip rate of 1 - 5 mm/yr."
912,fold_structure,monocline,"1:750,000","<2,600,000",unspecified,"{faultZone} {faultName} {sectionName} {strandName} is a monocline that was mapped at 1:750,000 scale. Geologic studies have determined that the structure has had movement in the last <2,600,000 years and has a slip rate of unspecified."
913,fold_structure,monocline,"1:750,000","<2,600,000",Undetermined,"{faultZone} {faultName} {sectionName} {strandName} is a monocline that was mapped at 1:750,000 scale. Geologic studies have determined that the structure has had movement in the last <2,600,000 years and has a slip rate of Undetermined."
914,fold_structure,monocline,"1:750,000","<2,600,000",>5 mm/yr,"{faultZone} {faultName} {sectionName} {strandName} is a monocline that was mapped at 1:750,000 scale. Geologic studies have determined that the structure has had movement in the last <2,600,000 years and has a slip rate of >5 mm/yr."
915,fold_structure,monocline,"1:750,000","<130,000",<0.2 mm/yr,"{faultZone} {faultName} {sectionName} {strandName} is a monocline that was mapped at 1:750,000 scale. Geologic studies have determined that the structure has had movement in the last <130,000 years and has a slip rate of <0.2 mm/yr."
916,fold_structure,monocline,"1:750,000","<130,000",0.2 - 1 mm/yr,"{faultZone} {faultName} {sectionName} {strandName} is a monocline that was mapped at 1:750,000 scale. Geologic studies have determined that the structure has had movement in the last <130,000 years and has a slip rate of 0.2 - 1 mm/yr."
917,fold_structure,monocline,"1:750,000","<130,000",1 - 5 mm/yr,"{faultZone} {faultName} {sectionName} {strandName} is a monocline that was mapped at 1:750,000 scale. Geologic studies have determined that the structure has had movement in the last <130,000 years and has a slip rate of 1 - 5 mm/yr."
918,fold_structure,monocline,"1:750,000","<130,000",unspecified,"{faultZone} {faultName} {sectionName} {strandName} is a monocline that was mapped at 1:750,000 scale. Geologic studies have determined that the structure has had movement in the last <130,000 years and has a slip rate of unspecified."
919,fold_structure,monocline,"1:750,000","<130,000",Undetermined,"{faultZone} {faultName} {sectionName} {strandName} is a monocline that was mapped at 1:750,000 scale. Geologic studies have determined that the structure has had movement in the last <130,000 years and has a slip rate of Undetermined."
920,fold_structure,monocline,"1:750,000","<130,000",>5 mm/yr,"{faultZone} {faultName} {sectionName} {strandName} is a monocline that was mapped at 1:750,000 scale. Geologic studies have determined that the structure has had movement in the last <130,000 years and has a slip rate of >5 mm/yr."
921,fold_structure,monocline,"1:750,000","<750,000",<0.2 mm/yr,"{faultZone} {faultName} {sectionName} {strandName} is a monocline that was mapped at 1:750,000 scale. Geologic studies have determined that the structure has had movement in the last <750,000 years and has a slip rate of <0.2 mm/yr."
922,fold_structure,monocline,"1:750,000","<750,000",0.2 - 1 mm/yr,"{faultZone} {faultName} {sectionName} {strandName} is a monocline that was mapped at 1:750,000 scale. Geologic studies have determined that the structure has had movement in the last <750,000 years and has a slip rate of 0.2 - 1 mm/yr."
923,fold_structure,monocline,"1:750,000","<750,000",1 - 5 mm/yr,"{faultZone} {faultName} {sectionName} {strandName} is a monocline that was mapped at 1:750,000 scale. Geologic studies have determined that the structure has had movement in the last <750,000 years and has a slip rate of 1 - 5 mm/yr."
924,fold_structure,monocline,"1:750,000","<750,000",unspecified,"{faultZone} {faultName} {sectionName} {strandName} is a monocline that was mapped at 1:750,000 scale. Geologic studies have determined that the structure has had movement in the last <750,000 years and has a slip rate of unspecified."
925,fold_structure,monocline,"1:750,000","<750,000",Undetermined,"{faultZone} {faultName} {sectionName} {strandName} is a monocline that was mapped at 1:750,000 scale. Geologic studies have determined that the structure has had movement in the last <750,000 years and has a slip rate of Undetermined."
926,fold_structure,monocline,"1:750,000","<750,000",>5 mm/yr,"{faultZone} {faultName} {sectionName} {strandName} is a monocline that was mapped at 1:750,000 scale. Geologic studies have determined that the structure has had movement in the last <750,000 years and has a slip rate of >5 mm/yr."
927,fold_structure,monocline,"1:750,000",undetermined,<0.2 mm/yr,"{faultZone} {faultName} {sectionName} {strandName} is a monocline that was mapped at 1:750,000 scale. Geologic studies have determined that the structure has had movement in the last undetermined years and has a slip rate of <0.2 mm/yr."
928,fold_structure,monocline,"1:750,000",undetermined,0.2 - 1 mm/yr,"{faultZone} {faultName} {sectionName} {strandName} is a monocline that was mapped at 1:750,000 scale. Geologic studies have determined that the structure has had movement in the last undetermined years and has a slip rate of 0.2 - 1 mm/yr."
929,fold_structure,monocline,"1:750,000",undetermined,1 - 5 mm/yr,"{faultZone} {faultName} {sectionName} {strandName} is a monocline that was mapped at 1:750,000 scale. Geologic studies have determined that the structure has had movement in the last undetermined years and has a slip rate of 1 - 5 mm/yr."
930,fold_structure,monocline,"1:750,000",undetermined,unspecified,"{faultZone} {faultName} {sectionName} {strandName} is a monocline that was mapped at 1:750,000 scale. Geologic studies have determined that the structure has had movement in the last undetermined years and has a slip rate of unspecified."
931,fold_structure,monocline,"1:750,000",undetermined,Undetermined,"{faultZone} {faultName} {sectionName} {strandName} is a monocline that was mapped at 1:750,000 scale. Geologic studies have determined that the structure has had movement in the last undetermined years and has a slip rate of Undetermined."
932,fold_structure,monocline,"1:750,000",undetermined,>5 mm/yr,"{faultZone} {faultName} {sectionName} {strandName} is a monocline that was mapped at 1:750,000 scale. Geologic studies have determined that the structure has had movement in the last undetermined years and has a slip rate of >5 mm/yr."
933,fold_structure,monocline,"1:750,000",<150,<0.2 mm/yr,"{faultZone} {faultName} {sectionName} {strandName} is a monocline that was mapped at 1:750,000 scale. Geologic studies have determined that the structure has had movement in the last <150 years and has a slip rate of <0.2 mm/yr."
934,fold_structure,monocline,"1:750,000",<150,0.2 - 1 mm/yr,"{faultZone} {faultName} {sectionName} {strandName} is a monocline that was mapped at 1:750,000 scale. Geologic studies have determined that the structure has had movement in the last <150 years and has a slip rate of 0.2 - 1 mm/yr."
935,fold_structure,monocline,"1:750,000",<150,1 - 5 mm/yr,"{faultZone} {faultName} {sectionName} {strandName} is a monocline that was mapped at 1:750,000 scale. Geologic studies have determined that the structure has had movement in the last <150 years and has a slip rate of 1 - 5 mm/yr."
936,fold_structure,monocline,"1:750,000",<150,unspecified,"{faultZone} {faultName} {sectionName} {strandName} is a monocline that was mapped at 1:750,000 scale. Geologic studies have determined that the structure has had movement in the last <150 years and has a slip rate of unspecified."
937,fold_structure,monocline,"1:750,000",<150,Undetermined,"{faultZone} {faultName} {sectionName} {strandName} is a monocline that was mapped at 1:750,000 scale. Geologic studies have determined that the structure has had movement in the last <150 years and has a slip rate of Undetermined."
938,fold_structure,monocline,"1:750,000",<150,>5 mm/yr,"{faultZone} {faultName} {sectionName} {strandName} is a monocline that was mapped at 1:750,000 scale. Geologic studies have determined that the structure has had movement in the last <150 years and has a slip rate of >5 mm/yr."
939,known_age,unknown,"1:10,000","<15,000",<0.2 mm/yr,"{faultZone} {faultName} {sectionName} {strandName} is a unknown fault that was mapped at 1:10,000 scale. Geologic studies have determined that the fault has had movement in the last <15,000 years and has a slip rate of <0.2 mm/yr."
940,known_age,unknown,"1:10,000","<15,000",0.2 - 1 mm/yr,"{faultZone} {faultName} {sectionName} {strandName} is a unknown fault that was mapped at 1:10,000 scale. Geologic studies have determined that the fault has had movement in the last <15,000 years and has a slip rate of 0.2 - 1 mm/yr."
941,known_age,unknown,"1:10,000","<15,000",1 - 5 mm/yr,"{faultZone} {faultName} {sectionName} {strandName} is a unknown fault that was mapped at 1:10,000 scale. Geologic studies have determined that the fault has had movement in the last <15,000 years and has a slip rate of 1 - 5 mm/yr."
942,known_age,unknown,"1:10,000","<15,000",unspecified,"{faultZone} {faultName} {sectionName} {strandName} is a unknown fault that was mapped at 1:10,000 scale. Geologic studies have determined that the fault has had movement in the last <15,000 years and has a slip rate of unspecified."
943,known_age,unknown,"1:10,000","<15,000",Undetermined,"{faultZone} {faultName} {sectionName} {strandName} is a unknown fault that was mapped at 1:10,000 scale. Geologic studies have determined that the fault has had movement in the last <15,000 years and has a slip rate of Undetermined."
944,known_age,unknown,"1:10,000","<15,000",>5 mm/yr,"{faultZone} {faultName} {sectionName} {strandName} is a unknown fault that was mapped at 1:10,000 scale. Geologic studies have determined that the fault has had movement in the last <15,000 years and has a slip rate of >5 mm/yr."
945,known_age,unknown,"1:10,000","<2,600,000",<0.2 mm/yr,"{faultZone} {faultName} {sectionName} {strandName} is a unknown fault that was mapped at 1:10,000 scale. Geologic studies have determined that the fault has had movement in the last <2,600,000 years and has a slip rate of <0.2 mm/yr."
946,known_age,unknown,"1:10,000","<2,600,000",0.2 - 1 mm/yr,"{faultZone} {faultName} {sectionName} {strandName} is a unknown fault that was mapped at 1:10,000 scale. Geologic studies have determined that the fault has had movement in the last <2,600,000 years and has a slip rate of 0.2 - 1 mm/yr."
947,known_age,unknown,"1:10,000","<2,600,000",1 - 5 mm/yr,"{faultZone} {faultName} {sectionName} {strandName} is a unknown fault that was mapped at 1:10,000 scale. Geologic studies have determined that the fault has had movement in the last <2,600,000 years and has a slip rate of 1 - 5 mm/yr."
948,known_age,unknown,"1:10,000","<2,600,000",unspecified,"{faultZone} {faultName} {sectionName} {strandName} is a unknown fault that was mapped at 1:10,000 scale. Geologic studies have determined that the fault has had movement in the last <2,600,000 years and has a slip rate of unspecified."
949,known_age,unknown,"1:10,000","<2,600,000",Undetermined,"{faultZone} {faultName} {sectionName} {strandName} is a unknown fault that was mapped at 1:10,000 scale. Geologic studies have determined that the fault has had movement in the last <2,600,000 years and has a slip rate of Undetermined."
950,known_age,unknown,"1:10,000","<2,600,000",>5 mm/yr,"{faultZone} {faultName} {sectionName} {strandName} is a unknown fault that was mapped at 1:10,000 scale. Geologic studies have determined that the fault has had movement in the last <2,600,000 years and has a slip rate of >5 mm/yr."
951,known_age,unknown,"1:10,000","<130,000",<0.2 mm/yr,"{faultZone} {faultName} {sectionName} {strandName} is a unknown fault that was mapped at 1:10,000 scale. Geologic studies have determined that the fault has had movement in the last <130,000 years and has a slip rate of <0.2 mm/yr."
952,known_age,unknown,"1:10,000","<130,000",0.2 - 1 mm/yr,"{faultZone} {faultName} {sectionName} {strandName} is a unknown fault that was mapped at 1:10,000 scale. Geologic studies have determined that the fault has had movement in the last <130,000 years and has a slip rate of 0.2 - 1 mm/yr."
953,known_age,unknown,"1:10,000","<130,000",1 - 5 mm/yr,"{faultZone} {faultName} {sectionName} {strandName} is a unknown fault that was mapped at 1:10,000 scale. Geologic studies have determined that the fault has had movement in the last <130,000 years and has a slip rate of 1 - 5 mm/yr."
954,known_age,unknown,"1:10,000","<130,000",unspecified,"{faultZone} {faultName} {sectionName} {strandName} is a unknown fault that was mapped at 1:10,000 scale. Geologic studies have determined that the fault has had movement in the last <130,000 years and has a slip rate of unspecified."
955,known_age,unknown,"1:10,000","<130,000",Undetermined,"{faultZone} {faultName} {sectionName} {strandName} is a unknown fault that was mapped at 1:10,000 scale. Geologic studies have determined that the fault has had movement in the last <130,000 years and has a slip rate of Undetermined."
956,known_age,unknown,"1:10,000","<130,000",>5 mm/yr,"{faultZone} {faultName} {sectionName} {strandName} is a unknown fault that was mapped at 1:10,000 scale. Geologic studies have determined that the fault has had movement in the last <130,000 years and has a slip rate of >5 mm/yr."
957,known_age,unknown,"1:10,000","<750,000",<0.2 mm/yr,"{faultZone} {faultName} {sectionName} {strandName} is a unknown fault that was mapped at 1:10,000 scale. Geologic studies have determined that the fault has had movement in the last <750,000 years and has a slip rate of <0.2 mm/yr."
958,known_age,unknown,"1:10,000","<750,000",0.2 - 1 mm/yr,"{faultZone} {faultName} {sectionName} {strandName} is a unknown fault that was mapped at 1:10,000 scale. Geologic studies have determined that the fault has had movement in the last <750,000 years and has a slip rate of 0.2 - 1 mm/yr."
959,known_age,unknown,"1:10,000","<750,000",1 - 5 mm/yr,"{faultZone} {faultName} {sectionName} {strandName} is a unknown fault that was mapped at 1:10,000 scale. Geologic studies have determined that the fault has had movement in the last <750,000 years and has a slip rate of 1 - 5 mm/yr."
960,known_age,unknown,"1:10,000","<750,000",unspecified,"{faultZone} {faultName} {sectionName} {strandName} is a unknown fault that was mapped at 1:10,000 scale. Geologic studies have determined that the fault has had movement in the last <750,000 years and has a slip rate of unspecified."
961,known_age,unknown,"1:10,000","<750,000",Undetermined,"{faultZone} {faultName} {sectionName} {strandName} is a unknown fault that was mapped at 1:10,000 scale. Geologic studies have determined that the fault has had movement in the last <750,000 years and has a slip rate of Undetermined."
962,known_age,unknown,"1:10,000","<750,000",>5 mm/yr,"{faultZone} {faultName} {sectionName} {strandName} is a unknown fault that was mapped at 1:10,000 scale. Geologic studies have determined that the fault has had movement in the last <750,000 years and has a slip rate of >5 mm/yr."
963,undetermined_age,unknown,"1:10,000",undetermined,,"{faultZone} {faultName} {sectionName} {strandName} is a unknown fault that was mapped at 1:10,000 scale. Geologic studies have not determined the age or slip rate of the fault."
964,known_age,unknown,"1:10,000",<150,<0.2 mm/yr,"{faultZone} {faultName} {sectionName} {strandName} is a unknown fault that was mapped at 1:10,000 scale. Geologic studies have determined that the fault has had movement in the last <150 years and has a slip rate of <0.2 mm/yr."
965,known_age,unknown,"1:10,000",<150,0.2 - 1 mm/yr,"{faultZone} {faultName} {sectionName} {strandName} is a unknown fault that was mapped at 1:10,000 scale. Geologic studies have determined that the fault has had movement in the last <150 years and has a slip rate of 0.2 - 1 mm/yr."
966,known_age,unknown,"1:10,000",<150,1 - 5 mm/yr,"{faultZone} {faultName} {sectionName} {strandName} is a unknown fault that was mapped at 1:10,000 scale. Geologic studies have determined that the fault has had movement in the last <150 years and has a slip rate of 1 - 5 mm/yr."
967,known_age,unknown,"1:10,000",<150,unspecified,"{faultZone} {faultName} {sectionName} {strandName} is a unknown fault that was mapped at 1:10,000 scale. Geologic studies have determined that the fault has had movement in the last <150 years and has a slip rate of unspecified."
968,known_age,unknown,"1:10,000",<150,Undetermined,"{faultZone} {faultName} {sectionName} {strandName} is a unknown fault that was mapped at 1:10,000 scale. Geologic studies have determined that the fault has had movement in the last <150 years and has a slip rate of Undetermined."
969,known_age,unknown,"1:10,000",<150,>5 mm/yr,"{faultZone} {faultName} {sectionName} {strandName} is a unknown fault that was mapped at 1:10,000 scale. Geologic studies have determined that the fault has had movement in the last <150 years and has a slip rate of >5 mm/yr."
970,known_age,unknown,"1:24,000","<15,000",<0.2 mm/yr,"{faultZone} {faultName} {sectionName} {strandName} is a unknown fault that was mapped at 1:24,000 scale. Geologic studies have determined that the fault has had movement in the last <15,000 years and has a slip rate of <0.2 mm/yr."
971,known_age,unknown,"1:24,000","<15,000",0.2 - 1 mm/yr,"{faultZone} {faultName} {sectionName} {strandName} is a unknown fault that was mapped at 1:24,000 scale. Geologic studies have determined that the fault has had movement in the last <15,000 years and has a slip rate of 0.2 - 1 mm/yr."
972,known_age,unknown,"1:24,000","<15,000",1 - 5 mm/yr,"{faultZone} {faultName} {sectionName} {strandName} is a unknown fault that was mapped at 1:24,000 scale. Geologic studies have determined that the fault has had movement in the last <15,000 years and has a slip rate of 1 - 5 mm/yr."
973,known_age,unknown,"1:24,000","<15,000",unspecified,"{faultZone} {faultName} {sectionName} {strandName} is a unknown fault that was mapped at 1:24,000 scale. Geologic studies have determined that the fault has had movement in the last <15,000 years and has a slip rate of unspecified."
974,known_age,unknown,"1:24,000","<15,000",Undetermined,"{faultZone} {faultName} {sectionName} {strandName} is a unknown fault that was mapped at 1:24,000 scale. Geologic studies have determined that the fault has had movement in the last <15,000 years and has a slip rate of Undetermined."
975,known_age,unknown,"1:24,000","<15,000",>5 mm/yr,"{faultZone} {faultName} {sectionName} {strandName} is a unknown fault that was mapped at 1:24,000 scale. Geologic studies have determined that the fault has had movement in the last <15,000 years and has a slip rate of >5 mm/yr."
976,known_age,unknown,"1:24,000","<2,600,000",<0.2 mm/yr,"{faultZone} {faultName} {sectionName} {strandName} is a unknown fault that was mapped at 1:24,000 scale. Geologic studies have determined that the fault has had movement in the last <2,600,000 years and has a slip rate of <0.2 mm/yr."
977,known_age,unknown,"1:24,000","<2,600,000",0.2 - 1 mm/yr,"{faultZone} {faultName} {sectionName} {strandName} is a unknown fault that was mapped at 1:24,000 scale. Geologic studies have determined that the fault has had movement in the last <2,600,000 years and has a slip rate of 0.2 - 1 mm/yr."
978,known_age,unknown,"1:24,000","<2,600,000",1 - 5 mm/yr,"{faultZone} {faultName} {sectionName} {strandName} is a unknown fault that was mapped at 1:24,000 scale. Geologic studies have determined that the fault has had movement in the last <2,600,000 years and has a slip rate of 1 - 5 mm/yr."
979,known_age,unknown,"1:24,000","<2,600,000",unspecified,"{faultZone} {faultName} {sectionName} {strandName} is a unknown fault that was mapped at 1:24,000 scale. Geologic studies have determined that the fault has had movement in the last <2,600,000 years and has a slip rate of unspecified."
980,known_age,unknown,"1:24,000","<2,600,000",Undetermined,"{faultZone} {faultName} {sectionName} {strandName} is a unknown fault that was mapped at 1:24,000 scale. Geologic studies have determined that the fault has had movement in the last <2,600,000 years and has a slip rate of Undetermined."
981,known_age,unknown,"1:24,000","<2,600,000",>5 mm/yr,"{faultZone} {faultName} {sectionName} {strandName} is a unknown fault that was mapped at 1:24,000 scale. Geologic studies have determined that the fault has had movement in the last <2,600,000 years and has a slip rate of >5 mm/yr."
982,known_age,unknown,"1:24,000","<130,000",<0.2 mm/yr,"{faultZone} {faultName} {sectionName} {strandName} is a unknown fault that was mapped at 1:24,000 scale. Geologic studies have determined that the fault has had movement in the last <130,000 years and has a slip rate of <0.2 mm/yr."
983,known_age,unknown,"1:24,000","<130,000",0.2 - 1 mm/yr,"{faultZone} {faultName} {sectionName} {strandName} is a unknown fault that was mapped at 1:24,000 scale. Geologic studies have determined that the fault has had movement in the last <130,000 years and has a slip rate of 0.2 - 1 mm/yr."
984,known_age,unknown,"1:24,000","<130,000",1 - 5 mm/yr,"{faultZone} {faultName} {sectionName} {strandName} is a unknown fault that was mapped at 1:24,000 scale. Geologic studies have determined that the fault has had movement in the last <130,000 years and has a slip rate of 1 - 5 mm/yr."
985,known_age,unknown,"1:24,000","<130,000",unspecified,"{faultZone} {faultName} {sectionName} {strandName} is a unknown fault that was mapped at 1:24,000 scale. Geologic studies have determined that the fault has had movement in the last <130,000 years and has a slip rate of unspecified."
986,known_age,unknown,"1:24,000","<130,000",Undetermined,"{faultZone} {faultName} {sectionName} {strandName} is a unknown fault that was mapped at 1:24,000 scale. Geologic studies have determined that the fault has had movement in the last <130,000 years and has a slip rate of Undetermined."
987,known_age,unknown,"1:24,000","<130,000",>5 mm/yr,"{faultZone} {faultName} {sectionName} {strandName} is a unknown fault that was mapped at 1:24,000 scale. Geologic studies have determined that the fault has had movement in the last <130,000 years and has a slip rate of >5 mm/yr."
988,known_age,unknown,"1:24,000","<750,000",<0.2 mm/yr,"{faultZone} {faultName} {sectionName} {strandName} is a unknown fault that was mapped at 1:24,000 scale. Geologic studies have determined that the fault has had movement in the last <750,000 years and has a slip rate of <0.2 mm/yr."
989,known_age,unknown,"1:24,000","<750,000",0.2 - 1 mm/yr,"{faultZone} {faultName} {sectionName} {strandName} is a unknown fault that was mapped at 1:24,000 scale. Geologic studies have determined that the fault has had movement in the last <750,000 years and has a slip rate of 0.2 - 1 mm/yr."
990,known_age,unknown,"1:24,000","<750,000",1 - 5 mm/yr,"{faultZone} {faultName} {sectionName} {strandName} is a unknown fault that was mapped at 1:24,000 scale. Geologic studies have determined that the fault has had movement in the last <750,000 years and has a slip rate of 1 - 5 mm/yr."
991,known_age,unknown,"1:24,000","<750,000",unspecified,"{faultZone} {faultName} {sectionName} {strandName} is a unknown fault that was mapped at 1:24,000 scale. Geologic studies have determined that the fault has had movement in the last <750,000 years and has a slip rate of unspecified."
992,known_age,unknown,"1:24,000","<750,000",Undetermined,"{faultZone} {faultName} {sectionName} {strandName} is a unknown fault that was mapped at 1:24,000 scale. Geologic studies have determined that the fault has had movement in the last <750,000 years and has a slip rate of Undetermined."
993,known_age,unknown,"1:24,000","<750,000",>5 mm/yr,"{faultZone} {faultName} {sectionName} {strandName} is a unknown fault that was mapped at 1:24,000 scale. Geologic studies have determined that the fault has had movement in the last <750,000 years and has a slip rate of >5 mm/yr."
994,undetermined_age,unknown,"1:24,000",undetermined,,"{faultZone} {faultName} {sectionName} {strandName} is a unknown fault that was mapped at 1:24,000 scale. Geologic studies have not determined the age or slip rate of the fault."
995,known_age,unknown,"1:24,000",<150,<0.2 mm/yr,"{faultZone} {faultName} {sectionName} {strandName} is a unknown fault that was mapped at 1:24,000 scale. Geologic studies have determined that the fault has had movement in the last <150 years and has a slip rate of <0.2 mm/yr."
996,known_age,unknown,"1:24,000",<150,0.2 - 1 mm/yr,"{faultZone} {faultName} {sectionName} {strandName} is a unknown fault that was mapped at 1:24,000 scale. Geologic studies have determined that the fault has had movement in the last <150 years and has a slip rate of 0.2 - 1 mm/yr."
997,known_age,unknown,"1:24,000",<150,1 - 5 mm/yr,"{faultZone} {faultName} {sectionName} {strandName} is a unknown fault that was mapped at 1:24,000 scale. Geologic studies have determined that the fault has had movement in the last <150 years and has a slip rate of 1 - 5 mm/yr."
998,known_age,unknown,"1:24,000",<150,unspecified,"{faultZone} {faultName} {sectionName} {strandName} is a unknown fault that was mapped at 1:24,000 scale. Geologic studies have determined that the fault has had movement in the last <150 years and has a slip rate of unspecified."
999,known_age,unknown,"1:24,000",<150,Undetermined,"{faultZone} {faultName} {sectionName} {strandName} is a unknown fault that was mapped at 1:24,000 scale. Geologic studies have determined that the fault has had movement in the last <150 years and has a slip rate of Undetermined."
1000,known_age,unknown,"1:24,000",<150,>5 mm/yr,"{faultZone} {faultName} {sectionName} {strandName} is a unknown fault that was mapped at 1:24,000 scale. Geologic studies have determined that the fault has had movement in the last <150 years and has a slip rate of >5 mm/yr."
1001,known_age,unknown,"1:100,000","<15,000",<0.2 mm/yr,"{faultZone} {faultName} {sectionName} {strandName} is a unknown fault that was mapped at 1:100,000 scale. Geologic studies have determined that the fault has had movement in the last <15,000 years and has a slip rate of <0.2 mm/yr."
1002,known_age,unknown,"1:100,000","<15,000",0.2 - 1 mm/yr,"{faultZone} {faultName} {sectionName} {strandName} is a unknown fault that was mapped at 1:100,000 scale. Geologic studies have determined that the fault has had movement in the last <15,000 years and has a slip rate of 0.2 - 1 mm/yr."
1003,known_age,unknown,"1:100,000","<15,000",1 - 5 mm/yr,"{faultZone} {faultName} {sectionName} {strandName} is a unknown fault that was mapped at 1:100,000 scale. Geologic studies have determined that the fault has had movement in the last <15,000 years and has a slip rate of 1 - 5 mm/yr."
1004,known_age,unknown,"1:100,000","<15,000",unspecified,"{faultZone} {faultName} {sectionName} {strandName} is a unknown fault that was mapped at 1:100,000 scale. Geologic studies have determined that the fault has had movement in the last <15,000 years and has a slip rate of unspecified."
1005,known_age,unknown,"1:100,000","<15,000",Undetermined,"{faultZone} {faultName} {sectionName} {strandName} is a unknown fault that was mapped at 1:100,000 scale. Geologic studies have determined that the fault has had movement in the last <15,000 years and has a slip rate of Undetermined."
1006,known_age,unknown,"1:100,000","<15,000",>5 mm/yr,"{faultZone} {faultName} {sectionName} {strandName} is a unknown fault that was mapped at 1:100,000 scale. Geologic studies have determined that the fault has had movement in the last <15,000 years and has a slip rate of >5 mm/yr."
1007,known_age,unknown,"1:100,000","<2,600,000",<0.2 mm/yr,"{faultZone} {faultName} {sectionName} {strandName} is a unknown fault that was mapped at 1:100,000 scale. Geologic studies have determined that the fault has had movement in the last <2,600,000 years and has a slip rate of <0.2 mm/yr."
1008,known_age,unknown,"1:100,000","<2,600,000",0.2 - 1 mm/yr,"{faultZone} {faultName} {sectionName} {strandName} is a unknown fault that was mapped at 1:100,000 scale. Geologic studies have determined that the fault has had movement in the last <2,600,000 years and has a slip rate of 0.2 - 1 mm/yr."
1009,known_age,unknown,"1:100,000","<2,600,000",1 - 5 mm/yr,"{faultZone} {faultName} {sectionName} {strandName} is a unknown fault that was mapped at 1:100,000 scale. Geologic studies have determined that the fault has had movement in the last <2,600,000 years and has a slip rate of 1 - 5 mm/yr."
1010,known_age,unknown,"1:100,000","<2,600,000",unspecified,"{faultZone} {faultName} {sectionName} {strandName} is a unknown fault that was mapped at 1:100,000 scale. Geologic studies have determined that the fault has had movement in the last <2,600,000 years and has a slip rate of unspecified."
1011,known_age,unknown,"1:100,000","<2,600,000",Undetermined,"{faultZone} {faultName} {sectionName} {strandName} is a unknown fault that was mapped at 1:100,000 scale. Geologic studies have determined that the fault has had movement in the last <2,600,000 years and has a slip rate of Undetermined."
1012,known_age,unknown,"1:100,000","<2,600,000",>5 mm/yr,"{faultZone} {faultName} {sectionName} {strandName} is a unknown fault that was mapped at 1:100,000 scale. Geologic studies have determined that the fault has had movement in the last <2,600,000 years and has a slip rate of >5 mm/yr."
1013,known_age,unknown,"1:100,000","<130,000",<0.2 mm/yr,"{faultZone} {faultName} {sectionName} {strandName} is a unknown fault that was mapped at 1:100,000 scale. Geologic studies have determined that the fault has had movement in the last <130,000 years and has a slip rate of <0.2 mm/yr."
1014,known_age,unknown,"1:100,000","<130,000",0.2 - 1 mm/yr,"{faultZone} {faultName} {sectionName} {strandName} is a unknown fault that was mapped at 1:100,000 scale. Geologic studies have determined that the fault has had movement in the last <130,000 years and has a slip rate of 0.2 - 1 mm/yr."
1015,known_age,unknown,"1:100,000","<130,000",1 - 5 mm/yr,"{faultZone} {faultName} {sectionName} {strandName} is a unknown fault that was mapped at 1:100,000 scale. Geologic studies have determined that the fault has had movement in the last <130,000 years and has a slip rate of 1 - 5 mm/yr."
1016,known_age,unknown,"1:100,000","<130,000",unspecified,"{faultZone} {faultName} {sectionName} {strandName} is a unknown fault that was mapped at 1:100,000 scale. Geologic studies have determined that the fault has had movement in the last <130,000 years and has a slip rate of unspecified."
1017,known_age,unknown,"1:100,000","<130,000",Undetermined,"{faultZone} {faultName} {sectionName} {strandName} is a unknown fault that was mapped at 1:100,000 scale. Geologic studies have determined that the fault has had movement in the last <130,000 years and has a slip rate of Undetermined."
1018,known_age,unknown,"1:100,000","<130,000",>5 mm/yr,"{faultZone} {faultName} {sectionName} {strandName} is a unknown fault that was mapped at 1:100,000 scale. Geologic studies have determined that the fault has had movement in the last <130,000 years and has a slip rate of >5 mm/yr."
1019,known_age,unknown,"1:100,000","<750,000",<0.2 mm/yr,"{faultZone} {faultName} {sectionName} {strandName} is a unknown fault that was mapped at 1:100,000 scale. Geologic studies have determined that the fault has had movement in the last <750,000 years and has a slip rate of <0.2 mm/yr."
1020,known_age,unknown,"1:100,000","<750,000",0.2 - 1 mm/yr,"{faultZone} {faultName} {sectionName} {strandName} is a unknown fault that was mapped at 1:100,000 scale. Geologic studies have determined that the fault has had movement in the last <750,000 years and has a slip rate of 0.2 - 1 mm/yr."
1021,known_age,unknown,"1:100,000","<750,000",1 - 5 mm/yr,"{faultZone} {faultName} {sectionName} {strandName} is a unknown fault that was mapped at 1:100,000 scale. Geologic studies have determined that the fault has had movement in the last <750,000 years and has a slip rate of 1 - 5 mm/yr."
1022,known_age,unknown,"1:100,000","<750,000",unspecified,"{faultZone} {faultName} {sectionName} {strandName} is a unknown fault that was mapped at 1:100,000 scale. Geologic studies have determined that the fault has had movement in the last <750,000 years and has a slip rate of unspecified."
1023,known_age,unknown,"1:100,000","<750,000",Undetermined,"{faultZone} {faultName} {sectionName} {strandName} is a unknown fault that was mapped at 1:100,000 scale. Geologic studies have determined that the fault has had movement in the last <750,000 years and has a slip rate of Undetermined."
1024,known_age,unknown,"1:100,000","<750,000",>5 mm/yr,"{faultZone} {faultName} {sectionName} {strandName} is a unknown fault that was mapped at 1:100,000 scale. Geologic studies have determined that the fault has had movement in the last <750,000 years and has a slip rate of >5 mm/yr."
1025,undetermined_age,unknown,"1:100,000",undetermined,,"{faultZone} {faultName} {sectionName} {strandName} is a unknown fault that was mapped at 1:100,000 scale. Geologic studies have not determined the age or slip rate of the fault."
1026,known_age,unknown,"1:100,000",<150,<0.2 mm/yr,"{faultZone} {faultName} {sectionName} {strandName} is a unknown fault that was mapped at 1:100,000 scale. Geologic studies have determined that the fault has had movement in the last <150 years and has a slip rate of <0.2 mm/yr."
1027,known_age,unknown,"1:100,000",<150,0.2 - 1 mm/yr,"{faultZone} {faultName} {sectionName} {strandName} is a unknown fault that was mapped at 1:100,000 scale. Geologic studies have determined that the fault has had movement in the last <150 years and has a slip rate of 0.2 - 1 mm/yr."
1028,known_age,unknown,"1:100,000",<150,1 - 5 mm/yr,"{faultZone} {faultName} {sectionName} {strandName} is a unknown fault that was mapped at 1:100,000 scale. Geologic studies have determined that the fault has had movement in the last <150 years and has a slip rate of 1 - 5 mm/yr."
1029,known_age,unknown,"1:100,000",<150,unspecified,"{faultZone} {faultName} {sectionName} {strandName} is a unknown fault that was mapped at 1:100,000 scale. Geologic studies have determined that the fault has had movement in the last <150 years and has a slip rate of unspecified."
1030,known_age,unknown,"1:100,000",<150,Undetermined,"{faultZone} {faultName} {sectionName} {strandName} is a unknown fault that was mapped at 1:100,000 scale. Geologic studies have determined that the fault has had movement in the last <150 years and has a slip rate of Undetermined."
1031,known_age,unknown,"1:100,000",<150,>5 mm/yr,"{faultZone} {faultName} {sectionName} {strandName} is a unknown fault that was mapped at 1:100,000 scale. Geologic studies have determined that the fault has had movement in the last <150 years and has a slip rate of >5 mm/yr."
1032,known_age,unknown,"1:250,000","<15,000",<0.2 mm/yr,"{faultZone} {faultName} {sectionName} {strandName} is a unknown fault that was mapped at 1:250,000 scale. Geologic studies have determined that the fault has had movement in the last <15,000 years and has a slip rate of <0.2 mm/yr."
1033,known_age,unknown,"1:250,000","<15,000",0.2 - 1 mm/yr,"{faultZone} {faultName} {sectionName} {strandName} is a unknown fault that was mapped at 1:250,000 scale. Geologic studies have determined that the fault has had movement in the last <15,000 years and has a slip rate of 0.2 - 1 mm/yr."
1034,known_age,unknown,"1:250,000","<15,000",1 - 5 mm/yr,"{faultZone} {faultName} {sectionName} {strandName} is a unknown fault that was mapped at 1:250,000 scale. Geologic studies have determined that the fault has had movement in the last <15,000 years and has a slip rate of 1 - 5 mm/yr."
1035,known_age,unknown,"1:250,000","<15,000",unspecified,"{faultZone} {faultName} {sectionName} {strandName} is a unknown fault that was mapped at 1:250,000 scale. Geologic studies have determined that the fault has had movement in the last <15,000 years and has a slip rate of unspecified."
1036,known_age,unknown,"1:250,000","<15,000",Undetermined,"{faultZone} {faultName} {sectionName} {strandName} is a unknown fault that was mapped at 1:250,000 scale. Geologic studies have determined that the fault has had movement in the last <15,000 years and has a slip rate of Undetermined."
1037,known_age,unknown,"1:250,000","<15,000",>5 mm/yr,"{faultZone} {faultName} {sectionName} {strandName} is a unknown fault that was mapped at 1:250,000 scale. Geologic studies have determined that the fault has had movement in the last <15,000 years and has a slip rate of >5 mm/yr."
1038,known_age,unknown,"1:250,000","<2,600,000",<0.2 mm/yr,"{faultZone} {faultName} {sectionName} {strandName} is a unknown fault that was mapped at 1:250,000 scale. Geologic studies have determined that the fault has had movement in the last <2,600,000 years and has a slip rate of <0.2 mm/yr."
1039,known_age,unknown,"1:250,000","<2,600,000",0.2 - 1 mm/yr,"{faultZone} {faultName} {sectionName} {strandName} is a unknown fault that was mapped at 1:250,000 scale. Geologic studies have determined that the fault has had movement in the last <2,600,000 years and has a slip rate of 0.2 - 1 mm/yr."
1040,known_age,unknown,"1:250,000","<2,600,000",1 - 5 mm/yr,"{faultZone} {faultName} {sectionName} {strandName} is a unknown fault that was mapped at 1:250,000 scale. Geologic studies have determined that the fault has had movement in the last <2,600,000 years and has a slip rate of 1 - 5 mm/yr."
1041,known_age,unknown,"1:250,000","<2,600,000",unspecified,"{faultZone} {faultName} {sectionName} {strandName} is a unknown fault that was mapped at 1:250,000 scale. Geologic studies have determined that the fault has had movement in the last <2,600,000 years and has a slip rate of unspecified."
1042,known_age,unknown,"1:250,000","<2,600,000",Undetermined,"{faultZone} {faultName} {sectionName} {strandName} is a unknown fault that was mapped at 1:250,000 scale. Geologic studies have determined that the fault has had movement in the last <2,600,000 years and has a slip rate of Undetermined."
1043,known_age,unknown,"1:250,000","<2,600,000",>5 mm/yr,"{faultZone} {faultName} {sectionName} {strandName} is a unknown fault that was mapped at 1:250,000 scale. Geologic studies have determined that the fault has had movement in the last <2,600,000 years and has a slip rate of >5 mm/yr."
1044,known_age,unknown,"1:250,000","<130,000",<0.2 mm/yr,"{faultZone} {faultName} {sectionName} {strandName} is a unknown fault that was mapped at 1:250,000 scale. Geologic studies have determined that the fault has had movement in the last <130,000 years and has a slip rate of <0.2 mm/yr."
1045,known_age,unknown,"1:250,000","<130,000",0.2 - 1 mm/yr,"{faultZone} {faultName} {sectionName} {strandName} is a unknown fault that was mapped at 1:250,000 scale. Geologic studies have determined that the fault has had movement in the last <130,000 years and has a slip rate of 0.2 - 1 mm/yr."
1046,known_age,unknown,"1:250,000","<130,000",1 - 5 mm/yr,"{faultZone} {faultName} {sectionName} {strandName} is a unknown fault that was mapped at 1:250,000 scale. Geologic studies have determined that the fault has had movement in the last <130,000 years and has a slip rate of 1 - 5 mm/yr."
1047,known_age,unknown,"1:250,000","<130,000",unspecified,"{faultZone} {faultName} {sectionName} {strandName} is a unknown fault that was mapped at 1:250,000 scale. Geologic studies have determined that the fault has had movement in the last <130,000 years and has a slip rate of unspecified."
1048,known_age,unknown,"1:250,000","<130,000",Undetermined,"{faultZone} {faultName} {sectionName} {strandName} is a unknown fault that was mapped at 1:250,000 scale. Geologic studies have determined that the fault has had movement in the last <130,000 years and has a slip rate of Undetermined."
1049,known_age,unknown,"1:250,000","<130,000",>5 mm/yr,"{faultZone} {faultName} {sectionName} {strandName} is a unknown fault that was mapped at 1:250,000 scale. Geologic studies have determined that the fault has had movement in the last <130,000 years and has a slip rate of >5 mm/yr."
1050,known_age,unknown,"1:250,000","<750,000",<0.2 mm/yr,"{faultZone} {faultName} {sectionName} {strandName} is a unknown fault that was mapped at 1:250,000 scale. Geologic studies have determined that the fault has had movement in the last <750,000 years and has a slip rate of <0.2 mm/yr."
1051,known_age,unknown,"1:250,000","<750,000",0.2 - 1 mm/yr,"{faultZone} {faultName} {sectionName} {strandName} is a unknown fault that was mapped at 1:250,000 scale. Geologic studies have determined that the fault has had movement in the last <750,000 years and has a slip rate of 0.2 - 1 mm/yr."
1052,known_age,unknown,"1:250,000","<750,000",1 - 5 mm/yr,"{faultZone} {faultName} {sectionName} {strandName} is a unknown fault that was mapped at 1:250,000 scale. Geologic studies have determined that the fault has had movement in the last <750,000 years and has a slip rate of 1 - 5 mm/yr."
1053,known_age,unknown,"1:250,000","<750,000",unspecified,"{faultZone} {faultName} {sectionName} {strandName} is a unknown fault that was mapped at 1:250,000 scale. Geologic studies have determined that the fault has had movement in the last <750,000 years and has a slip rate of unspecified."
1054,known_age,unknown,"1:250,000","<750,000",Undetermined,"{faultZone} {faultName} {sectionName} {strandName} is a unknown fault that was mapped at 1:250,000 scale. Geologic studies have determined that the fault has had movement in the last <750,000 years and has a slip rate of Undetermined."
1055,known_age,unknown,"1:250,000","<750,000",>5 mm/yr,"{faultZone} {faultName} {sectionName} {strandName} is a unknown fault that was mapped at 1:250,000 scale. Geologic studies have determined that the fault has had movement in the last <750,000 years and has a slip rate of >5 mm/yr."
1056,undetermined_age,unknown,"1:250,000",undetermined,,"{faultZone} {faultName} {sectionName} {strandName} is a unknown fault that was mapped at 1:250,000 scale. Geologic studies have not determined the age or slip rate of the fault."
1057,known_age,unknown,"1:250,000",<150,<0.2 mm/yr,"{faultZone} {faultName} {sectionName} {strandName} is a unknown fault that was mapped at 1:250,000 scale. Geologic studies have determined that the fault has had movement in the last <150 years and has a slip rate of <0.2 mm/yr."
1058,known_age,unknown,"1:250,000",<150,0.2 - 1 mm/yr,"{faultZone} {faultName} {sectionName} {strandName} is a unknown fault that was mapped at 1:250,000 scale. Geologic studies have determined that the fault has had movement in the last <150 years and has a slip rate of 0.2 - 1 mm/yr."
1059,known_age,unknown,"1:250,000",<150,1 - 5 mm/yr,"{faultZone} {faultName} {sectionName} {strandName} is a unknown fault that was mapped at 1:250,000 scale. Geologic studies have determined that the fault has had movement in the last <150 years and has a slip rate of 1 - 5 mm/yr."
1060,known_age,unknown,"1:250,000",<150,unspecified,"{faultZone} {faultName} {sectionName} {strandName} is a unknown fault that was mapped at 1:250,000 scale. Geologic studies have determined that the fault has had movement in the last <150 years and has a slip rate of unspecified."
1061,known_age,unknown,"1:250,000",<150,Undetermined,"{faultZone} {faultName} {sectionName} {strandName} is a unknown fault that was mapped at 1:250,000 scale. Geologic studies have determined that the fault has had movement in the last <150 years and has a slip rate of Undetermined."
1062,known_age,unknown,"1:250,000",<150,>5 mm/yr,"{faultZone} {faultName} {sectionName} {strandName} is a unknown fault that was mapped at 1:250,000 scale. Geologic studies have determined that the fault has had movement in the last <150 years and has a slip rate of >5 mm/yr."
1063,known_age,unknown,"1:62,500","<15,000",<0.2 mm/yr,"{faultZone} {faultName} {sectionName} {strandName} is a unknown fault that was mapped at 1:62,500 scale. Geologic studies have determined that the fault has had movement in the last <15,000 years and has a slip rate of <0.2 mm/yr."
1064,known_age,unknown,"1:62,500","<15,000",0.2 - 1 mm/yr,"{faultZone} {faultName} {sectionName} {strandName} is a unknown fault that was mapped at 1:62,500 scale. Geologic studies have determined that the fault has had movement in the last <15,000 years and has a slip rate of 0.2 - 1 mm/yr."
1065,known_age,unknown,"1:62,500","<15,000",1 - 5 mm/yr,"{faultZone} {faultName} {sectionName} {strandName} is a unknown fault that was mapped at 1:62,500 scale. Geologic studies have determined that the fault has had movement in the last <15,000 years and has a slip rate of 1 - 5 mm/yr."
1066,known_age,unknown,"1:62,500","<15,000",unspecified,"{faultZone} {faultName} {sectionName} {strandName} is a unknown fault that was mapped at 1:62,500 scale. Geologic studies have determined that the fault has had movement in the last <15,000 years and has a slip rate of unspecified."
1067,known_age,unknown,"1:62,500","<15,000",Undetermined,"{faultZone} {faultName} {sectionName} {strandName} is a unknown fault that was mapped at 1:62,500 scale. Geologic studies have determined that the fault has had movement in the last <15,000 years and has a slip rate of Undetermined."
1068,known_age,unknown,"1:62,500","<15,000",>5 mm/yr,"{faultZone} {faultName} {sectionName} {strandName} is a unknown fault that was mapped at 1:62,500 scale. Geologic studies have determined that the fault has had movement in the last <15,000 years and has a slip rate of >5 mm/yr."
1069,known_age,unknown,"1:62,500","<2,600,000",<0.2 mm/yr,"{faultZone} {faultName} {sectionName} {strandName} is a unknown fault that was mapped at 1:62,500 scale. Geologic studies have determined that the fault has had movement in the last <2,600,000 years and has a slip rate of <0.2 mm/yr."
1070,known_age,unknown,"1:62,500","<2,600,000",0.2 - 1 mm/yr,"{faultZone} {faultName} {sectionName} {strandName} is a unknown fault that was mapped at 1:62,500 scale. Geologic studies have determined that the fault has had movement in the last <2,600,000 years and has a slip rate of 0.2 - 1 mm/yr."
1071,known_age,unknown,"1:62,500","<2,600,000",1 - 5 mm/yr,"{faultZone} {faultName} {sectionName} {strandName} is a unknown fault that was mapped at 1:62,500 scale. Geologic studies have determined that the fault has had movement in the last <2,600,000 years and has a slip rate of 1 - 5 mm/yr."
1072,known_age,unknown,"1:62,500","<2,600,000",unspecified,"{faultZone} {faultName} {sectionName} {strandName} is a unknown fault that was mapped at 1:62,500 scale. Geologic studies have determined that the fault has had movement in the last <2,600,000 years and has a slip rate of unspecified."
1073,known_age,unknown,"1:62,500","<2,600,000",Undetermined,"{faultZone} {faultName} {sectionName} {strandName} is a unknown fault that was mapped at 1:62,500 scale. Geologic studies have determined that the fault has had movement in the last <2,600,000 years and has a slip rate of Undetermined."
1074,known_age,unknown,"1:62,500","<2,600,000",>5 mm/yr,"{faultZone} {faultName} {sectionName} {strandName} is a unknown fault that was mapped at 1:62,500 scale. Geologic studies have determined that the fault has had movement in the last <2,600,000 years and has a slip rate of >5 mm/yr."
1075,known_age,unknown,"1:62,500","<130,000",<0.2 mm/yr,"{faultZone} {faultName} {sectionName} {strandName} is a unknown fault that was mapped at 1:62,500 scale. Geologic studies have determined that the fault has had movement in the last <130,000 years and has a slip rate of <0.2 mm/yr."
1076,known_age,unknown,"1:62,500","<130,000",0.2 - 1 mm/yr,"{faultZone} {faultName} {sectionName} {strandName} is a unknown fault that was mapped at 1:62,500 scale. Geologic studies have determined that the fault has had movement in the last <130,000 years and has a slip rate of 0.2 - 1 mm/yr."
1077,known_age,unknown,"1:62,500","<130,000",1 - 5 mm/yr,"{faultZone} {faultName} {sectionName} {strandName} is a unknown fault that was mapped at 1:62,500 scale. Geologic studies have determined that the fault has had movement in the last <130,000 years and has a slip rate of 1 - 5 mm/yr."
1078,known_age,unknown,"1:62,500","<130,000",unspecified,"{faultZone} {faultName} {sectionName} {strandName} is a unknown fault that was mapped at 1:62,500 scale. Geologic studies have determined that the fault has had movement in the last <130,000 years and has a slip rate of unspecified."
1079,known_age,unknown,"1:62,500","<130,000",Undetermined,"{faultZone} {faultName} {sectionName} {strandName} is a unknown fault that was mapped at 1:62,500 scale. Geologic studies have determined that the fault has had movement in the last <130,000 years and has a slip rate of Undetermined."
1080,known_age,unknown,"1:62,500","<130,000",>5 mm/yr,"{faultZone} {faultName} {sectionName} {strandName} is a unknown fault that was mapped at 1:62,500 scale. Geologic studies have determined that the fault has had movement in the last <130,000 years and has a slip rate of >5 mm/yr."
1081,known_age,unknown,"1:62,500","<750,000",<0.2 mm/yr,"{faultZone} {faultName} {sectionName} {strandName} is a unknown fault that was mapped at 1:62,500 scale. Geologic studies have determined that the fault has had movement in the last <750,000 years and has a slip rate of <0.2 mm/yr."
1082,known_age,unknown,"1:62,500","<750,000",0.2 - 1 mm/yr,"{faultZone} {faultName} {sectionName} {strandName} is a unknown fault that was mapped at 1:62,500 scale. Geologic studies have determined that the fault has had movement in the last <750,000 years and has a slip rate of 0.2 - 1 mm/yr."
1083,known_age,unknown,"1:62,500","<750,000",1 - 5 mm/yr,"{faultZone} {faultName} {sectionName} {strandName} is a unknown fault that was mapped at 1:62,500 scale. Geologic studies have determined that the fault has had movement in the last <750,000 years and has a slip rate of 1 - 5 mm/yr."
1084,known_age,unknown,"1:62,500","<750,000",unspecified,"{faultZone} {faultName} {sectionName} {strandName} is a unknown fault that was mapped at 1:62,500 scale. Geologic studies have determined that the fault has had movement in the last <750,000 years and has a slip rate of unspecified."
1085,known_age,unknown,"1:62,500","<750,000",Undetermined,"{faultZone} {faultName} {sectionName} {strandName} is a unknown fault that was mapped at 1:62,500 scale. Geologic studies have determined that the fault has had movement in the last <750,000 years and has a slip rate of Undetermined."
1086,known_age,unknown,"1:62,500","<750,000",>5 mm/yr,"{faultZone} {faultName} {sectionName} {strandName} is a unknown fault that was mapped at 1:62,500 scale. Geologic studies have determined that the fault has had movement in the last <750,000 years and has a slip rate of >5 mm/yr."
1087,undetermined_age,unknown,"1:62,500",undetermined,,"{faultZone} {faultName} {sectionName} {strandName} is a unknown fault that was mapped at 1:62,500 scale. Geologic studies have not determined the age or slip rate of the fault."
1088,known_age,unknown,"1:62,500",<150,<0.2 mm/yr,"{faultZone} {faultName} {sectionName} {strandName} is a unknown fault that was mapped at 1:62,500 scale. Geologic studies have determined that the fault has had movement in the last <150 years and has a slip rate of <0.2 mm/yr."
1089,known_age,unknown,"1:62,500",<150,0.2 - 1 mm/yr,"{faultZone} {faultName} {sectionName} {strandName} is a unknown fault that was mapped at 1:62,500 scale. Geologic studies have determined that the fault has had movement in the last <150 years and has a slip rate of 0.2 - 1 mm/yr."
1090,known_age,unknown,"1:62,500",<150,1 - 5 mm/yr,"{faultZone} {faultName} {sectionName} {strandName} is a unknown fault that was mapped at 1:62,500 scale. Geologic studies have determined that the fault has had movement in the last <150 years and has a slip rate of 1 - 5 mm/yr."
1091,known_age,unknown,"1:62,500",<150,unspecified,"{faultZone} {faultName} {sectionName} {strandName} is a unknown fault that was mapped at 1:62,500 scale. Geologic studies have determined that the fault has had movement in the last <150 years and has a slip rate of unspecified."
1092,known_age,unknown,"1:62,500",<150,Undetermined,"{faultZone} {faultName} {sectionName} {strandName} is a unknown fault that was mapped at 1:62,500 scale. Geologic studies have determined that the fault has had movement in the last <150 years and has a slip rate of Undetermined."
1093,known_age,unknown,"1:62,500",<150,>5 mm/yr,"{faultZone} {faultName} {sectionName} {strandName} is a unknown fault that was mapped at 1:62,500 scale. Geologic studies have determined that the fault has had movement in the last <150 years and has a slip rate of >5 mm/yr."
1094,known_age,unknown,"1:125,000","<15,000",<0.2 mm/yr,"{faultZone} {faultName} {sectionName} {strandName} is a unknown fault that was mapped at 1:125,000 scale. Geologic studies have determined that the fault has had movement in the last <15,000 years and has a slip rate of <0.2 mm/yr."
1095,known_age,unknown,"1:125,000","<15,000",0.2 - 1 mm/yr,"{faultZone} {faultName} {sectionName} {strandName} is a unknown fault that was mapped at 1:125,000 scale. Geologic studies have determined that the fault has had movement in the last <15,000 years and has a slip rate of 0.2 - 1 mm/yr."
1096,known_age,unknown,"1:125,000","<15,000",1 - 5 mm/yr,"{faultZone} {faultName} {sectionName} {strandName} is a unknown fault that was mapped at 1:125,000 scale. Geologic studies have determined that the fault has had movement in the last <15,000 years and has a slip rate of 1 - 5 mm/yr."
1097,known_age,unknown,"1:125,000","<15,000",unspecified,"{faultZone} {faultName} {sectionName} {strandName} is a unknown fault that was mapped at 1:125,000 scale. Geologic studies have determined that the fault has had movement in the last <15,000 years and has a slip rate of unspecified."
1098,known_age,unknown,"1:125,000","<15,000",Undetermined,"{faultZone} {faultName} {sectionName} {strandName} is a unknown fault that was mapped at 1:125,000 scale. Geologic studies have determined that the fault has had movement in the last <15,000 years and has a slip rate of Undetermined."
1099,known_age,unknown,"1:125,000","<15,000",>5 mm/yr,"{faultZone} {faultName} {sectionName} {strandName} is a unknown fault that was mapped at 1:125,000 scale. Geologic studies have determined that the fault has had movement in the last <15,000 years and has a slip rate of >5 mm/yr."
1100,known_age,unknown,"1:125,000","<2,600,000",<0.2 mm/yr,"{faultZone} {faultName} {sectionName} {strandName} is a unknown fault that was mapped at 1:125,000 scale. Geologic studies have determined that the fault has had movement in the last <2,600,000 years and has a slip rate of <0.2 mm/yr."
1101,known_age,unknown,"1:125,000","<2,600,000",0.2 - 1 mm/yr,"{faultZone} {faultName} {sectionName} {strandName} is a unknown fault that was mapped at 1:125,000 scale. Geologic studies have determined that the fault has had movement in the last <2,600,000 years and has a slip rate of 0.2 - 1 mm/yr."
1102,known_age,unknown,"1:125,000","<2,600,000",1 - 5 mm/yr,"{faultZone} {faultName} {sectionName} {strandName} is a unknown fault that was mapped at 1:125,000 scale. Geologic studies have determined that the fault has had movement in the last <2,600,000 years and has a slip rate of 1 - 5 mm/yr."
1103,known_age,unknown,"1:125,000","<2,600,000",unspecified,"{faultZone} {faultName} {sectionName} {strandName} is a unknown fault that was mapped at 1:125,000 scale. Geologic studies have determined that the fault has had movement in the last <2,600,000 years and has a slip rate of unspecified."
1104,known_age,unknown,"1:125,000","<2,600,000",Undetermined,"{faultZone} {faultName} {sectionName} {strandName} is a unknown fault that was mapped at 1:125,000 scale. Geologic studies have determined that the fault has had movement in the last <2,600,000 years and has a slip rate of Undetermined."
1105,known_age,unknown,"1:125,000","<2,600,000",>5 mm/yr,"{faultZone} {faultName} {sectionName} {strandName} is a unknown fault that was mapped at 1:125,000 scale. Geologic studies have determined that the fault has had movement in the last <2,600,000 years and has a slip rate of >5 mm/yr."
1106,known_age,unknown,"1:125,000","<130,000",<0.2 mm/yr,"{faultZone} {faultName} {sectionName} {strandName} is a unknown fault that was mapped at 1:125,000 scale. Geologic studies have determined that the fault has had movement in the last <130,000 years and has a slip rate of <0.2 mm/yr."
1107,known_age,unknown,"1:125,000","<130,000",0.2 - 1 mm/yr,"{faultZone} {faultName} {sectionName} {strandName} is a unknown fault that was mapped at 1:125,000 scale. Geologic studies have determined that the fault has had movement in the last <130,000 years and has a slip rate of 0.2 - 1 mm/yr."
1108,known_age,unknown,"1:125,000","<130,000",1 - 5 mm/yr,"{faultZone} {faultName} {sectionName} {strandName} is a unknown fault that was mapped at 1:125,000 scale. Geologic studies have determined that the fault has had movement in the last <130,000 years and has a slip rate of 1 - 5 mm/yr."
1109,known_age,unknown,"1:125,000","<130,000",unspecified,"{faultZone} {faultName} {sectionName} {strandName} is a unknown fault that was mapped at 1:125,000 scale. Geologic studies have determined that the fault has had movement in the last <130,000 years and has a slip rate of unspecified."
1110,known_age,unknown,"1:125,000","<130,000",Undetermined,"{faultZone} {faultName} {sectionName} {strandName} is a unknown fault that was mapped at 1:125,000 scale. Geologic studies have determined that the fault has had movement in the last <130,000 years and has a slip rate of Undetermined."
1111,known_age,unknown,"1:125,000","<130,000",>5 mm/yr,"{faultZone} {faultName} {sectionName} {strandName} is a unknown fault that was mapped at 1:125,000 scale. Geologic studies have determined that the fault has had movement in the last <130,000 years and has a slip rate of >5 mm/yr."
1112,known_age,unknown,"1:125,000","<750,000",<0.2 mm/yr,"{faultZone} {faultName} {sectionName} {strandName} is a unknown fault that was mapped at 1:125,000 scale. Geologic studies have determined that the fault has had movement in the last <750,000 years and has a slip rate of <0.2 mm/yr."
1113,known_age,unknown,"1:125,000","<750,000",0.2 - 1 mm/yr,"{faultZone} {faultName} {sectionName} {strandName} is a unknown fault that was mapped at 1:125,000 scale. Geologic studies have determined that the fault has had movement in the last <750,000 years and has a slip rate of 0.2 - 1 mm/yr."
1114,known_age,unknown,"1:125,000","<750,000",1 - 5 mm/yr,"{faultZone} {faultName} {sectionName} {strandName} is a unknown fault that was mapped at 1:125,000 scale. Geologic studies have determined that the fault has had movement in the last <750,000 years and has a slip rate of 1 - 5 mm/yr."
1115,known_age,unknown,"1:125,000","<750,000",unspecified,"{faultZone} {faultName} {sectionName} {strandName} is a unknown fault that was mapped at 1:125,000 scale. Geologic studies have determined that the fault has had movement in the last <750,000 years and has a slip rate of unspecified."
1116,known_age,unknown,"1:125,000","<750,000",Undetermined,"{faultZone} {faultName} {sectionName} {strandName} is a unknown fault that was mapped at 1:125,000 scale. Geologic studies have determined that the fault has had movement in the last <750,000 years and has a slip rate of Undetermined."
1117,known_age,unknown,"1:125,000","<750,000",>5 mm/yr,"{faultZone} {faultName} {sectionName} {strandName} is a unknown fault that was mapped at 1:125,000 scale. Geologic studies have determined that the fault has had movement in the last <750,000 years and has a slip rate of >5 mm/yr."
1118,undetermined_age,unknown,"1:125,000",undetermined,,"{faultZone} {faultName} {sectionName} {strandName} is a unknown fault that was mapped at 1:125,000 scale. Geologic studies have not determined the age or slip rate of the fault."
1119,known_age,unknown,"1:125,000",<150,<0.2 mm/yr,"{faultZone} {faultName} {sectionName} {strandName} is a unknown fault that was mapped at 1:125,000 scale. Geologic studies have determined that the fault has had movement in the last <150 years and has a slip rate of <0.2 mm/yr."
1120,known_age,unknown,"1:125,000",<150,0.2 - 1 mm/yr,"{faultZone} {faultName} {sectionName} {strandName} is a unknown fault that was mapped at 1:125,000 scale. Geologic studies have determined that the fault has had movement in the last <150 years and has a slip rate of 0.2 - 1 mm/yr."
1121,known_age,unknown,"1:125,000",<150,1 - 5 mm/yr,"{faultZone} {faultName} {sectionName} {strandName} is a unknown fault that was mapped at 1:125,000 scale. Geologic studies have determined that the fault has had movement in the last <150 years and has a slip rate of 1 - 5 mm/yr."
1122,known_age,unknown,"1:125,000",<150,unspecified,"{faultZone} {faultName} {sectionName} {strandName} is a unknown fault that was mapped at 1:125,000 scale. Geologic studies have determined that the fault has had movement in the last <150 years and has a slip rate of unspecified."
1123,known_age,unknown,"1:125,000",<150,Undetermined,"{faultZone} {faultName} {sectionName} {strandName} is a unknown fault that was mapped at 1:125,000 scale. Geologic studies have determined that the fault has had movement in the last <150 years and has a slip rate of Undetermined."
1124,known_age,unknown,"1:125,000",<150,>5 mm/yr,"{faultZone} {faultName} {sectionName} {strandName} is a unknown fault that was mapped at 1:125,000 scale. Geologic studies have determined that the fault has had movement in the last <150 years and has a slip rate of >5 mm/yr."
1125,known_age,unknown,"1:50,000","<15,000",<0.2 mm/yr,"{faultZone} {faultName} {sectionName} {strandName} is a unknown fault that was mapped at 1:50,000 scale. Geologic studies have determined that the fault has had movement in the last <15,000 years and has a slip rate of <0.2 mm/yr."
1126,known_age,unknown,"1:50,000","<15,000",0.2 - 1 mm/yr,"{faultZone} {faultName} {sectionName} {strandName} is a unknown fault that was mapped at 1:50,000 scale. Geologic studies have determined that the fault has had movement in the last <15,000 years and has a slip rate of 0.2 - 1 mm/yr."
1127,known_age,unknown,"1:50,000","<15,000",1 - 5 mm/yr,"{faultZone} {faultName} {sectionName} {strandName} is a unknown fault that was mapped at 1:50,000 scale. Geologic studies have determined that the fault has had movement in the last <15,000 years and has a slip rate of 1 - 5 mm/yr."
1128,known_age,unknown,"1:50,000","<15,000",unspecified,"{faultZone} {faultName} {sectionName} {strandName} is a unknown fault that was mapped at 1:50,000 scale. Geologic studies have determined that the fault has had movement in the last <15,000 years and has a slip rate of unspecified."
1129,known_age,unknown,"1:50,000","<15,000",Undetermined,"{faultZone} {faultName} {sectionName} {strandName} is a unknown fault that was mapped at 1:50,000 scale. Geologic studies have determined that the fault has had movement in the last <15,000 years and has a slip rate of Undetermined."
1130,known_age,unknown,"1:50,000","<15,000",>5 mm/yr,"{faultZone} {faultName} {sectionName} {strandName} is a unknown fault that was mapped at 1:50,000 scale. Geologic studies have determined that the fault has had movement in the last <15,000 years and has a slip rate of >5 mm/yr."
1131,known_age,unknown,"1:50,000","<2,600,000",<0.2 mm/yr,"{faultZone} {faultName} {sectionName} {strandName} is a unknown fault that was mapped at 1:50,000 scale. Geologic studies have determined that the fault has had movement in the last <2,600,000 years and has a slip rate of <0.2 mm/yr."
1132,known_age,unknown,"1:50,000","<2,600,000",0.2 - 1 mm/yr,"{faultZone} {faultName} {sectionName} {strandName} is a unknown fault that was mapped at 1:50,000 scale. Geologic studies have determined that the fault has had movement in the last <2,600,000 years and has a slip rate of 0.2 - 1 mm/yr."
1133,known_age,unknown,"1:50,000","<2,600,000",1 - 5 mm/yr,"{faultZone} {faultName} {sectionName} {strandName} is a unknown fault that was mapped at 1:50,000 scale. Geologic studies have determined that the fault has had movement in the last <2,600,000 years and has a slip rate of 1 - 5 mm/yr."
1134,known_age,unknown,"1:50,000","<2,600,000",unspecified,"{faultZone} {faultName} {sectionName} {strandName} is a unknown fault that was mapped at 1:50,000 scale. Geologic studies have determined that the fault has had movement in the last <2,600,000 years and has a slip rate of unspecified."
1135,known_age,unknown,"1:50,000","<2,600,000",Undetermined,"{faultZone} {faultName} {sectionName} {strandName} is a unknown fault that was mapped at 1:50,000 scale. Geologic studies have determined that the fault has had movement in the last <2,600,000 years and has a slip rate of Undetermined."
1136,known_age,unknown,"1:50,000","<2,600,000",>5 mm/yr,"{faultZone} {faultName} {sectionName} {strandName} is a unknown fault that was mapped at 1:50,000 scale. Geologic studies have determined that the fault has had movement in the last <2,600,000 years and has a slip rate of >5 mm/yr."
1137,known_age,unknown,"1:50,000","<130,000",<0.2 mm/yr,"{faultZone} {faultName} {sectionName} {strandName} is a unknown fault that was mapped at 1:50,000 scale. Geologic studies have determined that the fault has had movement in the last <130,000 years and has a slip rate of <0.2 mm/yr."
1138,known_age,unknown,"1:50,000","<130,000",0.2 - 1 mm/yr,"{faultZone} {faultName} {sectionName} {strandName} is a unknown fault that was mapped at 1:50,000 scale. Geologic studies have determined that the fault has had movement in the last <130,000 years and has a slip rate of 0.2 - 1 mm/yr."
1139,known_age,unknown,"1:50,000","<130,000",1 - 5 mm/yr,"{faultZone} {faultName} {sectionName} {strandName} is a unknown fault that was mapped at 1:50,000 scale. Geologic studies have determined that the fault has had movement in the last <130,000 years and has a slip rate of 1 - 5 mm/yr."
1140,known_age,unknown,"1:50,000","<130,000",unspecified,"{faultZone} {faultName} {sectionName} {strandName} is a unknown fault that was mapped at 1:50,000 scale. Geologic studies have determined that the fault has had movement in the last <130,000 years and has a slip rate of unspecified."
1141,known_age,unknown,"1:50,000","<130,000",Undetermined,"{faultZone} {faultName} {sectionName} {strandName} is a unknown fault that was mapped at 1:50,000 scale. Geologic studies have determined that the fault has had movement in the last <130,000 years and has a slip rate of Undetermined."
1142,known_age,unknown,"1:50,000","<130,000",>5 mm/yr,"{faultZone} {faultName} {sectionName} {strandName} is a unknown fault that was mapped at 1:50,000 scale. Geologic studies have determined that the fault has had movement in the last <130,000 years and has a slip rate of >5 mm/yr."
1143,known_age,unknown,"1:50,000","<750,000",<0.2 mm/yr,"{faultZone} {faultName} {sectionName} {strandName} is a unknown fault that was mapped at 1:50,000 scale. Geologic studies have determined that the fault has had movement in the last <750,000 years and has a slip rate of <0.2 mm/yr."
1144,known_age,unknown,"1:50,000","<750,000",0.2 - 1 mm/yr,"{faultZone} {faultName} {sectionName} {strandName} is a unknown fault that was mapped at 1:50,000 scale. Geologic studies have determined that the fault has had movement in the last <750,000 years and has a slip rate of 0.2 - 1 mm/yr."
1145,known_age,unknown,"1:50,000","<750,000",1 - 5 mm/yr,"{faultZone} {faultName} {sectionName} {strandName} is a unknown fault that was mapped at 1:50,000 scale. Geologic studies have determined that the fault has had movement in the last <750,000 years and has a slip rate of 1 - 5 mm/yr."
1146,known_age,unknown,"1:50,000","<750,000",unspecified,"{faultZone} {faultName} {sectionName} {strandName} is a unknown fault that was mapped at 1:50,000 scale. Geologic studies have determined that the fault has had movement in the last <750,000 years and has a slip rate of unspecified."
1147,known_age,unknown,"1:50,000","<750,000",Undetermined,"{faultZone} {faultName} {sectionName} {strandName} is a unknown fault that was mapped at 1:50,000 scale. Geologic studies have determined that the fault has had movement in the last <750,000 years and has a slip rate of Undetermined."
1148,known_age,unknown,"1:50,000","<750,000",>5 mm/yr,"{faultZone} {faultName} {sectionName} {strandName} is a unknown fault that was mapped at 1:50,000 scale. Geologic studies have determined that the fault has had movement in the last <750,000 years and has a slip rate of >5 mm/yr."
1149,undetermined_age,unknown,"1:50,000",undetermined,,"{faultZone} {faultName} {sectionName} {strandName} is a unknown fault that was mapped at 1:50,000 scale. Geologic studies have not determined the age or slip rate of the fault."
1150,known_age,unknown,"1:50,000",<150,<0.2 mm/yr,"{faultZone} {faultName} {sectionName} {strandName} is a unknown fault that was mapped at 1:50,000 scale. Geologic studies have determined that the fault has had movement in the last <150 years and has a slip rate of <0.2 mm/yr."
1151,known_age,unknown,"1:50,000",<150,0.2 - 1 mm/yr,"{faultZone} {faultName} {sectionName} {strandName} is a unknown fault that was mapped at 1:50,000 scale. Geologic studies have determined that the fault has had movement in the last <150 years and has a slip rate of 0.2 - 1 mm/yr."
1152,known_age,unknown,"1:50,000",<150,1 - 5 mm/yr,"{faultZone} {faultName} {sectionName} {strandName} is a unknown fault that was mapped at 1:50,000 scale. Geologic studies have determined that the fault has had movement in the last <150 years and has a slip rate of 1 - 5 mm/yr."
1153,known_age,unknown,"1:50,000",<150,unspecified,"{faultZone} {faultName} {sectionName} {strandName} is a unknown fault that was mapped at 1:50,000 scale. Geologic studies have determined that the fault has had movement in the last <150 years and has a slip rate of unspecified."
1154,known_age,unknown,"1:50,000",<150,Undetermined,"{faultZone} {faultName} {sectionName} {strandName} is a unknown fault that was mapped at 1:50,000 scale. Geologic studies have determined that the fault has had movement in the last <150 years and has a slip rate of Undetermined."
1155,known_age,unknown,"1:50,000",<150,>5 mm/yr,"{faultZone} {faultName} {sectionName} {strandName} is a unknown fault that was mapped at 1:50,000 scale. Geologic studies have determined that the fault has had movement in the last <150 years and has a slip rate of >5 mm/yr."
1156,known_age,unknown,"1:155,000","<15,000",<0.2 mm/yr,"{faultZone} {faultName} {sectionName} {strandName} is a unknown fault that was mapped at 1:155,000 scale. Geologic studies have determined that the fault has had movement in the last <15,000 years and has a slip rate of <0.2 mm/yr."
1157,known_age,unknown,"1:155,000","<15,000",0.2 - 1 mm/yr,"{faultZone} {faultName} {sectionName} {strandName} is a unknown fault that was mapped at 1:155,000 scale. Geologic studies have determined that the fault has had movement in the last <15,000 years and has a slip rate of 0.2 - 1 mm/yr."
1158,known_age,unknown,"1:155,000","<15,000",1 - 5 mm/yr,"{faultZone} {faultName} {sectionName} {strandName} is a unknown fault that was mapped at 1:155,000 scale. Geologic studies have determined that the fault has had movement in the last <15,000 years and has a slip rate of 1 - 5 mm/yr."
1159,known_age,unknown,"1:155,000","<15,000",unspecified,"{faultZone} {faultName} {sectionName} {strandName} is a unknown fault that was mapped at 1:155,000 scale. Geologic studies have determined that the fault has had movement in the last <15,000 years and has a slip rate of unspecified."
1160,known_age,unknown,"1:155,000","<15,000",Undetermined,"{faultZone} {faultName} {sectionName} {strandName} is a unknown fault that was mapped at 1:155,000 scale. Geologic studies have determined that the fault has had movement in the last <15,000 years and has a slip rate of Undetermined."
1161,known_age,unknown,"1:155,000","<15,000",>5 mm/yr,"{faultZone} {faultName} {sectionName} {strandName} is a unknown fault that was mapped at 1:155,000 scale. Geologic studies have determined that the fault has had movement in the last <15,000 years and has a slip rate of >5 mm/yr."
1162,known_age,unknown,"1:155,000","<2,600,000",<0.2 mm/yr,"{faultZone} {faultName} {sectionName} {strandName} is a unknown fault that was mapped at 1:155,000 scale. Geologic studies have determined that the fault has had movement in the last <2,600,000 years and has a slip rate of <0.2 mm/yr."
1163,known_age,unknown,"1:155,000","<2,600,000",0.2 - 1 mm/yr,"{faultZone} {faultName} {sectionName} {strandName} is a unknown fault that was mapped at 1:155,000 scale. Geologic studies have determined that the fault has had movement in the last <2,600,000 years and has a slip rate of 0.2 - 1 mm/yr."
1164,known_age,unknown,"1:155,000","<2,600,000",1 - 5 mm/yr,"{faultZone} {faultName} {sectionName} {strandName} is a unknown fault that was mapped at 1:155,000 scale. Geologic studies have determined that the fault has had movement in the last <2,600,000 years and has a slip rate of 1 - 5 mm/yr."
1165,known_age,unknown,"1:155,000","<2,600,000",unspecified,"{faultZone} {faultName} {sectionName} {strandName} is a unknown fault that was mapped at 1:155,000 scale. Geologic studies have determined that the fault has had movement in the last <2,600,000 years and has a slip rate of unspecified."
1166,known_age,unknown,"1:155,000","<2,600,000",Undetermined,"{faultZone} {faultName} {sectionName} {strandName} is a unknown fault that was mapped at 1:155,000 scale. Geologic studies have determined that the fault has had movement in the last <2,600,000 years and has a slip rate of Undetermined."
1167,known_age,unknown,"1:155,000","<2,600,000",>5 mm/yr,"{faultZone} {faultName} {sectionName} {strandName} is a unknown fault that was mapped at 1:155,000 scale. Geologic studies have determined that the fault has had movement in the last <2,600,000 years and has a slip rate of >5 mm/yr."
1168,known_age,unknown,"1:155,000","<130,000",<0.2 mm/yr,"{faultZone} {faultName} {sectionName} {strandName} is a unknown fault that was mapped at 1:155,000 scale. Geologic studies have determined that the fault has had movement in the last <130,000 years and has a slip rate of <0.2 mm/yr."
1169,known_age,unknown,"1:155,000","<130,000",0.2 - 1 mm/yr,"{faultZone} {faultName} {sectionName} {strandName} is a unknown fault that was mapped at 1:155,000 scale. Geologic studies have determined that the fault has had movement in the last <130,000 years and has a slip rate of 0.2 - 1 mm/yr."
1170,known_age,unknown,"1:155,000","<130,000",1 - 5 mm/yr,"{faultZone} {faultName} {sectionName} {strandName} is a unknown fault that was mapped at 1:155,000 scale. Geologic studies have determined that the fault has had movement in the last <130,000 years and has a slip rate of 1 - 5 mm/yr."
1171,known_age,unknown,"1:155,000","<130,000",unspecified,"{faultZone} {faultName} {sectionName} {strandName} is a unknown fault that was mapped at 1:155,000 scale. Geologic studies have determined that the fault has had movement in the last <130,000 years and has a slip rate of unspecified."
1172,known_age,unknown,"1:155,000","<130,000",Undetermined,"{faultZone} {faultName} {sectionName} {strandName} is a unknown fault that was mapped at 1:155,000 scale. Geologic studies have determined that the fault has had movement in the last <130,000 years and has a slip rate of Undetermined."
1173,known_age,unknown,"1:155,000","<130,000",>5 mm/yr,"{faultZone} {faultName} {sectionName} {strandName} is a unknown fault that was mapped at 1:155,000 scale. Geologic studies have determined that the fault has had movement in the last <130,000 years and has a slip rate of >5 mm/yr."
1174,known_age,unknown,"1:155,000","<750,000",<0.2 mm/yr,"{faultZone} {faultName} {sectionName} {strandName} is a unknown fault that was mapped at 1:155,000 scale. Geologic studies have determined that the fault has had movement in the last <750,000 years and has a slip rate of <0.2 mm/yr."
1175,known_age,unknown,"1:155,000","<750,000",0.2 - 1 mm/yr,"{faultZone} {faultName} {sectionName} {strandName} is a unknown fault that was mapped at 1:155,000 scale. Geologic studies have determined that the fault has had movement in the last <750,000 years and has a slip rate of 0.2 - 1 mm/yr."
1176,known_age,unknown,"1:155,000","<750,000",1 - 5 mm/yr,"{faultZone} {faultName} {sectionName} {strandName} is a unknown fault that was mapped at 1:155,000 scale. Geologic studies have determined that the fault has had movement in the last <750,000 years and has a slip rate of 1 - 5 mm/yr."
1177,known_age,unknown,"1:155,000","<750,000",unspecified,"{faultZone} {faultName} {sectionName} {strandName} is a unknown fault that was mapped at 1:155,000 scale. Geologic studies have determined that the fault has had movement in the last <750,000 years and has a slip rate of unspecified."
1178,known_age,unknown,"1:155,000","<750,000",Undetermined,"{faultZone} {faultName} {sectionName} {strandName} is a unknown fault that was mapped at 1:155,000 scale. Geologic studies have determined that the fault has had movement in the last <750,000 years and has a slip rate of Undetermined."
1179,known_age,unknown,"1:155,000","<750,000",>5 mm/yr,"{faultZone} {faultName} {sectionName} {strandName} is a unknown fault that was mapped at 1:155,000 scale. Geologic studies have determined that the fault has had movement in the last <750,000 years and has a slip rate of >5 mm/yr."
1180,undetermined_age,unknown,"1:155,000",undetermined,,"{faultZone} {faultName} {sectionName} {strandName} is a unknown fault that was mapped at 1:155,000 scale. Geologic studies have not determined the age or slip rate of the fault."
1181,known_age,unknown,"1:155,000",<150,<0.2 mm/yr,"{faultZone} {faultName} {sectionName} {strandName} is a unknown fault that was mapped at 1:155,000 scale. Geologic studies have determined that the fault has had movement in the last <150 years and has a slip rate of <0.2 mm/yr."
1182,known_age,unknown,"1:155,000",<150,0.2 - 1 mm/yr,"{faultZone} {faultName} {sectionName} {strandName} is a unknown fault that was mapped at 1:155,000 scale. Geologic studies have determined that the fault has had movement in the last <150 years and has a slip rate of 0.2 - 1 mm/yr."
1183,known_age,unknown,"1:155,000",<150,1 - 5 mm/yr,"{faultZone} {faultName} {sectionName} {strandName} is a unknown fault that was mapped at 1:155,000 scale. Geologic studies have determined that the fault has had movement in the last <150 years and has a slip rate of 1 - 5 mm/yr."
1184,known_age,unknown,"1:155,000",<150,unspecified,"{faultZone} {faultName} {sectionName} {strandName} is a unknown fault that was mapped at 1:155,000 scale. Geologic studies have determined that the fault has had movement in the last <150 years and has a slip rate of unspecified."
1185,known_age,unknown,"1:155,000",<150,Undetermined,"{faultZone} {faultName} {sectionName} {strandName} is a unknown fault that was mapped at 1:155,000 scale. Geologic studies have determined that the fault has had movement in the last <150 years and has a slip rate of Undetermined."
1186,known_age,unknown,"1:155,000",<150,>5 mm/yr,"{faultZone} {faultName} {sectionName} {strandName} is a unknown fault that was mapped at 1:155,000 scale. Geologic studies have determined that the fault has had movement in the last <150 years and has a slip rate of >5 mm/yr."
1187,known_age,unknown,"1:60,000","<15,000",<0.2 mm/yr,"{faultZone} {faultName} {sectionName} {strandName} is a unknown fault that was mapped at 1:60,000 scale. Geologic studies have determined that the fault has had movement in the last <15,000 years and has a slip rate of <0.2 mm/yr."
1188,known_age,unknown,"1:60,000","<15,000",0.2 - 1 mm/yr,"{faultZone} {faultName} {sectionName} {strandName} is a unknown fault that was mapped at 1:60,000 scale. Geologic studies have determined that the fault has had movement in the last <15,000 years and has a slip rate of 0.2 - 1 mm/yr."
1189,known_age,unknown,"1:60,000","<15,000",1 - 5 mm/yr,"{faultZone} {faultName} {sectionName} {strandName} is a unknown fault that was mapped at 1:60,000 scale. Geologic studies have determined that the fault has had movement in the last <15,000 years and has a slip rate of 1 - 5 mm/yr."
1190,known_age,unknown,"1:60,000","<15,000",unspecified,"{faultZone} {faultName} {sectionName} {strandName} is a unknown fault that was mapped at 1:60,000 scale. Geologic studies have determined that the fault has had movement in the last <15,000 years and has a slip rate of unspecified."
1191,known_age,unknown,"1:60,000","<15,000",Undetermined,"{faultZone} {faultName} {sectionName} {strandName} is a unknown fault that was mapped at 1:60,000 scale. Geologic studies have determined that the fault has had movement in the last <15,000 years and has a slip rate of Undetermined."
1192,known_age,unknown,"1:60,000","<15,000",>5 mm/yr,"{faultZone} {faultName} {sectionName} {strandName} is a unknown fault that was mapped at 1:60,000 scale. Geologic studies have determined that the fault has had movement in the last <15,000 years and has a slip rate of >5 mm/yr."
1193,known_age,unknown,"1:60,000","<2,600,000",<0.2 mm/yr,"{faultZone} {faultName} {sectionName} {strandName} is a unknown fault that was mapped at 1:60,000 scale. Geologic studies have determined that the fault has had movement in the last <2,600,000 years and has a slip rate of <0.2 mm/yr."
1194,known_age,unknown,"1:60,000","<2,600,000",0.2 - 1 mm/yr,"{faultZone} {faultName} {sectionName} {strandName} is a unknown fault that was mapped at 1:60,000 scale. Geologic studies have determined that the fault has had movement in the last <2,600,000 years and has a slip rate of 0.2 - 1 mm/yr."
1195,known_age,unknown,"1:60,000","<2,600,000",1 - 5 mm/yr,"{faultZone} {faultName} {sectionName} {strandName} is a unknown fault that was mapped at 1:60,000 scale. Geologic studies have determined that the fault has had movement in the last <2,600,000 years and has a slip rate of 1 - 5 mm/yr."
1196,known_age,unknown,"1:60,000","<2,600,000",unspecified,"{faultZone} {faultName} {sectionName} {strandName} is a unknown fault that was mapped at 1:60,000 scale. Geologic studies have determined that the fault has had movement in the last <2,600,000 years and has a slip rate of unspecified."
1197,known_age,unknown,"1:60,000","<2,600,000",Undetermined,"{faultZone} {faultName} {sectionName} {strandName} is a unknown fault that was mapped at 1:60,000 scale. Geologic studies have determined that the fault has had movement in the last <2,600,000 years and has a slip rate of Undetermined."
1198,known_age,unknown,"1:60,000","<2,600,000",>5 mm/yr,"{faultZone} {faultName} {sectionName} {strandName} is a unknown fault that was mapped at 1:60,000 scale. Geologic studies have determined that the fault has had movement in the last <2,600,000 years and has a slip rate of >5 mm/yr."
1199,known_age,unknown,"1:60,000","<130,000",<0.2 mm/yr,"{faultZone} {faultName} {sectionName} {strandName} is a unknown fault that was mapped at 1:60,000 scale. Geologic studies have determined that the fault has had movement in the last <130,000 years and has a slip rate of <0.2 mm/yr."
1200,known_age,unknown,"1:60,000","<130,000",0.2 - 1 mm/yr,"{faultZone} {faultName} {sectionName} {strandName} is a unknown fault that was mapped at 1:60,000 scale. Geologic studies have determined that the fault has had movement in the last <130,000 years and has a slip rate of 0.2 - 1 mm/yr."
1201,known_age,unknown,"1:60,000","<130,000",1 - 5 mm/yr,"{faultZone} {faultName} {sectionName} {strandName} is a unknown fault that was mapped at 1:60,000 scale. Geologic studies have determined that the fault has had movement in the last <130,000 years and has a slip rate of 1 - 5 mm/yr."
1202,known_age,unknown,"1:60,000","<130,000",unspecified,"{faultZone} {faultName} {sectionName} {strandName} is a unknown fault that was mapped at 1:60,000 scale. Geologic studies have determined that the fault has had movement in the last <130,000 years and has a slip rate of unspecified."
1203,known_age,unknown,"1:60,000","<130,000",Undetermined,"{faultZone} {faultName} {sectionName} {strandName} is a unknown fault that was mapped at 1:60,000 scale. Geologic studies have determined that the fault has had movement in the last <130,000 years and has a slip rate of Undetermined."
1204,known_age,unknown,"1:60,000","<130,000",>5 mm/yr,"{faultZone} {faultName} {sectionName} {strandName} is a unknown fault that was mapped at 1:60,000 scale. Geologic studies have determined that the fault has had movement in the last <130,000 years and has a slip rate of >5 mm/yr."
1205,known_age,unknown,"1:60,000","<750,000",<0.2 mm/yr,"{faultZone} {faultName} {sectionName} {strandName} is a unknown fault that was mapped at 1:60,000 scale. Geologic studies have determined that the fault has had movement in the last <750,000 years and has a slip rate of <0.2 mm/yr."
1206,known_age,unknown,"1:60,000","<750,000",0.2 - 1 mm/yr,"{faultZone} {faultName} {sectionName} {strandName} is a unknown fault that was mapped at 1:60,000 scale. Geologic studies have determined that the fault has had movement in the last <750,000 years and has a slip rate of 0.2 - 1 mm/yr."
1207,known_age,unknown,"1:60,000","<750,000",1 - 5 mm/yr,"{faultZone} {faultName} {sectionName} {strandName} is a unknown fault that was mapped at 1:60,000 scale. Geologic studies have determined that the fault has had movement in the last <750,000 years and has a slip rate of 1 - 5 mm/yr."
1208,known_age,unknown,"1:60,000","<750,000",unspecified,"{faultZone} {faultName} {sectionName} {strandName} is a unknown fault that was mapped at 1:60,000 scale. Geologic studies have determined that the fault has had movement in the last <750,000 years and has a slip rate of unspecified."
1209,known_age,unknown,"1:60,000","<750,000",Undetermined,"{faultZone} {faultName} {sectionName} {strandName} is a unknown fault that was mapped at 1:60,000 scale. Geologic studies have determined that the fault has had movement in the last <750,000 years and has a slip rate of Undetermined."
1210,known_age,unknown,"1:60,000","<750,000",>5 mm/yr,"{faultZone} {faultName} {sectionName} {strandName} is a unknown fault that was mapped at 1:60,000 scale. Geologic studies have determined that the fault has had movement in the last <750,000 years and has a slip rate of >5 mm/yr."
1211,undetermined_age,unknown,"1:60,000",undetermined,,"{faultZone} {faultName} {sectionName} {strandName} is a unknown fault that was mapped at 1:60,000 scale. Geologic studies have not determined the age or slip rate of the fault."
1212,known_age,unknown,"1:60,000",<150,<0.2 mm/yr,"{faultZone} {faultName} {sectionName} {strandName} is a unknown fault that was mapped at 1:60,000 scale. Geologic studies have determined that the fault has had movement in the last <150 years and has a slip rate of <0.2 mm/yr."
1213,known_age,unknown,"1:60,000",<150,0.2 - 1 mm/yr,"{faultZone} {faultName} {sectionName} {strandName} is a unknown fault that was mapped at 1:60,000 scale. Geologic studies have determined that the fault has had movement in the last <150 years and has a slip rate of 0.2 - 1 mm/yr."
1214,known_age,unknown,"1:60,000",<150,1 - 5 mm/yr,"{faultZone} {faultName} {sectionName} {strandName} is a unknown fault that was mapped at 1:60,000 scale. Geologic studies have determined that the fault has had movement in the last <150 years and has a slip rate of 1 - 5 mm/yr."
1215,known_age,unknown,"1:60,000",<150,unspecified,"{faultZone} {faultName} {sectionName} {strandName} is a unknown fault that was mapped at 1:60,000 scale. Geologic studies have determined that the fault has had movement in the last <150 years and has a slip rate of unspecified."
1216,known_age,unknown,"1:60,000",<150,Undetermined,"{faultZone} {faultName} {sectionName} {strandName} is a unknown fault that was mapped at 1:60,000 scale. Geologic studies have determined that the fault has had movement in the last <150 years and has a slip rate of Undetermined."
1217,known_age,unknown,"1:60,000",<150,>5 mm/yr,"{faultZone} {faultName} {sectionName} {strandName} is a unknown fault that was mapped at 1:60,000 scale. Geologic studies have determined that the fault has had movement in the last <150 years and has a slip rate of >5 mm/yr."
1218,known_age,unknown,"1:170,000","<15,000",<0.2 mm/yr,"{faultZone} {faultName} {sectionName} {strandName} is a unknown fault that was mapped at 1:170,000 scale. Geologic studies have determined that the fault has had movement in the last <15,000 years and has a slip rate of <0.2 mm/yr."
1219,known_age,unknown,"1:170,000","<15,000",0.2 - 1 mm/yr,"{faultZone} {faultName} {sectionName} {strandName} is a unknown fault that was mapped at 1:170,000 scale. Geologic studies have determined that the fault has had movement in the last <15,000 years and has a slip rate of 0.2 - 1 mm/yr."
1220,known_age,unknown,"1:170,000","<15,000",1 - 5 mm/yr,"{faultZone} {faultName} {sectionName} {strandName} is a unknown fault that was mapped at 1:170,000 scale. Geologic studies have determined that the fault has had movement in the last <15,000 years and has a slip rate of 1 - 5 mm/yr."
1221,known_age,unknown,"1:170,000","<15,000",unspecified,"{faultZone} {faultName} {sectionName} {strandName} is a unknown fault that was mapped at 1:170,000 scale. Geologic studies have determined that the fault has had movement in the last <15,000 years and has a slip rate of unspecified."
1222,known_age,unknown,"1:170,000","<15,000",Undetermined,"{faultZone} {faultName} {sectionName} {strandName} is a unknown fault that was mapped at 1:170,000 scale. Geologic studies have determined that the fault has had movement in the last <15,000 years and has a slip rate of Undetermined."
1223,known_age,unknown,"1:170,000","<15,000",>5 mm/yr,"{faultZone} {faultName} {sectionName} {strandName} is a unknown fault that was mapped at 1:170,000 scale. Geologic studies have determined that the fault has had movement in the last <15,000 years and has a slip rate of >5 mm/yr."
1224,known_age,unknown,"1:170,000","<2,600,000",<0.2 mm/yr,"{faultZone} {faultName} {sectionName} {strandName} is a unknown fault that was mapped at 1:170,000 scale. Geologic studies have determined that the fault has had movement in the last <2,600,000 years and has a slip rate of <0.2 mm/yr."
1225,known_age,unknown,"1:170,000","<2,600,000",0.2 - 1 mm/yr,"{faultZone} {faultName} {sectionName} {strandName} is a unknown fault that was mapped at 1:170,000 scale. Geologic studies have determined that the fault has had movement in the last <2,600,000 years and has a slip rate of 0.2 - 1 mm/yr."
1226,known_age,unknown,"1:170,000","<2,600,000",1 - 5 mm/yr,"{faultZone} {faultName} {sectionName} {strandName} is a unknown fault that was mapped at 1:170,000 scale. Geologic studies have determined that the fault has had movement in the last <2,600,000 years and has a slip rate of 1 - 5 mm/yr."
1227,known_age,unknown,"1:170,000","<2,600,000",unspecified,"{faultZone} {faultName} {sectionName} {strandName} is a unknown fault that was mapped at 1:170,000 scale. Geologic studies have determined that the fault has had movement in the last <2,600,000 years and has a slip rate of unspecified."
1228,known_age,unknown,"1:170,000","<2,600,000",Undetermined,"{faultZone} {faultName} {sectionName} {strandName} is a unknown fault that was mapped at 1:170,000 scale. Geologic studies have determined that the fault has had movement in the last <2,600,000 years and has a slip rate of Undetermined."
1229,known_age,unknown,"1:170,000","<2,600,000",>5 mm/yr,"{faultZone} {faultName} {sectionName} {strandName} is a unknown fault that was mapped at 1:170,000 scale. Geologic studies have determined that the fault has had movement in the last <2,600,000 years and has a slip rate of >5 mm/yr."
1230,known_age,unknown,"1:170,000","<130,000",<0.2 mm/yr,"{faultZone} {faultName} {sectionName} {strandName} is a unknown fault that was mapped at 1:170,000 scale. Geologic studies have determined that the fault has had movement in the last <130,000 years and has a slip rate of <0.2 mm/yr."
1231,known_age,unknown,"1:170,000","<130,000",0.2 - 1 mm/yr,"{faultZone} {faultName} {sectionName} {strandName} is a unknown fault that was mapped at 1:170,000 scale. Geologic studies have determined that the fault has had movement in the last <130,000 years and has a slip rate of 0.2 - 1 mm/yr."
1232,known_age,unknown,"1:170,000","<130,000",1 - 5 mm/yr,"{faultZone} {faultName} {sectionName} {strandName} is a unknown fault that was mapped at 1:170,000 scale. Geologic studies have determined that the fault has had movement in the last <130,000 years and has a slip rate of 1 - 5 mm/yr."
1233,known_age,unknown,"1:170,000","<130,000",unspecified,"{faultZone} {faultName} {sectionName} {strandName} is a unknown fault that was mapped at 1:170,000 scale. Geologic studies have determined that the fault has had movement in the last <130,000 years and has a slip rate of unspecified."
1234,known_age,unknown,"1:170,000","<130,000",Undetermined,"{faultZone} {faultName} {sectionName} {strandName} is a unknown fault that was mapped at 1:170,000 scale. Geologic studies have determined that the fault has had movement in the last <130,000 years and has a slip rate of Undetermined."
1235,known_age,unknown,"1:170,000","<130,000",>5 mm/yr,"{faultZone} {faultName} {sectionName} {strandName} is a unknown fault that was mapped at 1:170,000 scale. Geologic studies have determined that the fault has had movement in the last <130,000 years and has a slip rate of >5 mm/yr."
1236,known_age,unknown,"1:170,000","<750,000",<0.2 mm/yr,"{faultZone} {faultName} {sectionName} {strandName} is a unknown fault that was mapped at 1:170,000 scale. Geologic studies have determined that the fault has had movement in the last <750,000 years and has a slip rate of <0.2 mm/yr."
1237,known_age,unknown,"1:170,000","<750,000",0.2 - 1 mm/yr,"{faultZone} {faultName} {sectionName} {strandName} is a unknown fault that was mapped at 1:170,000 scale. Geologic studies have determined that the fault has had movement in the last <750,000 years and has a slip rate of 0.2 - 1 mm/yr."
1238,known_age,unknown,"1:170,000","<750,000",1 - 5 mm/yr,"{faultZone} {faultName} {sectionName} {strandName} is a unknown fault that was mapped at 1:170,000 scale. Geologic studies have determined that the fault has had movement in the last <750,000 years and has a slip rate of 1 - 5 mm/yr."
1239,known_age,unknown,"1:170,000","<750,000",unspecified,"{faultZone} {faultName} {sectionName} {strandName} is a unknown fault that was mapped at 1:170,000 scale. Geologic studies have determined that the fault has had movement in the last <750,000 years and has a slip rate of unspecified."
1240,known_age,unknown,"1:170,000","<750,000",Undetermined,"{faultZone} {faultName} {sectionName} {strandName} is a unknown fault that was mapped at 1:170,000 scale. Geologic studies have determined that the fault has had movement in the last <750,000 years and has a slip rate of Undetermined."
1241,known_age,unknown,"1:170,000","<750,000",>5 mm/yr,"{faultZone} {faultName} {sectionName} {strandName} is a unknown fault that was mapped at 1:170,000 scale. Geologic studies have determined that the fault has had movement in the last <750,000 years and has a slip rate of >5 mm/yr."
1242,undetermined_age,unknown,"1:170,000",undetermined,,"{faultZone} {faultName} {sectionName} {strandName} is a unknown fault that was mapped at 1:170,000 scale. Geologic studies have not determined the age or slip rate of the fault."
1243,known_age,unknown,"1:170,000",<150,<0.2 mm/yr,"{faultZone} {faultName} {sectionName} {strandName} is a unknown fault that was mapped at 1:170,000 scale. Geologic studies have determined that the fault has had movement in the last <150 years and has a slip rate of <0.2 mm/yr."
1244,known_age,unknown,"1:170,000",<150,0.2 - 1 mm/yr,"{faultZone} {faultName} {sectionName} {strandName} is a unknown fault that was mapped at 1:170,000 scale. Geologic studies have determined that the fault has had movement in the last <150 years and has a slip rate of 0.2 - 1 mm/yr."
1245,known_age,unknown,"1:170,000",<150,1 - 5 mm/yr,"{faultZone} {faultName} {sectionName} {strandName} is a unknown fault that was mapped at 1:170,000 scale. Geologic studies have determined that the fault has had movement in the last <150 years and has a slip rate of 1 - 5 mm/yr."
1246,known_age,unknown,"1:170,000",<150,unspecified,"{faultZone} {faultName} {sectionName} {strandName} is a unknown fault that was mapped at 1:170,000 scale. Geologic studies have determined that the fault has had movement in the last <150 years and has a slip rate of unspecified."
1247,known_age,unknown,"1:170,000",<150,Undetermined,"{faultZone} {faultName} {sectionName} {strandName} is a unknown fault that was mapped at 1:170,000 scale. Geologic studies have determined that the fault has had movement in the last <150 years and has a slip rate of Undetermined."
1248,known_age,unknown,"1:170,000",<150,>5 mm/yr,"{faultZone} {faultName} {sectionName} {strandName} is a unknown fault that was mapped at 1:170,000 scale. Geologic studies have determined that the fault has had movement in the last <150 years and has a slip rate of >5 mm/yr."
1249,known_age,unknown,"1:340,000","<15,000",<0.2 mm/yr,"{faultZone} {faultName} {sectionName} {strandName} is a unknown fault that was mapped at 1:340,000 scale. Geologic studies have determined that the fault has had movement in the last <15,000 years and has a slip rate of <0.2 mm/yr."
1250,known_age,unknown,"1:340,000","<15,000",0.2 - 1 mm/yr,"{faultZone} {faultName} {sectionName} {strandName} is a unknown fault that was mapped at 1:340,000 scale. Geologic studies have determined that the fault has had movement in the last <15,000 years and has a slip rate of 0.2 - 1 mm/yr."
1251,known_age,unknown,"1:340,000","<15,000",1 - 5 mm/yr,"{faultZone} {faultName} {sectionName} {strandName} is a unknown fault that was mapped at 1:340,000 scale. Geologic studies have determined that the fault has had movement in the last <15,000 years and has a slip rate of 1 - 5 mm/yr."
1252,known_age,unknown,"1:340,000","<15,000",unspecified,"{faultZone} {faultName} {sectionName} {strandName} is a unknown fault that was mapped at 1:340,000 scale. Geologic studies have determined that the fault has had movement in the last <15,000 years and has a slip rate of unspecified."
1253,known_age,unknown,"1:340,000","<15,000",Undetermined,"{faultZone} {faultName} {sectionName} {strandName} is a unknown fault that was mapped at 1:340,000 scale. Geologic studies have determined that the fault has had movement in the last <15,000 years and has a slip rate of Undetermined."
1254,known_age,unknown,"1:340,000","<15,000",>5 mm/yr,"{faultZone} {faultName} {sectionName} {strandName} is a unknown fault that was mapped at 1:340,000 scale. Geologic studies have determined that the fault has had movement in the last <15,000 years and has a slip rate of >5 mm/yr."
1255,known_age,unknown,"1:340,000","<2,600,000",<0.2 mm/yr,"{faultZone} {faultName} {sectionName} {strandName} is a unknown fault that was mapped at 1:340,000 scale. Geologic studies have determined that the fault has had movement in the last <2,600,000 years and has a slip rate of <0.2 mm/yr."
1256,known_age,unknown,"1:340,000","<2,600,000",0.2 - 1 mm/yr,"{faultZone} {faultName} {sectionName} {strandName} is a unknown fault that was mapped at 1:340,000 scale. Geologic studies have determined that the fault has had movement in the last <2,600,000 years and has a slip rate of 0.2 - 1 mm/yr."
1257,known_age,unknown,"1:340,000","<2,600,000",1 - 5 mm/yr,"{faultZone} {faultName} {sectionName} {strandName} is a unknown fault that was mapped at 1:340,000 scale. Geologic studies have determined that the fault has had movement in the last <2,600,000 years and has a slip rate of 1 - 5 mm/yr."
1258,known_age,unknown,"1:340,000","<2,600,000",unspecified,"{faultZone} {faultName} {sectionName} {strandName} is a unknown fault that was mapped at 1:340,000 scale. Geologic studies have determined that the fault has had movement in the last <2,600,000 years and has a slip rate of unspecified."
1259,known_age,unknown,"1:340,000","<2,600,000",Undetermined,"{faultZone} {faultName} {sectionName} {strandName} is a unknown fault that was mapped at 1:340,000 scale. Geologic studies have determined that the fault has had movement in the last <2,600,000 years and has a slip rate of Undetermined."
1260,known_age,unknown,"1:340,000","<2,600,000",>5 mm/yr,"{faultZone} {faultName} {sectionName} {strandName} is a unknown fault that was mapped at 1:340,000 scale. Geologic studies have determined that the fault has had movement in the last <2,600,000 years and has a slip rate of >5 mm/yr."
1261,known_age,unknown,"1:340,000","<130,000",<0.2 mm/yr,"{faultZone} {faultName} {sectionName} {strandName} is a unknown fault that was mapped at 1:340,000 scale. Geologic studies have determined that the fault has had movement in the last <130,000 years and has a slip rate of <0.2 mm/yr."
1262,known_age,unknown,"1:340,000","<130,000",0.2 - 1 mm/yr,"{faultZone} {faultName} {sectionName} {strandName} is a unknown fault that was mapped at 1:340,000 scale. Geologic studies have determined that the fault has had movement in the last <130,000 years and has a slip rate of 0.2 - 1 mm/yr."
1263,known_age,unknown,"1:340,000","<130,000",1 - 5 mm/yr,"{faultZone} {faultName} {sectionName} {strandName} is a unknown fault that was mapped at 1:340,000 scale. Geologic studies have determined that the fault has had movement in the last <130,000 years and has a slip rate of 1 - 5 mm/yr."
1264,known_age,unknown,"1:340,000","<130,000",unspecified,"{faultZone} {faultName} {sectionName} {strandName} is a unknown fault that was mapped at 1:340,000 scale. Geologic studies have determined that the fault has had movement in the last <130,000 years and has a slip rate of unspecified."
1265,known_age,unknown,"1:340,000","<130,000",Undetermined,"{faultZone} {faultName} {sectionName} {strandName} is a unknown fault that was mapped at 1:340,000 scale. Geologic studies have determined that the fault has had movement in the last <130,000 years and has a slip rate of Undetermined."
1266,known_age,unknown,"1:340,000","<130,000",>5 mm/yr,"{faultZone} {faultName} {sectionName} {strandName} is a unknown fault that was mapped at 1:340,000 scale. Geologic studies have determined that the fault has had movement in the last <130,000 years and has a slip rate of >5 mm/yr."
1267,known_age,unknown,"1:340,000","<750,000",<0.2 mm/yr,"{faultZone} {faultName} {sectionName} {strandName} is a unknown fault that was mapped at 1:340,000 scale. Geologic studies have determined that the fault has had movement in the last <750,000 years and has a slip rate of <0.2 mm/yr."
1268,known_age,unknown,"1:340,000","<750,000",0.2 - 1 mm/yr,"{faultZone} {faultName} {sectionName} {strandName} is a unknown fault that was mapped at 1:340,000 scale. Geologic studies have determined that the fault has had movement in the last <750,000 years and has a slip rate of 0.2 - 1 mm/yr."
1269,known_age,unknown,"1:340,000","<750,000",1 - 5 mm/yr,"{faultZone} {faultName} {sectionName} {strandName} is a unknown fault that was mapped at 1:340,000 scale. Geologic studies have determined that the fault has had movement in the last <750,000 years and has a slip rate of 1 - 5 mm/yr."
1270,known_age,unknown,"1:340,000","<750,000",unspecified,"{faultZone} {faultName} {sectionName} {strandName} is a unknown fault that was mapped at 1:340,000 scale. Geologic studies have determined that the fault has had movement in the last <750,000 years and has a slip rate of unspecified."
1271,known_age,unknown,"1:340,000","<750,000",Undetermined,"{faultZone} {faultName} {sectionName} {strandName} is a unknown fault that was mapped at 1:340,000 scale. Geologic studies have determined that the fault has had movement in the last <750,000 years and has a slip rate of Undetermined."
1272,known_age,unknown,"1:340,000","<750,000",>5 mm/yr,"{faultZone} {faultName} {sectionName} {strandName} is a unknown fault that was mapped at 1:340,000 scale. Geologic studies have determined that the fault has had movement in the last <750,000 years and has a slip rate of >5 mm/yr."
1273,undetermined_age,unknown,"1:340,000",undetermined,,"{faultZone} {faultName} {sectionName} {strandName} is a unknown fault that was mapped at 1:340,000 scale. Geologic studies have not determined the age or slip rate of the fault."
1274,known_age,unknown,"1:340,000",<150,<0.2 mm/yr,"{faultZone} {faultName} {sectionName} {strandName} is a unknown fault that was mapped at 1:340,000 scale. Geologic studies have determined that the fault has had movement in the last <150 years and has a slip rate of <0.2 mm/yr."
1275,known_age,unknown,"1:340,000",<150,0.2 - 1 mm/yr,"{faultZone} {faultName} {sectionName} {strandName} is a unknown fault that was mapped at 1:340,000 scale. Geologic studies have determined that the fault has had movement in the last <150 years and has a slip rate of 0.2 - 1 mm/yr."
1276,known_age,unknown,"1:340,000",<150,1 - 5 mm/yr,"{faultZone} {faultName} {sectionName} {strandName} is a unknown fault that was mapped at 1:340,000 scale. Geologic studies have determined that the fault has had movement in the last <150 years and has a slip rate of 1 - 5 mm/yr."
1277,known_age,unknown,"1:340,000",<150,unspecified,"{faultZone} {faultName} {sectionName} {strandName} is a unknown fault that was mapped at 1:340,000 scale. Geologic studies have determined that the fault has had movement in the last <150 years and has a slip rate of unspecified."
1278,known_age,unknown,"1:340,000",<150,Undetermined,"{faultZone} {faultName} {sectionName} {strandName} is a unknown fault that was mapped at 1:340,000 scale. Geologic studies have determined that the fault has had movement in the last <150 years and has a slip rate of Undetermined."
1279,known_age,unknown,"1:340,000",<150,>5 mm/yr,"{faultZone} {faultName} {sectionName} {strandName} is a unknown fault that was mapped at 1:340,000 scale. Geologic studies have determined that the fault has had movement in the last <150 years and has a slip rate of >5 mm/yr."
1280,known_age,unknown,"1:500,000","<15,000",<0.2 mm/yr,"{faultZone} {faultName} {sectionName} {strandName} is a unknown fault that was mapped at 1:500,000 scale. Geologic studies have determined that the fault has had movement in the last <15,000 years and has a slip rate of <0.2 mm/yr."
1281,known_age,unknown,"1:500,000","<15,000",0.2 - 1 mm/yr,"{faultZone} {faultName} {sectionName} {strandName} is a unknown fault that was mapped at 1:500,000 scale. Geologic studies have determined that the fault has had movement in the last <15,000 years and has a slip rate of 0.2 - 1 mm/yr."
1282,known_age,unknown,"1:500,000","<15,000",1 - 5 mm/yr,"{faultZone} {faultName} {sectionName} {strandName} is a unknown fault that was mapped at 1:500,000 scale. Geologic studies have determined that the fault has had movement in the last <15,000 years and has a slip rate of 1 - 5 mm/yr."
1283,known_age,unknown,"1:500,000","<15,000",unspecified,"{faultZone} {faultName} {sectionName} {strandName} is a unknown fault that was mapped at 1:500,000 scale. Geologic studies have determined that the fault has had movement in the last <15,000 years and has a slip rate of unspecified."
1284,known_age,unknown,"1:500,000","<15,000",Undetermined,"{faultZone} {faultName} {sectionName} {strandName} is a unknown fault that was mapped at 1:500,000 scale. Geologic studies have determined that the fault has had movement in the last <15,000 years and has a slip rate of Undetermined."
1285,known_age,unknown,"1:500,000","<15,000",>5 mm/yr,"{faultZone} {faultName} {sectionName} {strandName} is a unknown fault that was mapped at 1:500,000 scale. Geologic studies have determined that the fault has had movement in the last <15,000 years and has a slip rate of >5 mm/yr."
1286,known_age,unknown,"1:500,000","<2,600,000",<0.2 mm/yr,"{faultZone} {faultName} {sectionName} {strandName} is a unknown fault that was mapped at 1:500,000 scale. Geologic studies have determined that the fault has had movement in the last <2,600,000 years and has a slip rate of <0.2 mm/yr."
1287,known_age,unknown,"1:500,000","<2,600,000",0.2 - 1 mm/yr,"{faultZone} {faultName} {sectionName} {strandName} is a unknown fault that was mapped at 1:500,000 scale. Geologic studies have determined that the fault has had movement in the last <2,600,000 years and has a slip rate of 0.2 - 1 mm/yr."
1288,known_age,unknown,"1:500,000","<2,600,000",1 - 5 mm/yr,"{faultZone} {faultName} {sectionName} {strandName} is a unknown fault that was mapped at 1:500,000 scale. Geologic studies have determined that the fault has had movement in the last <2,600,000 years and has a slip rate of 1 - 5 mm/yr."
1289,known_age,unknown,"1:500,000","<2,600,000",unspecified,"{faultZone} {faultName} {sectionName} {strandName} is a unknown fault that was mapped at 1:500,000 scale. Geologic studies have determined that the fault has had movement in the last <2,600,000 years and has a slip rate of unspecified."
1290,known_age,unknown,"1:500,000","<2,600,000",Undetermined,"{faultZone} {faultName} {sectionName} {strandName} is a unknown fault that was mapped at 1:500,000 scale. Geologic studies have determined that the fault has had movement in the last <2,600,000 years and has a slip rate of Undetermined."
1291,known_age,unknown,"1:500,000","<2,600,000",>5 mm/yr,"{faultZone} {faultName} {sectionName} {strandName} is a unknown fault that was mapped at 1:500,000 scale. Geologic studies have determined that the fault has had movement in the last <2,600,000 years and has a slip rate of >5 mm/yr."
1292,known_age,unknown,"1:500,000","<130,000",<0.2 mm/yr,"{faultZone} {faultName} {sectionName} {strandName} is a unknown fault that was mapped at 1:500,000 scale. Geologic studies have determined that the fault has had movement in the last <130,000 years and has a slip rate of <0.2 mm/yr."
1293,known_age,unknown,"1:500,000","<130,000",0.2 - 1 mm/yr,"{faultZone} {faultName} {sectionName} {strandName} is a unknown fault that was mapped at 1:500,000 scale. Geologic studies have determined that the fault has had movement in the last <130,000 years and has a slip rate of 0.2 - 1 mm/yr."
1294,known_age,unknown,"1:500,000","<130,000",1 - 5 mm/yr,"{faultZone} {faultName} {sectionName} {strandName} is a unknown fault that was mapped at 1:500,000 scale. Geologic studies have determined that the fault has had movement in the last <130,000 years and has a slip rate of 1 - 5 mm/yr."
1295,known_age,unknown,"1:500,000","<130,000",unspecified,"{faultZone} {faultName} {sectionName} {strandName} is a unknown fault that was mapped at 1:500,000 scale. Geologic studies have determined that the fault has had movement in the last <130,000 years and has a slip rate of unspecified."
1296,known_age,unknown,"1:500,000","<130,000",Undetermined,"{faultZone} {faultName} {sectionName} {strandName} is a unknown fault that was mapped at 1:500,000 scale. Geologic studies have determined that the fault has had movement in the last <130,000 years and has a slip rate of Undetermined."
1297,known_age,unknown,"1:500,000","<130,000",>5 mm/yr,"{faultZone} {faultName} {sectionName} {strandName} is a unknown fault that was mapped at 1:500,000 scale. Geologic studies have determined that the fault has had movement in the last <130,000 years and has a slip rate of >5 mm/yr."
1298,known_age,unknown,"1:500,000","<750,000",<0.2 mm/yr,"{faultZone} {faultName} {sectionName} {strandName} is a unknown fault that was mapped at 1:500,000 scale. Geologic studies have determined that the fault has had movement in the last <750,000 years and has a slip rate of <0.2 mm/yr."
1299,known_age,unknown,"1:500,000","<750,000",0.2 - 1 mm/yr,"{faultZone} {faultName} {sectionName} {strandName} is a unknown fault that was mapped at 1:500,000 scale. Geologic studies have determined that the fault has had movement in the last <750,000 years and has a slip rate of 0.2 - 1 mm/yr."
1300,known_age,unknown,"1:500,000","<750,000",1 - 5 mm/yr,"{faultZone} {faultName} {sectionName} {strandName} is a unknown fault that was mapped at 1:500,000 scale. Geologic studies have determined that the fault has had movement in the last <750,000 years and has a slip rate of 1 - 5 mm/yr."
1301,known_age,unknown,"1:500,000","<750,000",unspecified,"{faultZone} {faultName} {sectionName} {strandName} is a unknown fault that was mapped at 1:500,000 scale. Geologic studies have determined that the fault has had movement in the last <750,000 years and has a slip rate of unspecified."
1302,known_age,unknown,"1:500,000","<750,000",Undetermined,"{faultZone} {faultName} {sectionName} {strandName} is a unknown fault that was mapped at 1:500,000 scale. Geologic studies have determined that the fault has had movement in the last <750,000 years and has a slip rate of Undetermined."
1303,known_age,unknown,"1:500,000","<750,000",>5 mm/yr,"{faultZone} {faultName} {sectionName} {strandName} is a unknown fault that was mapped at 1:500,000 scale. Geologic studies have determined that the fault has had movement in the last <750,000 years and has a slip rate of >5 mm/yr."
1304,undetermined_age,unknown,"1:500,000",undetermined,,"{faultZone} {faultName} {sectionName} {strandName} is a unknown fault that was mapped at 1:500,000 scale. Geologic studies have not determined the age or slip rate of the fault."
1305,known_age,unknown,"1:500,000",<150,<0.2 mm/yr,"{faultZone} {faultName} {sectionName} {strandName} is a unknown fault that was mapped at 1:500,000 scale. Geologic studies have determined that the fault has had movement in the last <150 years and has a slip rate of <0.2 mm/yr."
1306,known_age,unknown,"1:500,000",<150,0.2 - 1 mm/yr,"{faultZone} {faultName} {sectionName} {strandName} is a unknown fault that was mapped at 1:500,000 scale. Geologic studies have determined that the fault has had movement in the last <150 years and has a slip rate of 0.2 - 1 mm/yr."
1307,known_age,unknown,"1:500,000",<150,1 - 5 mm/yr,"{faultZone} {faultName} {sectionName} {strandName} is a unknown fault that was mapped at 1:500,000 scale. Geologic studies have determined that the fault has had movement in the last <150 years and has a slip rate of 1 - 5 mm/yr."
1308,known_age,unknown,"1:500,000",<150,unspecified,"{faultZone} {faultName} {sectionName} {strandName} is a unknown fault that was mapped at 1:500,000 scale. Geologic studies have determined that the fault has had movement in the last <150 years and has a slip rate of unspecified."
1309,known_age,unknown,"1:500,000",<150,Undetermined,"{faultZone} {faultName} {sectionName} {strandName} is a unknown fault that was mapped at 1:500,000 scale. Geologic studies have determined that the fault has had movement in the last <150 years and has a slip rate of Undetermined."
1310,known_age,unknown,"1:500,000",<150,>5 mm/yr,"{faultZone} {faultName} {sectionName} {strandName} is a unknown fault that was mapped at 1:500,000 scale. Geologic studies have determined that the fault has had movement in the last <150 years and has a slip rate of >5 mm/yr."
1311,known_age,unknown,"1:700,000","<15,000",<0.2 mm/yr,"{faultZone} {faultName} {sectionName} {strandName} is a unknown fault that was mapped at 1:700,000 scale. Geologic studies have determined that the fault has had movement in the last <15,000 years and has a slip rate of <0.2 mm/yr."
1312,known_age,unknown,"1:700,000","<15,000",0.2 - 1 mm/yr,"{faultZone} {faultName} {sectionName} {strandName} is a unknown fault that was mapped at 1:700,000 scale. Geologic studies have determined that the fault has had movement in the last <15,000 years and has a slip rate of 0.2 - 1 mm/yr."
1313,known_age,unknown,"1:700,000","<15,000",1 - 5 mm/yr,"{faultZone} {faultName} {sectionName} {strandName} is a unknown fault that was mapped at 1:700,000 scale. Geologic studies have determined that the fault has had movement in the last <15,000 years and has a slip rate of 1 - 5 mm/yr."
1314,known_age,unknown,"1:700,000","<15,000",unspecified,"{faultZone} {faultName} {sectionName} {strandName} is a unknown fault that was mapped at 1:700,000 scale. Geologic studies have determined that the fault has had movement in the last <15,000 years and has a slip rate of unspecified."
1315,known_age,unknown,"1:700,000","<15,000",Undetermined,"{faultZone} {faultName} {sectionName} {strandName} is a unknown fault that was mapped at 1:700,000 scale. Geologic studies have determined that the fault has had movement in the last <15,000 years and has a slip rate of Undetermined."
1316,known_age,unknown,"1:700,000","<15,000",>5 mm/yr,"{faultZone} {faultName} {sectionName} {strandName} is a unknown fault that was mapped at 1:700,000 scale. Geologic studies have determined that the fault has had movement in the last <15,000 years and has a slip rate of >5 mm/yr."
1317,known_age,unknown,"1:700,000","<2,600,000",<0.2 mm/yr,"{faultZone} {faultName} {sectionName} {strandName} is a unknown fault that was mapped at 1:700,000 scale. Geologic studies have determined that the fault has had movement in the last <2,600,000 years and has a slip rate of <0.2 mm/yr."
1318,known_age,unknown,"1:700,000","<2,600,000",0.2 - 1 mm/yr,"{faultZone} {faultName} {sectionName} {strandName} is a unknown fault that was mapped at 1:700,000 scale. Geologic studies have determined that the fault has had movement in the last <2,600,000 years and has a slip rate of 0.2 - 1 mm/yr."
1319,known_age,unknown,"1:700,000","<2,600,000",1 - 5 mm/yr,"{faultZone} {faultName} {sectionName} {strandName} is a unknown fault that was mapped at 1:700,000 scale. Geologic studies have determined that the fault has had movement in the last <2,600,000 years and has a slip rate of 1 - 5 mm/yr."
1320,known_age,unknown,"1:700,000","<2,600,000",unspecified,"{faultZone} {faultName} {sectionName} {strandName} is a unknown fault that was mapped at 1:700,000 scale. Geologic studies have determined that the fault has had movement in the last <2,600,000 years and has a slip rate of unspecified."
1321,known_age,unknown,"1:700,000","<2,600,000",Undetermined,"{faultZone} {faultName} {sectionName} {strandName} is a unknown fault that was mapped at 1:700,000 scale. Geologic studies have determined that the fault has had movement in the last <2,600,000 years and has a slip rate of Undetermined."
1322,known_age,unknown,"1:700,000","<2,600,000",>5 mm/yr,"{faultZone} {faultName} {sectionName} {strandName} is a unknown fault that was mapped at 1:700,000 scale. Geologic studies have determined that the fault has had movement in the last <2,600,000 years and has a slip rate of >5 mm/yr."
1323,known_age,unknown,"1:700,000","<130,000",<0.2 mm/yr,"{faultZone} {faultName} {sectionName} {strandName} is a unknown fault that was mapped at 1:700,000 scale. Geologic studies have determined that the fault has had movement in the last <130,000 years and has a slip rate of <0.2 mm/yr."
1324,known_age,unknown,"1:700,000","<130,000",0.2 - 1 mm/yr,"{faultZone} {faultName} {sectionName} {strandName} is a unknown fault that was mapped at 1:700,000 scale. Geologic studies have determined that the fault has had movement in the last <130,000 years and has a slip rate of 0.2 - 1 mm/yr."
1325,known_age,unknown,"1:700,000","<130,000",1 - 5 mm/yr,"{faultZone} {faultName} {sectionName} {strandName} is a unknown fault that was mapped at 1:700,000 scale. Geologic studies have determined that the fault has had movement in the last <130,000 years and has a slip rate of 1 - 5 mm/yr."
1326,known_age,unknown,"1:700,000","<130,000",unspecified,"{faultZone} {faultName} {sectionName} {strandName} is a unknown fault that was mapped at 1:700,000 scale. Geologic studies have determined that the fault has had movement in the last <130,000 years and has a slip rate of unspecified."
1327,known_age,unknown,"1:700,000","<130,000",Undetermined,"{faultZone} {faultName} {sectionName} {strandName} is a unknown fault that was mapped at 1:700,000 scale. Geologic studies have determined that the fault has had movement in the last <130,000 years and has a slip rate of Undetermined."
1328,known_age,unknown,"1:700,000","<130,000",>5 mm/yr,"{faultZone} {faultName} {sectionName} {strandName} is a unknown fault that was mapped at 1:700,000 scale. Geologic studies have determined that the fault has had movement in the last <130,000 years and has a slip rate of >5 mm/yr."
1329,known_age,unknown,"1:700,000","<750,000",<0.2 mm/yr,"{faultZone} {faultName} {sectionName} {strandName} is a unknown fault that was mapped at 1:700,000 scale. Geologic studies have determined that the fault has had movement in the last <750,000 years and has a slip rate of <0.2 mm/yr."
1330,known_age,unknown,"1:700,000","<750,000",0.2 - 1 mm/yr,"{faultZone} {faultName} {sectionName} {strandName} is a unknown fault that was mapped at 1:700,000 scale. Geologic studies have determined that the fault has had movement in the last <750,000 years and has a slip rate of 0.2 - 1 mm/yr."
1331,known_age,unknown,"1:700,000","<750,000",1 - 5 mm/yr,"{faultZone} {faultName} {sectionName} {strandName} is a unknown fault that was mapped at 1:700,000 scale. Geologic studies have determined that the fault has had movement in the last <750,000 years and has a slip rate of 1 - 5 mm/yr."
1332,known_age,unknown,"1:700,000","<750,000",unspecified,"{faultZone} {faultName} {sectionName} {strandName} is a unknown fault that was mapped at 1:700,000 scale. Geologic studies have determined that the fault has had movement in the last <750,000 years and has a slip rate of unspecified."
1333,known_age,unknown,"1:700,000","<750,000",Undetermined,"{faultZone} {faultName} {sectionName} {strandName} is a unknown fault that was mapped at 1:700,000 scale. Geologic studies have determined that the fault has had movement in the last <750,000 years and has a slip rate of Undetermined."
1334,known_age,unknown,"1:700,000","<750,000",>5 mm/yr,"{faultZone} {faultName} {sectionName} {strandName} is a unknown fault that was mapped at 1:700,000 scale. Geologic studies have determined that the fault has had movement in the last <750,000 years and has a slip rate of >5 mm/yr."
1335,undetermined_age,unknown,"1:700,000",undetermined,,"{faultZone} {faultName} {sectionName} {strandName} is a unknown fault that was mapped at 1:700,000 scale. Geologic studies have not determined the age or slip rate of the fault."
1336,known_age,unknown,"1:700,000",<150,<0.2 mm/yr,"{faultZone} {faultName} {sectionName} {strandName} is a unknown fault that was mapped at 1:700,000 scale. Geologic studies have determined that the fault has had movement in the last <150 years and has a slip rate of <0.2 mm/yr."
1337,known_age,unknown,"1:700,000",<150,0.2 - 1 mm/yr,"{faultZone} {faultName} {sectionName} {strandName} is a unknown fault that was mapped at 1:700,000 scale. Geologic studies have determined that the fault has had movement in the last <150 years and has a slip rate of 0.2 - 1 mm/yr."
1338,known_age,unknown,"1:700,000",<150,1 - 5 mm/yr,"{faultZone} {faultName} {sectionName} {strandName} is a unknown fault that was mapped at 1:700,000 scale. Geologic studies have determined that the fault has had movement in the last <150 years and has a slip rate of 1 - 5 mm/yr."
1339,known_age,unknown,"1:700,000",<150,unspecified,"{faultZone} {faultName} {sectionName} {strandName} is a unknown fault that was mapped at 1:700,000 scale. Geologic studies have determined that the fault has had movement in the last <150 years and has a slip rate of unspecified."
1340,known_age,unknown,"1:700,000",<150,Undetermined,"{faultZone} {faultName} {sectionName} {strandName} is a unknown fault that was mapped at 1:700,000 scale. Geologic studies have determined that the fault has had movement in the last <150 years and has a slip rate of Undetermined."
1341,known_age,unknown,"1:700,000",<150,>5 mm/yr,"{faultZone} {faultName} {sectionName} {strandName} is a unknown fault that was mapped at 1:700,000 scale. Geologic studies have determined that the fault has had movement in the last <150 years and has a slip rate of >5 mm/yr."
1342,known_age,unknown,"1:750,000","<15,000",<0.2 mm/yr,"{faultZone} {faultName} {sectionName} {strandName} is a unknown fault that was mapped at 1:750,000 scale. Geologic studies have determined that the fault has had movement in the last <15,000 years and has a slip rate of <0.2 mm/yr."
1343,known_age,unknown,"1:750,000","<15,000",0.2 - 1 mm/yr,"{faultZone} {faultName} {sectionName} {strandName} is a unknown fault that was mapped at 1:750,000 scale. Geologic studies have determined that the fault has had movement in the last <15,000 years and has a slip rate of 0.2 - 1 mm/yr."
1344,known_age,unknown,"1:750,000","<15,000",1 - 5 mm/yr,"{faultZone} {faultName} {sectionName} {strandName} is a unknown fault that was mapped at 1:750,000 scale. Geologic studies have determined that the fault has had movement in the last <15,000 years and has a slip rate of 1 - 5 mm/yr."
1345,known_age,unknown,"1:750,000","<15,000",unspecified,"{faultZone} {faultName} {sectionName} {strandName} is a unknown fault that was mapped at 1:750,000 scale. Geologic studies have determined that the fault has had movement in the last <15,000 years and has a slip rate of unspecified."
1346,known_age,unknown,"1:750,000","<15,000",Undetermined,"{faultZone} {faultName} {sectionName} {strandName} is a unknown fault that was mapped at 1:750,000 scale. Geologic studies have determined that the fault has had movement in the last <15,000 years and has a slip rate of Undetermined."
1347,known_age,unknown,"1:750,000","<15,000",>5 mm/yr,"{faultZone} {faultName} {sectionName} {strandName} is a unknown fault that was mapped at 1:750,000 scale. Geologic studies have determined that the fault has had movement in the last <15,000 years and has a slip rate of >5 mm/yr."
1348,known_age,unknown,"1:750,000","<2,600,000",<0.2 mm/yr,"{faultZone} {faultName} {sectionName} {strandName} is a unknown fault that was mapped at 1:750,000 scale. Geologic studies have determined that the fault has had movement in the last <2,600,000 years and has a slip rate of <0.2 mm/yr."
1349,known_age,unknown,"1:750,000","<2,600,000",0.2 - 1 mm/yr,"{faultZone} {faultName} {sectionName} {strandName} is a unknown fault that was mapped at 1:750,000 scale. Geologic studies have determined that the fault has had movement in the last <2,600,000 years and has a slip rate of 0.2 - 1 mm/yr."
1350,known_age,unknown,"1:750,000","<2,600,000",1 - 5 mm/yr,"{faultZone} {faultName} {sectionName} {strandName} is a unknown fault that was mapped at 1:750,000 scale. Geologic studies have determined that the fault has had movement in the last <2,600,000 years and has a slip rate of 1 - 5 mm/yr."
1351,known_age,unknown,"1:750,000","<2,600,000",unspecified,"{faultZone} {faultName} {sectionName} {strandName} is a unknown fault that was mapped at 1:750,000 scale. Geologic studies have determined that the fault has had movement in the last <2,600,000 years and has a slip rate of unspecified."
1352,known_age,unknown,"1:750,000","<2,600,000",Undetermined,"{faultZone} {faultName} {sectionName} {strandName} is a unknown fault that was mapped at 1:750,000 scale. Geologic studies have determined that the fault has had movement in the last <2,600,000 years and has a slip rate of Undetermined."
1353,known_age,unknown,"1:750,000","<2,600,000",>5 mm/yr,"{faultZone} {faultName} {sectionName} {strandName} is a unknown fault that was mapped at 1:750,000 scale. Geologic studies have determined that the fault has had movement in the last <2,600,000 years and has a slip rate of >5 mm/yr."
1354,known_age,unknown,"1:750,000","<130,000",<0.2 mm/yr,"{faultZone} {faultName} {sectionName} {strandName} is a unknown fault that was mapped at 1:750,000 scale. Geologic studies have determined that the fault has had movement in the last <130,000 years and has a slip rate of <0.2 mm/yr."
1355,known_age,unknown,"1:750,000","<130,000",0.2 - 1 mm/yr,"{faultZone} {faultName} {sectionName} {strandName} is a unknown fault that was mapped at 1:750,000 scale. Geologic studies have determined that the fault has had movement in the last <130,000 years and has a slip rate of 0.2 - 1 mm/yr."
1356,known_age,unknown,"1:750,000","<130,000",1 - 5 mm/yr,"{faultZone} {faultName} {sectionName} {strandName} is a unknown fault that was mapped at 1:750,000 scale. Geologic studies have determined that the fault has had movement in the last <130,000 years and has a slip rate of 1 - 5 mm/yr."
1357,known_age,unknown,"1:750,000","<130,000",unspecified,"{faultZone} {faultName} {sectionName} {strandName} is a unknown fault that was mapped at 1:750,000 scale. Geologic studies have determined that the fault has had movement in the last <130,000 years and has a slip rate of unspecified."
1358,known_age,unknown,"1:750,000","<130,000",Undetermined,"{faultZone} {faultName} {sectionName} {strandName} is a unknown fault that was mapped at 1:750,000 scale. Geologic studies have determined that the fault has had movement in the last <130,000 years and has a slip rate of Undetermined."
1359,known_age,unknown,"1:750,000","<130,000",>5 mm/yr,"{faultZone} {faultName} {sectionName} {strandName} is a unknown fault that was mapped at 1:750,000 scale. Geologic studies have determined that the fault has had movement in the last <130,000 years and has a slip rate of >5 mm/yr."
1360,known_age,unknown,"1:750,000","<750,000",<0.2 mm/yr,"{faultZone} {faultName} {sectionName} {strandName} is a unknown fault that was mapped at 1:750,000 scale. Geologic studies have determined that the fault has had movement in the last <750,000 years and has a slip rate of <0.2 mm/yr."
1361,known_age,unknown,"1:750,000","<750,000",0.2 - 1 mm/yr,"{faultZone} {faultName} {sectionName} {strandName} is a unknown fault that was mapped at 1:750,000 scale. Geologic studies have determined that the fault has had movement in the last <750,000 years and has a slip rate of 0.2 - 1 mm/yr."
1362,known_age,unknown,"1:750,000","<750,000",1 - 5 mm/yr,"{faultZone} {faultName} {sectionName} {strandName} is a unknown fault that was mapped at 1:750,000 scale. Geologic studies have determined that the fault has had movement in the last <750,000 years and has a slip rate of 1 - 5 mm/yr."
1363,known_age,unknown,"1:750,000","<750,000",unspecified,"{faultZone} {faultName} {sectionName} {strandName} is a unknown fault that was mapped at 1:750,000 scale. Geologic studies have determined that the fault has had movement in the last <750,000 years and has a slip rate of unspecified."
1364,known_age,unknown,"1:750,000","<750,000",Undetermined,"{faultZone} {faultName} {sectionName} {strandName} is a unknown fault that was mapped at 1:750,000 scale. Geologic studies have determined that the fault has had movement in the last <750,000 years and has a slip rate of Undetermined."
1365,known_age,unknown,"1:750,000","<750,000",>5 mm/yr,"{faultZone} {faultName} {sectionName} {strandName} is a unknown fault that was mapped at 1:750,000 scale. Geologic studies have determined that the fault has had movement in the last <750,000 years and has a slip rate of >5 mm/yr."
1366,undetermined_age,unknown,"1:750,000",undetermined,,"{faultZone} {faultName} {sectionName} {strandName} is a unknown fault that was mapped at 1:750,000 scale. Geologic studies have not determined the age or slip rate of the fault."
1367,known_age,unknown,"1:750,000",<150,<0.2 mm/yr,"{faultZone} {faultName} {sectionName} {strandName} is a unknown fault that was mapped at 1:750,000 scale. Geologic studies have determined that the fault has had movement in the last <150 years and has a slip rate of <0.2 mm/yr."
1368,known_age,unknown,"1:750,000",<150,0.2 - 1 mm/yr,"{faultZone} {faultName} {sectionName} {strandName} is a unknown fault that was mapped at 1:750,000 scale. Geologic studies have determined that the fault has had movement in the last <150 years and has a slip rate of 0.2 - 1 mm/yr."
1369,known_age,unknown,"1:750,000",<150,1 - 5 mm/yr,"{faultZone} {faultName} {sectionName} {strandName} is a unknown fault that was mapped at 1:750,000 scale. Geologic studies have determined that the fault has had movement in the last <150 years and has a slip rate of 1 - 5 mm/yr."
1370,known_age,unknown,"1:750,000",<150,unspecified,"{faultZone} {faultName} {sectionName} {strandName} is a unknown fault that was mapped at 1:750,000 scale. Geologic studies have determined that the fault has had movement in the last <150 years and has a slip rate of unspecified."
1371,known_age,unknown,"1:750,000",<150,Undetermined,"{faultZone} {faultName} {sectionName} {strandName} is a unknown fault that was mapped at 1:750,000 scale. Geologic studies have determined that the fault has had movement in the last <150 years and has a slip rate of Undetermined."
1372,known_age,unknown,"1:750,000",<150,>5 mm/yr,"{faultZone} {faultName} {sectionName} {strandName} is a unknown fault that was mapped at 1:750,000 scale. Geologic studies have determined that the fault has had movement in the last <150 years and has a slip rate of >5 mm/yr."
1373,fold_structure,anticline,"1:10,000","<15,000",<0.2 mm/yr,"{faultZone} {faultName} {sectionName} {strandName} is a anticline that was mapped at 1:10,000 scale. Geologic studies have determined that the structure has had movement in the last <15,000 years and has a slip rate of <0.2 mm/yr."
1374,fold_structure,anticline,"1:10,000","<15,000",0.2 - 1 mm/yr,"{faultZone} {faultName} {sectionName} {strandName} is a anticline that was mapped at 1:10,000 scale. Geologic studies have determined that the structure has had movement in the last <15,000 years and has a slip rate of 0.2 - 1 mm/yr."
1375,fold_structure,anticline,"1:10,000","<15,000",1 - 5 mm/yr,"{faultZone} {faultName} {sectionName} {strandName} is a anticline that was mapped at 1:10,000 scale. Geologic studies have determined that the structure has had movement in the last <15,000 years and has a slip rate of 1 - 5 mm/yr."
1376,fold_structure,anticline,"1:10,000","<15,000",unspecified,"{faultZone} {faultName} {sectionName} {strandName} is a anticline that was mapped at 1:10,000 scale. Geologic studies have determined that the structure has had movement in the last <15,000 years and has a slip rate of unspecified."
1377,fold_structure,anticline,"1:10,000","<15,000",Undetermined,"{faultZone} {faultName} {sectionName} {strandName} is a anticline that was mapped at 1:10,000 scale. Geologic studies have determined that the structure has had movement in the last <15,000 years and has a slip rate of Undetermined."
1378,fold_structure,anticline,"1:10,000","<15,000",>5 mm/yr,"{faultZone} {faultName} {sectionName} {strandName} is a anticline that was mapped at 1:10,000 scale. Geologic studies have determined that the structure has had movement in the last <15,000 years and has a slip rate of >5 mm/yr."
1379,fold_structure,anticline,"1:10,000","<2,600,000",<0.2 mm/yr,"{faultZone} {faultName} {sectionName} {strandName} is a anticline that was mapped at 1:10,000 scale. Geologic studies have determined that the structure has had movement in the last <2,600,000 years and has a slip rate of <0.2 mm/yr."
1380,fold_structure,anticline,"1:10,000","<2,600,000",0.2 - 1 mm/yr,"{faultZone} {faultName} {sectionName} {strandName} is a anticline that was mapped at 1:10,000 scale. Geologic studies have determined that the structure has had movement in the last <2,600,000 years and has a slip rate of 0.2 - 1 mm/yr."
1381,fold_structure,anticline,"1:10,000","<2,600,000",1 - 5 mm/yr,"{faultZone} {faultName} {sectionName} {strandName} is a anticline that was mapped at 1:10,000 scale. Geologic studies have determined that the structure has had movement in the last <2,600,000 years and has a slip rate of 1 - 5 mm/yr."
1382,fold_structure,anticline,"1:10,000","<2,600,000",unspecified,"{faultZone} {faultName} {sectionName} {strandName} is a anticline that was mapped at 1:10,000 scale. Geologic studies have determined that the structure has had movement in the last <2,600,000 years and has a slip rate of unspecified."
1383,fold_structure,anticline,"1:10,000","<2,600,000",Undetermined,"{faultZone} {faultName} {sectionName} {strandName} is a anticline that was mapped at 1:10,000 scale. Geologic studies have determined that the structure has had movement in the last <2,600,000 years and has a slip rate of Undetermined."
1384,fold_structure,anticline,"1:10,000","<2,600,000",>5 mm/yr,"{faultZone} {faultName} {sectionName} {strandName} is a anticline that was mapped at 1:10,000 scale. Geologic studies have determined that the structure has had movement in the last <2,600,000 years and has a slip rate of >5 mm/yr."
1385,fold_structure,anticline,"1:10,000","<130,000",<0.2 mm/yr,"{faultZone} {faultName} {sectionName} {strandName} is a anticline that was mapped at 1:10,000 scale. Geologic studies have determined that the structure has had movement in the last <130,000 years and has a slip rate of <0.2 mm/yr."
1386,fold_structure,anticline,"1:10,000","<130,000",0.2 - 1 mm/yr,"{faultZone} {faultName} {sectionName} {strandName} is a anticline that was mapped at 1:10,000 scale. Geologic studies have determined that the structure has had movement in the last <130,000 years and has a slip rate of 0.2 - 1 mm/yr."
1387,fold_structure,anticline,"1:10,000","<130,000",1 - 5 mm/yr,"{faultZone} {faultName} {sectionName} {strandName} is a anticline that was mapped at 1:10,000 scale. Geologic studies have determined that the structure has had movement in the last <130,000 years and has a slip rate of 1 - 5 mm/yr."
1388,fold_structure,anticline,"1:10,000","<130,000",unspecified,"{faultZone} {faultName} {sectionName} {strandName} is a anticline that was mapped at 1:10,000 scale. Geologic studies have determined that the structure has had movement in the last <130,000 years and has a slip rate of unspecified."
1389,fold_structure,anticline,"1:10,000","<130,000",Undetermined,"{faultZone} {faultName} {sectionName} {strandName} is a anticline that was mapped at 1:10,000 scale. Geologic studies have determined that the structure has had movement in the last <130,000 years and has a slip rate of Undetermined."
1390,fold_structure,anticline,"1:10,000","<130,000",>5 mm/yr,"{faultZone} {faultName} {sectionName} {strandName} is a anticline that was mapped at 1:10,000 scale. Geologic studies have determined that the structure has had movement in the last <130,000 years and has a slip rate of >5 mm/yr."
1391,fold_structure,anticline,"1:10,000","<750,000",<0.2 mm/yr,"{faultZone} {faultName} {sectionName} {strandName} is a anticline that was mapped at 1:10,000 scale. Geologic studies have determined that the structure has had movement in the last <750,000 years and has a slip rate of <0.2 mm/yr."
1392,fold_structure,anticline,"1:10,000","<750,000",0.2 - 1 mm/yr,"{faultZone} {faultName} {sectionName} {strandName} is a anticline that was mapped at 1:10,000 scale. Geologic studies have determined that the structure has had movement in the last <750,000 years and has a slip rate of 0.2 - 1 mm/yr."
1393,fold_structure,anticline,"1:10,000","<750,000",1 - 5 mm/yr,"{faultZone} {faultName} {sectionName} {strandName} is a anticline that was mapped at 1:10,000 scale. Geologic studies have determined that the structure has had movement in the last <750,000 years and has a slip rate of 1 - 5 mm/yr."
1394,fold_structure,anticline,"1:10,000","<750,000",unspecified,"{faultZone} {faultName} {sectionName} {strandName} is a anticline that was mapped at 1:10,000 scale. Geologic studies have determined that the structure has had movement in the last <750,000 years and has a slip rate of unspecified."
1395,fold_structure,anticline,"1:10,000","<750,000",Undetermined,"{faultZone} {faultName} {sectionName} {strandName} is a anticline that was mapped at 1:10,000 scale. Geologic studies have determined that the structure has had movement in the last <750,000 years and has a slip rate of Undetermined."
1396,fold_structure,anticline,"1:10,000","<750,000",>5 mm/yr,"{faultZone} {faultName} {sectionName} {strandName} is a anticline that was mapped at 1:10,000 scale. Geologic studies have determined that the structure has had movement in the last <750,000 years and has a slip rate of >5 mm/yr."
1397,fold_structure,anticline,"1:10,000",undetermined,<0.2 mm/yr,"{faultZone} {faultName} {sectionName} {strandName} is a anticline that was mapped at 1:10,000 scale. Geologic studies have determined that the structure has had movement in the last undetermined years and has a slip rate of <0.2 mm/yr."
1398,fold_structure,anticline,"1:10,000",undetermined,0.2 - 1 mm/yr,"{faultZone} {faultName} {sectionName} {strandName} is a anticline that was mapped at 1:10,000 scale. Geologic studies have determined that the structure has had movement in the last undetermined years and has a slip rate of 0.2 - 1 mm/yr."
1399,fold_structure,anticline,"1:10,000",undetermined,1 - 5 mm/yr,"{faultZone} {faultName} {sectionName} {strandName} is a anticline that was mapped at 1:10,000 scale. Geologic studies have determined that the structure has had movement in the last undetermined years and has a slip rate of 1 - 5 mm/yr."
1400,fold_structure,anticline,"1:10,000",undetermined,unspecified,"{faultZone} {faultName} {sectionName} {strandName} is a anticline that was mapped at 1:10,000 scale. Geologic studies have determined that the structure has had movement in the last undetermined years and has a slip rate of unspecified."
1401,fold_structure,anticline,"1:10,000",undetermined,Undetermined,"{faultZone} {faultName} {sectionName} {strandName} is a anticline that was mapped at 1:10,000 scale. Geologic studies have determined that the structure has had movement in the last undetermined years and has a slip rate of Undetermined."
1402,fold_structure,anticline,"1:10,000",undetermined,>5 mm/yr,"{faultZone} {faultName} {sectionName} {strandName} is a anticline that was mapped at 1:10,000 scale. Geologic studies have determined that the structure has had movement in the last undetermined years and has a slip rate of >5 mm/yr."
1403,fold_structure,anticline,"1:10,000",<150,<0.2 mm/yr,"{faultZone} {faultName} {sectionName} {strandName} is a anticline that was mapped at 1:10,000 scale. Geologic studies have determined that the structure has had movement in the last <150 years and has a slip rate of <0.2 mm/yr."
1404,fold_structure,anticline,"1:10,000",<150,0.2 - 1 mm/yr,"{faultZone} {faultName} {sectionName} {strandName} is a anticline that was mapped at 1:10,000 scale. Geologic studies have determined that the structure has had movement in the last <150 years and has a slip rate of 0.2 - 1 mm/yr."
1405,fold_structure,anticline,"1:10,000",<150,1 - 5 mm/yr,"{faultZone} {faultName} {sectionName} {strandName} is a anticline that was mapped at 1:10,000 scale. Geologic studies have determined that the structure has had movement in the last <150 years and has a slip rate of 1 - 5 mm/yr."
1406,fold_structure,anticline,"1:10,000",<150,unspecified,"{faultZone} {faultName} {sectionName} {strandName} is a anticline that was mapped at 1:10,000 scale. Geologic studies have determined that the structure has had movement in the last <150 years and has a slip rate of unspecified."
1407,fold_structure,anticline,"1:10,000",<150,Undetermined,"{faultZone} {faultName} {sectionName} {strandName} is a anticline that was mapped at 1:10,000 scale. Geologic studies have determined that the structure has had movement in the last <150 years and has a slip rate of Undetermined."
1408,fold_structure,anticline,"1:10,000",<150,>5 mm/yr,"{faultZone} {faultName} {sectionName} {strandName} is a anticline that was mapped at 1:10,000 scale. Geologic studies have determined that the structure has had movement in the last <150 years and has a slip rate of >5 mm/yr."
1409,fold_structure,anticline,"1:24,000","<15,000",<0.2 mm/yr,"{faultZone} {faultName} {sectionName} {strandName} is a anticline that was mapped at 1:24,000 scale. Geologic studies have determined that the structure has had movement in the last <15,000 years and has a slip rate of <0.2 mm/yr."
1410,fold_structure,anticline,"1:24,000","<15,000",0.2 - 1 mm/yr,"{faultZone} {faultName} {sectionName} {strandName} is a anticline that was mapped at 1:24,000 scale. Geologic studies have determined that the structure has had movement in the last <15,000 years and has a slip rate of 0.2 - 1 mm/yr."
1411,fold_structure,anticline,"1:24,000","<15,000",1 - 5 mm/yr,"{faultZone} {faultName} {sectionName} {strandName} is a anticline that was mapped at 1:24,000 scale. Geologic studies have determined that the structure has had movement in the last <15,000 years and has a slip rate of 1 - 5 mm/yr."
1412,fold_structure,anticline,"1:24,000","<15,000",unspecified,"{faultZone} {faultName} {sectionName} {strandName} is a anticline that was mapped at 1:24,000 scale. Geologic studies have determined that the structure has had movement in the last <15,000 years and has a slip rate of unspecified."
1413,fold_structure,anticline,"1:24,000","<15,000",Undetermined,"{faultZone} {faultName} {sectionName} {strandName} is a anticline that was mapped at 1:24,000 scale. Geologic studies have determined that the structure has had movement in the last <15,000 years and has a slip rate of Undetermined."
1414,fold_structure,anticline,"1:24,000","<15,000",>5 mm/yr,"{faultZone} {faultName} {sectionName} {strandName} is a anticline that was mapped at 1:24,000 scale. Geologic studies have determined that the structure has had movement in the last <15,000 years and has a slip rate of >5 mm/yr."
1415,fold_structure,anticline,"1:24,000","<2,600,000",<0.2 mm/yr,"{faultZone} {faultName} {sectionName} {strandName} is a anticline that was mapped at 1:24,000 scale. Geologic studies have determined that the structure has had movement in the last <2,600,000 years and has a slip rate of <0.2 mm/yr."
1416,fold_structure,anticline,"1:24,000","<2,600,000",0.2 - 1 mm/yr,"{faultZone} {faultName} {sectionName} {strandName} is a anticline that was mapped at 1:24,000 scale. Geologic studies have determined that the structure has had movement in the last <2,600,000 years and has a slip rate of 0.2 - 1 mm/yr."
1417,fold_structure,anticline,"1:24,000","<2,600,000",1 - 5 mm/yr,"{faultZone} {faultName} {sectionName} {strandName} is a anticline that was mapped at 1:24,000 scale. Geologic studies have determined that the structure has had movement in the last <2,600,000 years and has a slip rate of 1 - 5 mm/yr."
1418,fold_structure,anticline,"1:24,000","<2,600,000",unspecified,"{faultZone} {faultName} {sectionName} {strandName} is a anticline that was mapped at 1:24,000 scale. Geologic studies have determined that the structure has had movement in the last <2,600,000 years and has a slip rate of unspecified."
1419,fold_structure,anticline,"1:24,000","<2,600,000",Undetermined,"{faultZone} {faultName} {sectionName} {strandName} is a anticline that was mapped at 1:24,000 scale. Geologic studies have determined that the structure has had movement in the last <2,600,000 years and has a slip rate of Undetermined."
1420,fold_structure,anticline,"1:24,000","<2,600,000",>5 mm/yr,"{faultZone} {faultName} {sectionName} {strandName} is a anticline that was mapped at 1:24,000 scale. Geologic studies have determined that the structure has had movement in the last <2,600,000 years and has a slip rate of >5 mm/yr."
1421,fold_structure,anticline,"1:24,000","<130,000",<0.2 mm/yr,"{faultZone} {faultName} {sectionName} {strandName} is a anticline that was mapped at 1:24,000 scale. Geologic studies have determined that the structure has had movement in the last <130,000 years and has a slip rate of <0.2 mm/yr."
1422,fold_structure,anticline,"1:24,000","<130,000",0.2 - 1 mm/yr,"{faultZone} {faultName} {sectionName} {strandName} is a anticline that was mapped at 1:24,000 scale. Geologic studies have determined that the structure has had movement in the last <130,000 years and has a slip rate of 0.2 - 1 mm/yr."
1423,fold_structure,anticline,"1:24,000","<130,000",1 - 5 mm/yr,"{faultZone} {faultName} {sectionName} {strandName} is a anticline that was mapped at 1:24,000 scale. Geologic studies have determined that the structure has had movement in the last <130,000 years and has a slip rate of 1 - 5 mm/yr."
1424,fold_structure,anticline,"1:24,000","<130,000",unspecified,"{faultZone} {faultName} {sectionName} {strandName} is a anticline that was mapped at 1:24,000 scale. Geologic studies have determined that the structure has had movement in the last <130,000 years and has a slip rate of unspecified."
1425,fold_structure,anticline,"1:24,000","<130,000",Undetermined,"{faultZone} {faultName} {sectionName} {strandName} is a anticline that was mapped at 1:24,000 scale. Geologic studies have determined that the structure has had movement in the last <130,000 years and has a slip rate of Undetermined."
1426,fold_structure,anticline,"1:24,000","<130,000",>5 mm/yr,"{faultZone} {faultName} {sectionName} {strandName} is a anticline that was mapped at 1:24,000 scale. Geologic studies have determined that the structure has had movement in the last <130,000 years and has a slip rate of >5 mm/yr."
1427,fold_structure,anticline,"1:24,000","<750,000",<0.2 mm/yr,"{faultZone} {faultName} {sectionName} {strandName} is a anticline that was mapped at 1:24,000 scale. Geologic studies have determined that the structure has had movement in the last <750,000 years and has a slip rate of <0.2 mm/yr."
1428,fold_structure,anticline,"1:24,000","<750,000",0.2 - 1 mm/yr,"{faultZone} {faultName} {sectionName} {strandName} is a anticline that was mapped at 1:24,000 scale. Geologic studies have determined that the structure has had movement in the last <750,000 years and has a slip rate of 0.2 - 1 mm/yr."
1429,fold_structure,anticline,"1:24,000","<750,000",1 - 5 mm/yr,"{faultZone} {faultName} {sectionName} {strandName} is a anticline that was mapped at 1:24,000 scale. Geologic studies have determined that the structure has had movement in the last <750,000 years and has a slip rate of 1 - 5 mm/yr."
1430,fold_structure,anticline,"1:24,000","<750,000",unspecified,"{faultZone} {faultName} {sectionName} {strandName} is a anticline that was mapped at 1:24,000 scale. Geologic studies have determined that the structure has had movement in the last <750,000 years and has a slip rate of unspecified."
1431,fold_structure,anticline,"1:24,000","<750,000",Undetermined,"{faultZone} {faultName} {sectionName} {strandName} is a anticline that was mapped at 1:24,000 scale. Geologic studies have determined that the structure has had movement in the last <750,000 years and has a slip rate of Undetermined."
1432,fold_structure,anticline,"1:24,000","<750,000",>5 mm/yr,"{faultZone} {faultName} {sectionName} {strandName} is a anticline that was mapped at 1:24,000 scale. Geologic studies have determined that the structure has had movement in the last <750,000 years and has a slip rate of >5 mm/yr."
1433,fold_structure,anticline,"1:24,000",undetermined,<0.2 mm/yr,"{faultZone} {faultName} {sectionName} {strandName} is a anticline that was mapped at 1:24,000 scale. Geologic studies have determined that the structure has had movement in the last undetermined years and has a slip rate of <0.2 mm/yr."
1434,fold_structure,anticline,"1:24,000",undetermined,0.2 - 1 mm/yr,"{faultZone} {faultName} {sectionName} {strandName} is a anticline that was mapped at 1:24,000 scale. Geologic studies have determined that the structure has had movement in the last undetermined years and has a slip rate of 0.2 - 1 mm/yr."
1435,fold_structure,anticline,"1:24,000",undetermined,1 - 5 mm/yr,"{faultZone} {faultName} {sectionName} {strandName} is a anticline that was mapped at 1:24,000 scale. Geologic studies have determined that the structure has had movement in the last undetermined years and has a slip rate of 1 - 5 mm/yr."
1436,fold_structure,anticline,"1:24,000",undetermined,unspecified,"{faultZone} {faultName} {sectionName} {strandName} is a anticline that was mapped at 1:24,000 scale. Geologic studies have determined that the structure has had movement in the last undetermined years and has a slip rate of unspecified."
1437,fold_structure,anticline,"1:24,000",undetermined,Undetermined,"{faultZone} {faultName} {sectionName} {strandName} is a anticline that was mapped at 1:24,000 scale. Geologic studies have determined that the structure has had movement in the last undetermined years and has a slip rate of Undetermined."
1438,fold_structure,anticline,"1:24,000",undetermined,>5 mm/yr,"{faultZone} {faultName} {sectionName} {strandName} is a anticline that was mapped at 1:24,000 scale. Geologic studies have determined that the structure has had movement in the last undetermined years and has a slip rate of >5 mm/yr."
1439,fold_structure,anticline,"1:24,000",<150,<0.2 mm/yr,"{faultZone} {faultName} {sectionName} {strandName} is a anticline that was mapped at 1:24,000 scale. Geologic studies have determined that the structure has had movement in the last <150 years and has a slip rate of <0.2 mm/yr."
1440,fold_structure,anticline,"1:24,000",<150,0.2 - 1 mm/yr,"{faultZone} {faultName} {sectionName} {strandName} is a anticline that was mapped at 1:24,000 scale. Geologic studies have determined that the structure has had movement in the last <150 years and has a slip rate of 0.2 - 1 mm/yr."
1441,fold_structure,anticline,"1:24,000",<150,1 - 5 mm/yr,"{faultZone} {faultName} {sectionName} {strandName} is a anticline that was mapped at 1:24,000 scale. Geologic studies have determined that the structure has had movement in the last <150 years and has a slip rate of 1 - 5 mm/yr."
1442,fold_structure,anticline,"1:24,000",<150,unspecified,"{faultZone} {faultName} {sectionName} {strandName} is a anticline that was mapped at 1:24,000 scale. Geologic studies have determined that the structure has had movement in the last <150 years and has a slip rate of unspecified."
1443,fold_structure,anticline,"1:24,000",<150,Undetermined,"{faultZone} {faultName} {sectionName} {strandName} is a anticline that was mapped at 1:24,000 scale. Geologic studies have determined that the structure has had movement in the last <150 years and has a slip rate of Undetermined."
1444,fold_structure,anticline,"1:24,000",<150,>5 mm/yr,"{faultZone} {faultName} {sectionName} {strandName} is a anticline that was mapped at 1:24,000 scale. Geologic studies have determined that the structure has had movement in the last <150 years and has a slip rate of >5 mm/yr."
1445,fold_structure,anticline,"1:100,000","<15,000",<0.2 mm/yr,"{faultZone} {faultName} {sectionName} {strandName} is a anticline that was mapped at 1:100,000 scale. Geologic studies have determined that the structure has had movement in the last <15,000 years and has a slip rate of <0.2 mm/yr."
1446,fold_structure,anticline,"1:100,000","<15,000",0.2 - 1 mm/yr,"{faultZone} {faultName} {sectionName} {strandName} is a anticline that was mapped at 1:100,000 scale. Geologic studies have determined that the structure has had movement in the last <15,000 years and has a slip rate of 0.2 - 1 mm/yr."
1447,fold_structure,anticline,"1:100,000","<15,000",1 - 5 mm/yr,"{faultZone} {faultName} {sectionName} {strandName} is a anticline that was mapped at 1:100,000 scale. Geologic studies have determined that the structure has had movement in the last <15,000 years and has a slip rate of 1 - 5 mm/yr."
1448,fold_structure,anticline,"1:100,000","<15,000",unspecified,"{faultZone} {faultName} {sectionName} {strandName} is a anticline that was mapped at 1:100,000 scale. Geologic studies have determined that the structure has had movement in the last <15,000 years and has a slip rate of unspecified."
1449,fold_structure,anticline,"1:100,000","<15,000",Undetermined,"{faultZone} {faultName} {sectionName} {strandName} is a anticline that was mapped at 1:100,000 scale. Geologic studies have determined that the structure has had movement in the last <15,000 years and has a slip rate of Undetermined."
1450,fold_structure,anticline,"1:100,000","<15,000",>5 mm/yr,"{faultZone} {faultName} {sectionName} {strandName} is a anticline that was mapped at 1:100,000 scale. Geologic studies have determined that the structure has had movement in the last <15,000 years and has a slip rate of >5 mm/yr."
1451,fold_structure,anticline,"1:100,000","<2,600,000",<0.2 mm/yr,"{faultZone} {faultName} {sectionName} {strandName} is a anticline that was mapped at 1:100,000 scale. Geologic studies have determined that the structure has had movement in the last <2,600,000 years and has a slip rate of <0.2 mm/yr."
1452,fold_structure,anticline,"1:100,000","<2,600,000",0.2 - 1 mm/yr,"{faultZone} {faultName} {sectionName} {strandName} is a anticline that was mapped at 1:100,000 scale. Geologic studies have determined that the structure has had movement in the last <2,600,000 years and has a slip rate of 0.2 - 1 mm/yr."
1453,fold_structure,anticline,"1:100,000","<2,600,000",1 - 5 mm/yr,"{faultZone} {faultName} {sectionName} {strandName} is a anticline that was mapped at 1:100,000 scale. Geologic studies have determined that the structure has had movement in the last <2,600,000 years and has a slip rate of 1 - 5 mm/yr."
1454,fold_structure,anticline,"1:100,000","<2,600,000",unspecified,"{faultZone} {faultName} {sectionName} {strandName} is a anticline that was mapped at 1:100,000 scale. Geologic studies have determined that the structure has had movement in the last <2,600,000 years and has a slip rate of unspecified."
1455,fold_structure,anticline,"1:100,000","<2,600,000",Undetermined,"{faultZone} {faultName} {sectionName} {strandName} is a anticline that was mapped at 1:100,000 scale. Geologic studies have determined that the structure has had movement in the last <2,600,000 years and has a slip rate of Undetermined."
1456,fold_structure,anticline,"1:100,000","<2,600,000",>5 mm/yr,"{faultZone} {faultName} {sectionName} {strandName} is a anticline that was mapped at 1:100,000 scale. Geologic studies have determined that the structure has had movement in the last <2,600,000 years and has a slip rate of >5 mm/yr."
1457,fold_structure,anticline,"1:100,000","<130,000",<0.2 mm/yr,"{faultZone} {faultName} {sectionName} {strandName} is a anticline that was mapped at 1:100,000 scale. Geologic studies have determined that the structure has had movement in the last <130,000 years and has a slip rate of <0.2 mm/yr."
1458,fold_structure,anticline,"1:100,000","<130,000",0.2 - 1 mm/yr,"{faultZone} {faultName} {sectionName} {strandName} is a anticline that was mapped at 1:100,000 scale. Geologic studies have determined that the structure has had movement in the last <130,000 years and has a slip rate of 0.2 - 1 mm/yr."
1459,fold_structure,anticline,"1:100,000","<130,000",1 - 5 mm/yr,"{faultZone} {faultName} {sectionName} {strandName} is a anticline that was mapped at 1:100,000 scale. Geologic studies have determined that the structure has had movement in the last <130,000 years and has a slip rate of 1 - 5 mm/yr."
1460,fold_structure,anticline,"1:100,000","<130,000",unspecified,"{faultZone} {faultName} {sectionName} {strandName} is a anticline that was mapped at 1:100,000 scale. Geologic studies have determined that the structure has had movement in the last <130,000 years and has a slip rate of unspecified."
1461,fold_structure,anticline,"1:100,000","<130,000",Undetermined,"{faultZone} {faultName} {sectionName} {strandName} is a anticline that was mapped at 1:100,000 scale. Geologic studies have determined that the structure has had movement in the last <130,000 years and has a slip rate of Undetermined."
1462,fold_structure,anticline,"1:100,000","<130,000",>5 mm/yr,"{faultZone} {faultName} {sectionName} {strandName} is a anticline that was mapped at 1:100,000 scale. Geologic studies have determined that the structure has had movement in the last <130,000 years and has a slip rate of >5 mm/yr."
1463,fold_structure,anticline,"1:100,000","<750,000",<0.2 mm/yr,"{faultZone} {faultName} {sectionName} {strandName} is a anticline that was mapped at 1:100,000 scale. Geologic studies have determined that the structure has had movement in the last <750,000 years and has a slip rate of <0.2 mm/yr."
1464,fold_structure,anticline,"1:100,000","<750,000",0.2 - 1 mm/yr,"{faultZone} {faultName} {sectionName} {strandName} is a anticline that was mapped at 1:100,000 scale. Geologic studies have determined that the structure has had movement in the last <750,000 years and has a slip rate of 0.2 - 1 mm/yr."
1465,fold_structure,anticline,"1:100,000","<750,000",1 - 5 mm/yr,"{faultZone} {faultName} {sectionName} {strandName} is a anticline that was mapped at 1:100,000 scale. Geologic studies have determined that the structure has had movement in the last <750,000 years and has a slip rate of 1 - 5 mm/yr."
1466,fold_structure,anticline,"1:100,000","<750,000",unspecified,"{faultZone} {faultName} {sectionName} {strandName} is a anticline that was mapped at 1:100,000 scale. Geologic studies have determined that the structure has had movement in the last <750,000 years and has a slip rate of unspecified."
1467,fold_structure,anticline,"1:100,000","<750,000",Undetermined,"{faultZone} {faultName} {sectionName} {strandName} is a anticline that was mapped at 1:100,000 scale. Geologic studies have determined that the structure has had movement in the last <750,000 years and has a slip rate of Undetermined."
1468,fold_structure,anticline,"1:100,000","<750,000",>5 mm/yr,"{faultZone} {faultName} {sectionName} {strandName} is a anticline that was mapped at 1:100,000 scale. Geologic studies have determined that the structure has had movement in the last <750,000 years and has a slip rate of >5 mm/yr."
1469,fold_structure,anticline,"1:100,000",undetermined,<0.2 mm/yr,"{faultZone} {faultName} {sectionName} {strandName} is a anticline that was mapped at 1:100,000 scale. Geologic studies have determined that the structure has had movement in the last undetermined years and has a slip rate of <0.2 mm/yr."
1470,fold_structure,anticline,"1:100,000",undetermined,0.2 - 1 mm/yr,"{faultZone} {faultName} {sectionName} {strandName} is a anticline that was mapped at 1:100,000 scale. Geologic studies have determined that the structure has had movement in the last undetermined years and has a slip rate of 0.2 - 1 mm/yr."
1471,fold_structure,anticline,"1:100,000",undetermined,1 - 5 mm/yr,"{faultZone} {faultName} {sectionName} {strandName} is a anticline that was mapped at 1:100,000 scale. Geologic studies have determined that the structure has had movement in the last undetermined years and has a slip rate of 1 - 5 mm/yr."
1472,fold_structure,anticline,"1:100,000",undetermined,unspecified,"{faultZone} {faultName} {sectionName} {strandName} is a anticline that was mapped at 1:100,000 scale. Geologic studies have determined that the structure has had movement in the last undetermined years and has a slip rate of unspecified."
1473,fold_structure,anticline,"1:100,000",undetermined,Undetermined,"{faultZone} {faultName} {sectionName} {strandName} is a anticline that was mapped at 1:100,000 scale. Geologic studies have determined that the structure has had movement in the last undetermined years and has a slip rate of Undetermined."
1474,fold_structure,anticline,"1:100,000",undetermined,>5 mm/yr,"{faultZone} {faultName} {sectionName} {strandName} is a anticline that was mapped at 1:100,000 scale. Geologic studies have determined that the structure has had movement in the last undetermined years and has a slip rate of >5 mm/yr."
1475,fold_structure,anticline,"1:100,000",<150,<0.2 mm/yr,"{faultZone} {faultName} {sectionName} {strandName} is a anticline that was mapped at 1:100,000 scale. Geologic studies have determined that the structure has had movement in the last <150 years and has a slip rate of <0.2 mm/yr."
1476,fold_structure,anticline,"1:100,000",<150,0.2 - 1 mm/yr,"{faultZone} {faultName} {sectionName} {strandName} is a anticline that was mapped at 1:100,000 scale. Geologic studies have determined that the structure has had movement in the last <150 years and has a slip rate of 0.2 - 1 mm/yr."
1477,fold_structure,anticline,"1:100,000",<150,1 - 5 mm/yr,"{faultZone} {faultName} {sectionName} {strandName} is a anticline that was mapped at 1:100,000 scale. Geologic studies have determined that the structure has had movement in the last <150 years and has a slip rate of 1 - 5 mm/yr."
1478,fold_structure,anticline,"1:100,000",<150,unspecified,"{faultZone} {faultName} {sectionName} {strandName} is a anticline that was mapped at 1:100,000 scale. Geologic studies have determined that the structure has had movement in the last <150 years and has a slip rate of unspecified."
1479,fold_structure,anticline,"1:100,000",<150,Undetermined,"{faultZone} {faultName} {sectionName} {strandName} is a anticline that was mapped at 1:100,000 scale. Geologic studies have determined that the structure has had movement in the last <150 years and has a slip rate of Undetermined."
1480,fold_structure,anticline,"1:100,000",<150,>5 mm/yr,"{faultZone} {faultName} {sectionName} {strandName} is a anticline that was mapped at 1:100,000 scale. Geologic studies have determined that the structure has had movement in the last <150 years and has a slip rate of >5 mm/yr."
1481,fold_structure,anticline,"1:250,000","<15,000",<0.2 mm/yr,"{faultZone} {faultName} {sectionName} {strandName} is a anticline that was mapped at 1:250,000 scale. Geologic studies have determined that the structure has had movement in the last <15,000 years and has a slip rate of <0.2 mm/yr."
1482,fold_structure,anticline,"1:250,000","<15,000",0.2 - 1 mm/yr,"{faultZone} {faultName} {sectionName} {strandName} is a anticline that was mapped at 1:250,000 scale. Geologic studies have determined that the structure has had movement in the last <15,000 years and has a slip rate of 0.2 - 1 mm/yr."
1483,fold_structure,anticline,"1:250,000","<15,000",1 - 5 mm/yr,"{faultZone} {faultName} {sectionName} {strandName} is a anticline that was mapped at 1:250,000 scale. Geologic studies have determined that the structure has had movement in the last <15,000 years and has a slip rate of 1 - 5 mm/yr."
1484,fold_structure,anticline,"1:250,000","<15,000",unspecified,"{faultZone} {faultName} {sectionName} {strandName} is a anticline that was mapped at 1:250,000 scale. Geologic studies have determined that the structure has had movement in the last <15,000 years and has a slip rate of unspecified."
1485,fold_structure,anticline,"1:250,000","<15,000",Undetermined,"{faultZone} {faultName} {sectionName} {strandName} is a anticline that was mapped at 1:250,000 scale. Geologic studies have determined that the structure has had movement in the last <15,000 years and has a slip rate of Undetermined."
1486,fold_structure,anticline,"1:250,000","<15,000",>5 mm/yr,"{faultZone} {faultName} {sectionName} {strandName} is a anticline that was mapped at 1:250,000 scale. Geologic studies have determined that the structure has had movement in the last <15,000 years and has a slip rate of >5 mm/yr."
1487,fold_structure,anticline,"1:250,000","<2,600,000",<0.2 mm/yr,"{faultZone} {faultName} {sectionName} {strandName} is a anticline that was mapped at 1:250,000 scale. Geologic studies have determined that the structure has had movement in the last <2,600,000 years and has a slip rate of <0.2 mm/yr."
1488,fold_structure,anticline,"1:250,000","<2,600,000",0.2 - 1 mm/yr,"{faultZone} {faultName} {sectionName} {strandName} is a anticline that was mapped at 1:250,000 scale. Geologic studies have determined that the structure has had movement in the last <2,600,000 years and has a slip rate of 0.2 - 1 mm/yr."
1489,fold_structure,anticline,"1:250,000","<2,600,000",1 - 5 mm/yr,"{faultZone} {faultName} {sectionName} {strandName} is a anticline that was mapped at 1:250,000 scale. Geologic studies have determined that the structure has had movement in the last <2,600,000 years and has a slip rate of 1 - 5 mm/yr."
1490,fold_structure,anticline,"1:250,000","<2,600,000",unspecified,"{faultZone} {faultName} {sectionName} {strandName} is a anticline that was mapped at 1:250,000 scale. Geologic studies have determined that the structure has had movement in the last <2,600,000 years and has a slip rate of unspecified."
1491,fold_structure,anticline,"1:250,000","<2,600,000",Undetermined,"{faultZone} {faultName} {sectionName} {strandName} is a anticline that was mapped at 1:250,000 scale. Geologic studies have determined that the structure has had movement in the last <2,600,000 years and has a slip rate of Undetermined."
1492,fold_structure,anticline,"1:250,000","<2,600,000",>5 mm/yr,"{faultZone} {faultName} {sectionName} {strandName} is a anticline that was mapped at 1:250,000 scale. Geologic studies have determined that the structure has had movement in the last <2,600,000 years and has a slip rate of >5 mm/yr."
1493,fold_structure,anticline,"1:250,000","<130,000",<0.2 mm/yr,"{faultZone} {faultName} {sectionName} {strandName} is a anticline that was mapped at 1:250,000 scale. Geologic studies have determined that the structure has had movement in the last <130,000 years and has a slip rate of <0.2 mm/yr."
1494,fold_structure,anticline,"1:250,000","<130,000",0.2 - 1 mm/yr,"{faultZone} {faultName} {sectionName} {strandName} is a anticline that was mapped at 1:250,000 scale. Geologic studies have determined that the structure has had movement in the last <130,000 years and has a slip rate of 0.2 - 1 mm/yr."
1495,fold_structure,anticline,"1:250,000","<130,000",1 - 5 mm/yr,"{faultZone} {faultName} {sectionName} {strandName} is a anticline that was mapped at 1:250,000 scale. Geologic studies have determined that the structure has had movement in the last <130,000 years and has a slip rate of 1 - 5 mm/yr."
1496,fold_structure,anticline,"1:250,000","<130,000",unspecified,"{faultZone} {faultName} {sectionName} {strandName} is a anticline that was mapped at 1:250,000 scale. Geologic studies have determined that the structure has had movement in the last <130,000 years and has a slip rate of unspecified."
1497,fold_structure,anticline,"1:250,000","<130,000",Undetermined,"{faultZone} {faultName} {sectionName} {strandName} is a anticline that was mapped at 1:250,000 scale. Geologic studies have determined that the structure has had movement in the last <130,000 years and has a slip rate of Undetermined."
1498,fold_structure,anticline,"1:250,000","<130,000",>5 mm/yr,"{faultZone} {faultName} {sectionName} {strandName} is a anticline that was mapped at 1:250,000 scale. Geologic studies have determined that the structure has had movement in the last <130,000 years and has a slip rate of >5 mm/yr."
1499,fold_structure,anticline,"1:250,000","<750,000",<0.2 mm/yr,"{faultZone} {faultName} {sectionName} {strandName} is a anticline that was mapped at 1:250,000 scale. Geologic studies have determined that the structure has had movement in the last <750,000 years and has a slip rate of <0.2 mm/yr."
1500,fold_structure,anticline,"1:250,000","<750,000",0.2 - 1 mm/yr,"{faultZone} {faultName} {sectionName} {strandName} is a anticline that was mapped at 1:250,000 scale. Geologic studies have determined that the structure has had movement in the last <750,000 years and has a slip rate of 0.2 - 1 mm/yr."
1501,fold_structure,anticline,"1:250,000","<750,000",1 - 5 mm/yr,"{faultZone} {faultName} {sectionName} {strandName} is a anticline that was mapped at 1:250,000 scale. Geologic studies have determined that the structure has had movement in the last <750,000 years and has a slip rate of 1 - 5 mm/yr."
1502,fold_structure,anticline,"1:250,000","<750,000",unspecified,"{faultZone} {faultName} {sectionName} {strandName} is a anticline that was mapped at 1:250,000 scale. Geologic studies have determined that the structure has had movement in the last <750,000 years and has a slip rate of unspecified."
1503,fold_structure,anticline,"1:250,000","<750,000",Undetermined,"{faultZone} {faultName} {sectionName} {strandName} is a anticline that was mapped at 1:250,000 scale. Geologic studies have determined that the structure has had movement in the last <750,000 years and has a slip rate of Undetermined."
1504,fold_structure,anticline,"1:250,000","<750,000",>5 mm/yr,"{faultZone} {faultName} {sectionName} {strandName} is a anticline that was mapped at 1:250,000 scale. Geologic studies have determined that the structure has had movement in the last <750,000 years and has a slip rate of >5 mm/yr."
1505,fold_structure,anticline,"1:250,000",undetermined,<0.2 mm/yr,"{faultZone} {faultName} {sectionName} {strandName} is a anticline that was mapped at 1:250,000 scale. Geologic studies have determined that the structure has had movement in the last undetermined years and has a slip rate of <0.2 mm/yr."
1506,fold_structure,anticline,"1:250,000",undetermined,0.2 - 1 mm/yr,"{faultZone} {faultName} {sectionName} {strandName} is a anticline that was mapped at 1:250,000 scale. Geologic studies have determined that the structure has had movement in the last undetermined years and has a slip rate of 0.2 - 1 mm/yr."
1507,fold_structure,anticline,"1:250,000",undetermined,1 - 5 mm/yr,"{faultZone} {faultName} {sectionName} {strandName} is a anticline that was mapped at 1:250,000 scale. Geologic studies have determined that the structure has had movement in the last undetermined years and has a slip rate of 1 - 5 mm/yr."
1508,fold_structure,anticline,"1:250,000",undetermined,unspecified,"{faultZone} {faultName} {sectionName} {strandName} is a anticline that was mapped at 1:250,000 scale. Geologic studies have determined that the structure has had movement in the last undetermined years and has a slip rate of unspecified."
1509,fold_structure,anticline,"1:250,000",undetermined,Undetermined,"{faultZone} {faultName} {sectionName} {strandName} is a anticline that was mapped at 1:250,000 scale. Geologic studies have determined that the structure has had movement in the last undetermined years and has a slip rate of Undetermined."
1510,fold_structure,anticline,"1:250,000",undetermined,>5 mm/yr,"{faultZone} {faultName} {sectionName} {strandName} is a anticline that was mapped at 1:250,000 scale. Geologic studies have determined that the structure has had movement in the last undetermined years and has a slip rate of >5 mm/yr."
1511,fold_structure,anticline,"1:250,000",<150,<0.2 mm/yr,"{faultZone} {faultName} {sectionName} {strandName} is a anticline that was mapped at 1:250,000 scale. Geologic studies have determined that the structure has had movement in the last <150 years and has a slip rate of <0.2 mm/yr."
1512,fold_structure,anticline,"1:250,000",<150,0.2 - 1 mm/yr,"{faultZone} {faultName} {sectionName} {strandName} is a anticline that was mapped at 1:250,000 scale. Geologic studies have determined that the structure has had movement in the last <150 years and has a slip rate of 0.2 - 1 mm/yr."
1513,fold_structure,anticline,"1:250,000",<150,1 - 5 mm/yr,"{faultZone} {faultName} {sectionName} {strandName} is a anticline that was mapped at 1:250,000 scale. Geologic studies have determined that the structure has had movement in the last <150 years and has a slip rate of 1 - 5 mm/yr."
1514,fold_structure,anticline,"1:250,000",<150,unspecified,"{faultZone} {faultName} {sectionName} {strandName} is a anticline that was mapped at 1:250,000 scale. Geologic studies have determined that the structure has had movement in the last <150 years and has a slip rate of unspecified."
1515,fold_structure,anticline,"1:250,000",<150,Undetermined,"{faultZone} {faultName} {sectionName} {strandName} is a anticline that was mapped at 1:250,000 scale. Geologic studies have determined that the structure has had movement in the last <150 years and has a slip rate of Undetermined."
1516,fold_structure,anticline,"1:250,000",<150,>5 mm/yr,"{faultZone} {faultName} {sectionName} {strandName} is a anticline that was mapped at 1:250,000 scale. Geologic studies have determined that the structure has had movement in the last <150 years and has a slip rate of >5 mm/yr."
1517,fold_structure,anticline,"1:62,500","<15,000",<0.2 mm/yr,"{faultZone} {faultName} {sectionName} {strandName} is a anticline that was mapped at 1:62,500 scale. Geologic studies have determined that the structure has had movement in the last <15,000 years and has a slip rate of <0.2 mm/yr."
1518,fold_structure,anticline,"1:62,500","<15,000",0.2 - 1 mm/yr,"{faultZone} {faultName} {sectionName} {strandName} is a anticline that was mapped at 1:62,500 scale. Geologic studies have determined that the structure has had movement in the last <15,000 years and has a slip rate of 0.2 - 1 mm/yr."
1519,fold_structure,anticline,"1:62,500","<15,000",1 - 5 mm/yr,"{faultZone} {faultName} {sectionName} {strandName} is a anticline that was mapped at 1:62,500 scale. Geologic studies have determined that the structure has had movement in the last <15,000 years and has a slip rate of 1 - 5 mm/yr."
1520,fold_structure,anticline,"1:62,500","<15,000",unspecified,"{faultZone} {faultName} {sectionName} {strandName} is a anticline that was mapped at 1:62,500 scale. Geologic studies have determined that the structure has had movement in the last <15,000 years and has a slip rate of unspecified."
1521,fold_structure,anticline,"1:62,500","<15,000",Undetermined,"{faultZone} {faultName} {sectionName} {strandName} is a anticline that was mapped at 1:62,500 scale. Geologic studies have determined that the structure has had movement in the last <15,000 years and has a slip rate of Undetermined."
1522,fold_structure,anticline,"1:62,500","<15,000",>5 mm/yr,"{faultZone} {faultName} {sectionName} {strandName} is a anticline that was mapped at 1:62,500 scale. Geologic studies have determined that the structure has had movement in the last <15,000 years and has a slip rate of >5 mm/yr."
1523,fold_structure,anticline,"1:62,500","<2,600,000",<0.2 mm/yr,"{faultZone} {faultName} {sectionName} {strandName} is a anticline that was mapped at 1:62,500 scale. Geologic studies have determined that the structure has had movement in the last <2,600,000 years and has a slip rate of <0.2 mm/yr."
1524,fold_structure,anticline,"1:62,500","<2,600,000",0.2 - 1 mm/yr,"{faultZone} {faultName} {sectionName} {strandName} is a anticline that was mapped at 1:62,500 scale. Geologic studies have determined that the structure has had movement in the last <2,600,000 years and has a slip rate of 0.2 - 1 mm/yr."
1525,fold_structure,anticline,"1:62,500","<2,600,000",1 - 5 mm/yr,"{faultZone} {faultName} {sectionName} {strandName} is a anticline that was mapped at 1:62,500 scale. Geologic studies have determined that the structure has had movement in the last <2,600,000 years and has a slip rate of 1 - 5 mm/yr."
1526,fold_structure,anticline,"1:62,500","<2,600,000",unspecified,"{faultZone} {faultName} {sectionName} {strandName} is a anticline that was mapped at 1:62,500 scale. Geologic studies have determined that the structure has had movement in the last <2,600,000 years and has a slip rate of unspecified."
1527,fold_structure,anticline,"1:62,500","<2,600,000",Undetermined,"{faultZone} {faultName} {sectionName} {strandName} is a anticline that was mapped at 1:62,500 scale. Geologic studies have determined that the structure has had movement in the last <2,600,000 years and has a slip rate of Undetermined."
1528,fold_structure,anticline,"1:62,500","<2,600,000",>5 mm/yr,"{faultZone} {faultName} {sectionName} {strandName} is a anticline that was mapped at 1:62,500 scale. Geologic studies have determined that the structure has had movement in the last <2,600,000 years and has a slip rate of >5 mm/yr."
1529,fold_structure,anticline,"1:62,500","<130,000",<0.2 mm/yr,"{faultZone} {faultName} {sectionName} {strandName} is a anticline that was mapped at 1:62,500 scale. Geologic studies have determined that the structure has had movement in the last <130,000 years and has a slip rate of <0.2 mm/yr."
1530,fold_structure,anticline,"1:62,500","<130,000",0.2 - 1 mm/yr,"{faultZone} {faultName} {sectionName} {strandName} is a anticline that was mapped at 1:62,500 scale. Geologic studies have determined that the structure has had movement in the last <130,000 years and has a slip rate of 0.2 - 1 mm/yr."
1531,fold_structure,anticline,"1:62,500","<130,000",1 - 5 mm/yr,"{faultZone} {faultName} {sectionName} {strandName} is a anticline that was mapped at 1:62,500 scale. Geologic studies have determined that the structure has had movement in the last <130,000 years and has a slip rate of 1 - 5 mm/yr."
1532,fold_structure,anticline,"1:62,500","<130,000",unspecified,"{faultZone} {faultName} {sectionName} {strandName} is a anticline that was mapped at 1:62,500 scale. Geologic studies have determined that the structure has had movement in the last <130,000 years and has a slip rate of unspecified."
1533,fold_structure,anticline,"1:62,500","<130,000",Undetermined,"{faultZone} {faultName} {sectionName} {strandName} is a anticline that was mapped at 1:62,500 scale. Geologic studies have determined that the structure has had movement in the last <130,000 years and has a slip rate of Undetermined."
1534,fold_structure,anticline,"1:62,500","<130,000",>5 mm/yr,"{faultZone} {faultName} {sectionName} {strandName} is a anticline that was mapped at 1:62,500 scale. Geologic studies have determined that the structure has had movement in the last <130,000 years and has a slip rate of >5 mm/yr."
1535,fold_structure,anticline,"1:62,500","<750,000",<0.2 mm/yr,"{faultZone} {faultName} {sectionName} {strandName} is a anticline that was mapped at 1:62,500 scale. Geologic studies have determined that the structure has had movement in the last <750,000 years and has a slip rate of <0.2 mm/yr."
1536,fold_structure,anticline,"1:62,500","<750,000",0.2 - 1 mm/yr,"{faultZone} {faultName} {sectionName} {strandName} is a anticline that was mapped at 1:62,500 scale. Geologic studies have determined that the structure has had movement in the last <750,000 years and has a slip rate of 0.2 - 1 mm/yr."
1537,fold_structure,anticline,"1:62,500","<750,000",1 - 5 mm/yr,"{faultZone} {faultName} {sectionName} {strandName} is a anticline that was mapped at 1:62,500 scale. Geologic studies have determined that the structure has had movement in the last <750,000 years and has a slip rate of 1 - 5 mm/yr."
1538,fold_structure,anticline,"1:62,500","<750,000",unspecified,"{faultZone} {faultName} {sectionName} {strandName} is a anticline that was mapped at 1:62,500 scale. Geologic studies have determined that the structure has had movement in the last <750,000 years and has a slip rate of unspecified."
1539,fold_structure,anticline,"1:62,500","<750,000",Undetermined,"{faultZone} {faultName} {sectionName} {strandName} is a anticline that was mapped at 1:62,500 scale. Geologic studies have determined that the structure has had movement in the last <750,000 years and has a slip rate of Undetermined."
1540,fold_structure,anticline,"1:62,500","<750,000",>5 mm/yr,"{faultZone} {faultName} {sectionName} {strandName} is a anticline that was mapped at 1:62,500 scale. Geologic studies have determined that the structure has had movement in the last <750,000 years and has a slip rate of >5 mm/yr."
1541,fold_structure,anticline,"1:62,500",undetermined,<0.2 mm/yr,"{faultZone} {faultName} {sectionName} {strandName} is a anticline that was mapped at 1:62,500 scale. Geologic studies have determined that the structure has had movement in the last undetermined years and has a slip rate of <0.2 mm/yr."
1542,fold_structure,anticline,"1:62,500",undetermined,0.2 - 1 mm/yr,"{faultZone} {faultName} {sectionName} {strandName} is a anticline that was mapped at 1:62,500 scale. Geologic studies have determined that the structure has had movement in the last undetermined years and has a slip rate of 0.2 - 1 mm/yr."
1543,fold_structure,anticline,"1:62,500",undetermined,1 - 5 mm/yr,"{faultZone} {faultName} {sectionName} {strandName} is a anticline that was mapped at 1:62,500 scale. Geologic studies have determined that the structure has had movement in the last undetermined years and has a slip rate of 1 - 5 mm/yr."
1544,fold_structure,anticline,"1:62,500",undetermined,unspecified,"{faultZone} {faultName} {sectionName} {strandName} is a anticline that was mapped at 1:62,500 scale. Geologic studies have determined that the structure has had movement in the last undetermined years and has a slip rate of unspecified."
1545,fold_structure,anticline,"1:62,500",undetermined,Undetermined,"{faultZone} {faultName} {sectionName} {strandName} is a anticline that was mapped at 1:62,500 scale. Geologic studies have determined that the structure has had movement in the last undetermined years and has a slip rate of Undetermined."
1546,fold_structure,anticline,"1:62,500",undetermined,>5 mm/yr,"{faultZone} {faultName} {sectionName} {strandName} is a anticline that was mapped at 1:62,500 scale. Geologic studies have determined that the structure has had movement in the last undetermined years and has a slip rate of >5 mm/yr."
1547,fold_structure,anticline,"1:62,500",<150,<0.2 mm/yr,"{faultZone} {faultName} {sectionName} {strandName} is a anticline that was mapped at 1:62,500 scale. Geologic studies have determined that the structure has had movement in the last <150 years and has a slip rate of <0.2 mm/yr."
1548,fold_structure,anticline,"1:62,500",<150,0.2 - 1 mm/yr,"{faultZone} {faultName} {sectionName} {strandName} is a anticline that was mapped at 1:62,500 scale. Geologic studies have determined that the structure has had movement in the last <150 years and has a slip rate of 0.2 - 1 mm/yr."
1549,fold_structure,anticline,"1:62,500",<150,1 - 5 mm/yr,"{faultZone} {faultName} {sectionName} {strandName} is a anticline that was mapped at 1:62,500 scale. Geologic studies have determined that the structure has had movement in the last <150 years and has a slip rate of 1 - 5 mm/yr."
1550,fold_structure,anticline,"1:62,500",<150,unspecified,"{faultZone} {faultName} {sectionName} {strandName} is a anticline that was mapped at 1:62,500 scale. Geologic studies have determined that the structure has had movement in the last <150 years and has a slip rate of unspecified."
1551,fold_structure,anticline,"1:62,500",<150,Undetermined,"{faultZone} {faultName} {sectionName} {strandName} is a anticline that was mapped at 1:62,500 scale. Geologic studies have determined that the structure has had movement in the last <150 years and has a slip rate of Undetermined."
1552,fold_structure,anticline,"1:62,500",<150,>5 mm/yr,"{faultZone} {faultName} {sectionName} {strandName} is a anticline that was mapped at 1:62,500 scale. Geologic studies have determined that the structure has had movement in the last <150 years and has a slip rate of >5 mm/yr."
1553,fold_structure,anticline,"1:125,000","<15,000",<0.2 mm/yr,"{faultZone} {faultName} {sectionName} {strandName} is a anticline that was mapped at 1:125,000 scale. Geologic studies have determined that the structure has had movement in the last <15,000 years and has a slip rate of <0.2 mm/yr."
1554,fold_structure,anticline,"1:125,000","<15,000",0.2 - 1 mm/yr,"{faultZone} {faultName} {sectionName} {strandName} is a anticline that was mapped at 1:125,000 scale. Geologic studies have determined that the structure has had movement in the last <15,000 years and has a slip rate of 0.2 - 1 mm/yr."
1555,fold_structure,anticline,"1:125,000","<15,000",1 - 5 mm/yr,"{faultZone} {faultName} {sectionName} {strandName} is a anticline that was mapped at 1:125,000 scale. Geologic studies have determined that the structure has had movement in the last <15,000 years and has a slip rate of 1 - 5 mm/yr."
1556,fold_structure,anticline,"1:125,000","<15,000",unspecified,"{faultZone} {faultName} {sectionName} {strandName} is a anticline that was mapped at 1:125,000 scale. Geologic studies have determined that the structure has had movement in the last <15,000 years and has a slip rate of unspecified."
1557,fold_structure,anticline,"1:125,000","<15,000",Undetermined,"{faultZone} {faultName} {sectionName} {strandName} is a anticline that was mapped at 1:125,000 scale. Geologic studies have determined that the structure has had movement in the last <15,000 years and has a slip rate of Undetermined."
1558,fold_structure,anticline,"1:125,000","<15,000",>5 mm/yr,"{faultZone} {faultName} {sectionName} {strandName} is a anticline that was mapped at 1:125,000 scale. Geologic studies have determined that the structure has had movement in the last <15,000 years and has a slip rate of >5 mm/yr."
1559,fold_structure,anticline,"1:125,000","<2,600,000",<0.2 mm/yr,"{faultZone} {faultName} {sectionName} {strandName} is a anticline that was mapped at 1:125,000 scale. Geologic studies have determined that the structure has had movement in the last <2,600,000 years and has a slip rate of <0.2 mm/yr."
1560,fold_structure,anticline,"1:125,000","<2,600,000",0.2 - 1 mm/yr,"{faultZone} {faultName} {sectionName} {strandName} is a anticline that was mapped at 1:125,000 scale. Geologic studies have determined that the structure has had movement in the last <2,600,000 years and has a slip rate of 0.2 - 1 mm/yr."
1561,fold_structure,anticline,"1:125,000","<2,600,000",1 - 5 mm/yr,"{faultZone} {faultName} {sectionName} {strandName} is a anticline that was mapped at 1:125,000 scale. Geologic studies have determined that the structure has had movement in the last <2,600,000 years and has a slip rate of 1 - 5 mm/yr."
1562,fold_structure,anticline,"1:125,000","<2,600,000",unspecified,"{faultZone} {faultName} {sectionName} {strandName} is a anticline that was mapped at 1:125,000 scale. Geologic studies have determined that the structure has had movement in the last <2,600,000 years and has a slip rate of unspecified."
1563,fold_structure,anticline,"1:125,000","<2,600,000",Undetermined,"{faultZone} {faultName} {sectionName} {strandName} is a anticline that was mapped at 1:125,000 scale. Geologic studies have determined that the structure has had movement in the last <2,600,000 years and has a slip rate of Undetermined."
1564,fold_structure,anticline,"1:125,000","<2,600,000",>5 mm/yr,"{faultZone} {faultName} {sectionName} {strandName} is a anticline that was mapped at 1:125,000 scale. Geologic studies have determined that the structure has had movement in the last <2,600,000 years and has a slip rate of >5 mm/yr."
1565,fold_structure,anticline,"1:125,000","<130,000",<0.2 mm/yr,"{faultZone} {faultName} {sectionName} {strandName} is a anticline that was mapped at 1:125,000 scale. Geologic studies have determined that the structure has had movement in the last <130,000 years and has a slip rate of <0.2 mm/yr."
1566,fold_structure,anticline,"1:125,000","<130,000",0.2 - 1 mm/yr,"{faultZone} {faultName} {sectionName} {strandName} is a anticline that was mapped at 1:125,000 scale. Geologic studies have determined that the structure has had movement in the last <130,000 years and has a slip rate of 0.2 - 1 mm/yr."
1567,fold_structure,anticline,"1:125,000","<130,000",1 - 5 mm/yr,"{faultZone} {faultName} {sectionName} {strandName} is a anticline that was mapped at 1:125,000 scale. Geologic studies have determined that the structure has had movement in the last <130,000 years and has a slip rate of 1 - 5 mm/yr."
1568,fold_structure,anticline,"1:125,000","<130,000",unspecified,"{faultZone} {faultName} {sectionName} {strandName} is a anticline that was mapped at 1:125,000 scale. Geologic studies have determined that the structure has had movement in the last <130,000 years and has a slip rate of unspecified."
1569,fold_structure,anticline,"1:125,000","<130,000",Undetermined,"{faultZone} {faultName} {sectionName} {strandName} is a anticline that was mapped at 1:125,000 scale. Geologic studies have determined that the structure has had movement in the last <130,000 years and has a slip rate of Undetermined."
1570,fold_structure,anticline,"1:125,000","<130,000",>5 mm/yr,"{faultZone} {faultName} {sectionName} {strandName} is a anticline that was mapped at 1:125,000 scale. Geologic studies have determined that the structure has had movement in the last <130,000 years and has a slip rate of >5 mm/yr."
1571,fold_structure,anticline,"1:125,000","<750,000",<0.2 mm/yr,"{faultZone} {faultName} {sectionName} {strandName} is a anticline that was mapped at 1:125,000 scale. Geologic studies have determined that the structure has had movement in the last <750,000 years and has a slip rate of <0.2 mm/yr."
1572,fold_structure,anticline,"1:125,000","<750,000",0.2 - 1 mm/yr,"{faultZone} {faultName} {sectionName} {strandName} is a anticline that was mapped at 1:125,000 scale. Geologic studies have determined that the structure has had movement in the last <750,000 years and has a slip rate of 0.2 - 1 mm/yr."
1573,fold_structure,anticline,"1:125,000","<750,000",1 - 5 mm/yr,"{faultZone} {faultName} {sectionName} {strandName} is a anticline that was mapped at 1:125,000 scale. Geologic studies have determined that the structure has had movement in the last <750,000 years and has a slip rate of 1 - 5 mm/yr."
1574,fold_structure,anticline,"1:125,000","<750,000",unspecified,"{faultZone} {faultName} {sectionName} {strandName} is a anticline that was mapped at 1:125,000 scale. Geologic studies have determined that the structure has had movement in the last <750,000 years and has a slip rate of unspecified."
1575,fold_structure,anticline,"1:125,000","<750,000",Undetermined,"{faultZone} {faultName} {sectionName} {strandName} is a anticline that was mapped at 1:125,000 scale. Geologic studies have determined that the structure has had movement in the last <750,000 years and has a slip rate of Undetermined."
1576,fold_structure,anticline,"1:125,000","<750,000",>5 mm/yr,"{faultZone} {faultName} {sectionName} {strandName} is a anticline that was mapped at 1:125,000 scale. Geologic studies have determined that the structure has had movement in the last <750,000 years and has a slip rate of >5 mm/yr."
1577,fold_structure,anticline,"1:125,000",undetermined,<0.2 mm/yr,"{faultZone} {faultName} {sectionName} {strandName} is a anticline that was mapped at 1:125,000 scale. Geologic studies have determined that the structure has had movement in the last undetermined years and has a slip rate of <0.2 mm/yr."
1578,fold_structure,anticline,"1:125,000",undetermined,0.2 - 1 mm/yr,"{faultZone} {faultName} {sectionName} {strandName} is a anticline that was mapped at 1:125,000 scale. Geologic studies have determined that the structure has had movement in the last undetermined years and has a slip rate of 0.2 - 1 mm/yr."
1579,fold_structure,anticline,"1:125,000",undetermined,1 - 5 mm/yr,"{faultZone} {faultName} {sectionName} {strandName} is a anticline that was mapped at 1:125,000 scale. Geologic studies have determined that the structure has had movement in the last undetermined years and has a slip rate of 1 - 5 mm/yr."
1580,fold_structure,anticline,"1:125,000",undetermined,unspecified,"{faultZone} {faultName} {sectionName} {strandName} is a anticline that was mapped at 1:125,000 scale. Geologic studies have determined that the structure has had movement in the last undetermined years and has a slip rate of unspecified."
1581,fold_structure,anticline,"1:125,000",undetermined,Undetermined,"{faultZone} {faultName} {sectionName} {strandName} is a anticline that was mapped at 1:125,000 scale. Geologic studies have determined that the structure has had movement in the last undetermined years and has a slip rate of Undetermined."
1582,fold_structure,anticline,"1:125,000",undetermined,>5 mm/yr,"{faultZone} {faultName} {sectionName} {strandName} is a anticline that was mapped at 1:125,000 scale. Geologic studies have determined that the structure has had movement in the last undetermined years and has a slip rate of >5 mm/yr."
1583,fold_structure,anticline,"1:125,000",<150,<0.2 mm/yr,"{faultZone} {faultName} {sectionName} {strandName} is a anticline that was mapped at 1:125,000 scale. Geologic studies have determined that the structure has had movement in the last <150 years and has a slip rate of <0.2 mm/yr."
1584,fold_structure,anticline,"1:125,000",<150,0.2 - 1 mm/yr,"{faultZone} {faultName} {sectionName} {strandName} is a anticline that was mapped at 1:125,000 scale. Geologic studies have determined that the structure has had movement in the last <150 years and has a slip rate of 0.2 - 1 mm/yr."
1585,fold_structure,anticline,"1:125,000",<150,1 - 5 mm/yr,"{faultZone} {faultName} {sectionName} {strandName} is a anticline that was mapped at 1:125,000 scale. Geologic studies have determined that the structure has had movement in the last <150 years and has a slip rate of 1 - 5 mm/yr."
1586,fold_structure,anticline,"1:125,000",<150,unspecified,"{faultZone} {faultName} {sectionName} {strandName} is a anticline that was mapped at 1:125,000 scale. Geologic studies have determined that the structure has had movement in the last <150 years and has a slip rate of unspecified."
1587,fold_structure,anticline,"1:125,000",<150,Undetermined,"{faultZone} {faultName} {sectionName} {strandName} is a anticline that was mapped at 1:125,000 scale. Geologic studies have determined that the structure has had movement in the last <150 years and has a slip rate of Undetermined."
1588,fold_structure,anticline,"1:125,000",<150,>5 mm/yr,"{faultZone} {faultName} {sectionName} {strandName} is a anticline that was mapped at 1:125,000 scale. Geologic studies have determined that the structure has had movement in the last <150 years and has a slip rate of >5 mm/yr."
1589,fold_structure,anticline,"1:50,000","<15,000",<0.2 mm/yr,"{faultZone} {faultName} {sectionName} {strandName} is a anticline that was mapped at 1:50,000 scale. Geologic studies have determined that the structure has had movement in the last <15,000 years and has a slip rate of <0.2 mm/yr."
1590,fold_structure,anticline,"1:50,000","<15,000",0.2 - 1 mm/yr,"{faultZone} {faultName} {sectionName} {strandName} is a anticline that was mapped at 1:50,000 scale. Geologic studies have determined that the structure has had movement in the last <15,000 years and has a slip rate of 0.2 - 1 mm/yr."
1591,fold_structure,anticline,"1:50,000","<15,000",1 - 5 mm/yr,"{faultZone} {faultName} {sectionName} {strandName} is a anticline that was mapped at 1:50,000 scale. Geologic studies have determined that the structure has had movement in the last <15,000 years and has a slip rate of 1 - 5 mm/yr."
1592,fold_structure,anticline,"1:50,000","<15,000",unspecified,"{faultZone} {faultName} {sectionName} {strandName} is a anticline that was mapped at 1:50,000 scale. Geologic studies have determined that the structure has had movement in the last <15,000 years and has a slip rate of unspecified."
1593,fold_structure,anticline,"1:50,000","<15,000",Undetermined,"{faultZone} {faultName} {sectionName} {strandName} is a anticline that was mapped at 1:50,000 scale. Geologic studies have determined that the structure has had movement in the last <15,000 years and has a slip rate of Undetermined."
1594,fold_structure,anticline,"1:50,000","<15,000",>5 mm/yr,"{faultZone} {faultName} {sectionName} {strandName} is a anticline that was mapped at 1:50,000 scale. Geologic studies have determined that the structure has had movement in the last <15,000 years and has a slip rate of >5 mm/yr."
1595,fold_structure,anticline,"1:50,000","<2,600,000",<0.2 mm/yr,"{faultZone} {faultName} {sectionName} {strandName} is a anticline that was mapped at 1:50,000 scale. Geologic studies have determined that the structure has had movement in the last <2,600,000 years and has a slip rate of <0.2 mm/yr."
1596,fold_structure,anticline,"1:50,000","<2,600,000",0.2 - 1 mm/yr,"{faultZone} {faultName} {sectionName} {strandName} is a anticline that was mapped at 1:50,000 scale. Geologic studies have determined that the structure has had movement in the last <2,600,000 years and has a slip rate of 0.2 - 1 mm/yr."
1597,fold_structure,anticline,"1:50,000","<2,600,000",1 - 5 mm/yr,"{faultZone} {faultName} {sectionName} {strandName} is a anticline that was mapped at 1:50,000 scale. Geologic studies have determined that the structure has had movement in the last <2,600,000 years and has a slip rate of 1 - 5 mm/yr."
1598,fold_structure,anticline,"1:50,000","<2,600,000",unspecified,"{faultZone} {faultName} {sectionName} {strandName} is a anticline that was mapped at 1:50,000 scale. Geologic studies have determined that the structure has had movement in the last <2,600,000 years and has a slip rate of unspecified."
1599,fold_structure,anticline,"1:50,000","<2,600,000",Undetermined,"{faultZone} {faultName} {sectionName} {strandName} is a anticline that was mapped at 1:50,000 scale. Geologic studies have determined that the structure has had movement in the last <2,600,000 years and has a slip rate of Undetermined."
1600,fold_structure,anticline,"1:50,000","<2,600,000",>5 mm/yr,"{faultZone} {faultName} {sectionName} {strandName} is a anticline that was mapped at 1:50,000 scale. Geologic studies have determined that the structure has had movement in the last <2,600,000 years and has a slip rate of >5 mm/yr."
1601,fold_structure,anticline,"1:50,000","<130,000",<0.2 mm/yr,"{faultZone} {faultName} {sectionName} {strandName} is a anticline that was mapped at 1:50,000 scale. Geologic studies have determined that the structure has had movement in the last <130,000 years and has a slip rate of <0.2 mm/yr."
1602,fold_structure,anticline,"1:50,000","<130,000",0.2 - 1 mm/yr,"{faultZone} {faultName} {sectionName} {strandName} is a anticline that was mapped at 1:50,000 scale. Geologic studies have determined that the structure has had movement in the last <130,000 years and has a slip rate of 0.2 - 1 mm/yr."
1603,fold_structure,anticline,"1:50,000","<130,000",1 - 5 mm/yr,"{faultZone} {faultName} {sectionName} {strandName} is a anticline that was mapped at 1:50,000 scale. Geologic studies have determined that the structure has had movement in the last <130,000 years and has a slip rate of 1 - 5 mm/yr."
1604,fold_structure,anticline,"1:50,000","<130,000",unspecified,"{faultZone} {faultName} {sectionName} {strandName} is a anticline that was mapped at 1:50,000 scale. Geologic studies have determined that the structure has had movement in the last <130,000 years and has a slip rate of unspecified."
1605,fold_structure,anticline,"1:50,000","<130,000",Undetermined,"{faultZone} {faultName} {sectionName} {strandName} is a anticline that was mapped at 1:50,000 scale. Geologic studies have determined that the structure has had movement in the last <130,000 years and has a slip rate of Undetermined."
1606,fold_structure,anticline,"1:50,000","<130,000",>5 mm/yr,"{faultZone} {faultName} {sectionName} {strandName} is a anticline that was mapped at 1:50,000 scale. Geologic studies have determined that the structure has had movement in the last <130,000 years and has a slip rate of >5 mm/yr."
1607,fold_structure,anticline,"1:50,000","<750,000",<0.2 mm/yr,"{faultZone} {faultName} {sectionName} {strandName} is a anticline that was mapped at 1:50,000 scale. Geologic studies have determined that the structure has had movement in the last <750,000 years and has a slip rate of <0.2 mm/yr."
1608,fold_structure,anticline,"1:50,000","<750,000",0.2 - 1 mm/yr,"{faultZone} {faultName} {sectionName} {strandName} is a anticline that was mapped at 1:50,000 scale. Geologic studies have determined that the structure has had movement in the last <750,000 years and has a slip rate of 0.2 - 1 mm/yr."
1609,fold_structure,anticline,"1:50,000","<750,000",1 - 5 mm/yr,"{faultZone} {faultName} {sectionName} {strandName} is a anticline that was mapped at 1:50,000 scale. Geologic studies have determined that the structure has had movement in the last <750,000 years and has a slip rate of 1 - 5 mm/yr."
1610,fold_structure,anticline,"1:50,000","<750,000",unspecified,"{faultZone} {faultName} {sectionName} {strandName} is a anticline that was mapped at 1:50,000 scale. Geologic studies have determined that the structure has had movement in the last <750,000 years and has a slip rate of unspecified."
1611,fold_structure,anticline,"1:50,000","<750,000",Undetermined,"{faultZone} {faultName} {sectionName} {strandName} is a anticline that was mapped at 1:50,000 scale. Geologic studies have determined that the structure has had movement in the last <750,000 years and has a slip rate of Undetermined."
1612,fold_structure,anticline,"1:50,000","<750,000",>5 mm/yr,"{faultZone} {faultName} {sectionName} {strandName} is a anticline that was mapped at 1:50,000 scale. Geologic studies have determined that the structure has had movement in the last <750,000 years and has a slip rate of >5 mm/yr."
1613,fold_structure,anticline,"1:50,000",undetermined,<0.2 mm/yr,"{faultZone} {faultName} {sectionName} {strandName} is a anticline that was mapped at 1:50,000 scale. Geologic studies have determined that the structure has had movement in the last undetermined years and has a slip rate of <0.2 mm/yr."
1614,fold_structure,anticline,"1:50,000",undetermined,0.2 - 1 mm/yr,"{faultZone} {faultName} {sectionName} {strandName} is a anticline that was mapped at 1:50,000 scale. Geologic studies have determined that the structure has had movement in the last undetermined years and has a slip rate of 0.2 - 1 mm/yr."
1615,fold_structure,anticline,"1:50,000",undetermined,1 - 5 mm/yr,"{faultZone} {faultName} {sectionName} {strandName} is a anticline that was mapped at 1:50,000 scale. Geologic studies have determined that the structure has had movement in the last undetermined years and has a slip rate of 1 - 5 mm/yr."
1616,fold_structure,anticline,"1:50,000",undetermined,unspecified,"{faultZone} {faultName} {sectionName} {strandName} is a anticline that was mapped at 1:50,000 scale. Geologic studies have determined that the structure has had movement in the last undetermined years and has a slip rate of unspecified."
1617,fold_structure,anticline,"1:50,000",undetermined,Undetermined,"{faultZone} {faultName} {sectionName} {strandName} is a anticline that was mapped at 1:50,000 scale. Geologic studies have determined that the structure has had movement in the last undetermined years and has a slip rate of Undetermined."
1618,fold_structure,anticline,"1:50,000",undetermined,>5 mm/yr,"{faultZone} {faultName} {sectionName} {strandName} is a anticline that was mapped at 1:50,000 scale. Geologic studies have determined that the structure has had movement in the last undetermined years and has a slip rate of >5 mm/yr."
1619,fold_structure,anticline,"1:50,000",<150,<0.2 mm/yr,"{faultZone} {faultName} {sectionName} {strandName} is a anticline that was mapped at 1:50,000 scale. Geologic studies have determined that the structure has had movement in the last <150 years and has a slip rate of <0.2 mm/yr."
1620,fold_structure,anticline,"1:50,000",<150,0.2 - 1 mm/yr,"{faultZone} {faultName} {sectionName} {strandName} is a anticline that was mapped at 1:50,000 scale. Geologic studies have determined that the structure has had movement in the last <150 years and has a slip rate of 0.2 - 1 mm/yr."
1621,fold_structure,anticline,"1:50,000",<150,1 - 5 mm/yr,"{faultZone} {faultName} {sectionName} {strandName} is a anticline that was mapped at 1:50,000 scale. Geologic studies have determined that the structure has had movement in the last <150 years and has a slip rate of 1 - 5 mm/yr."
1622,fold_structure,anticline,"1:50,000",<150,unspecified,"{faultZone} {faultName} {sectionName} {strandName} is a anticline that was mapped at 1:50,000 scale. Geologic studies have determined that the structure has had movement in the last <150 years and has a slip rate of unspecified."
1623,fold_structure,anticline,"1:50,000",<150,Undetermined,"{faultZone} {faultName} {sectionName} {strandName} is a anticline that was mapped at 1:50,000 scale. Geologic studies have determined that the structure has had movement in the last <150 years and has a slip rate of Undetermined."
1624,fold_structure,anticline,"1:50,000",<150,>5 mm/yr,"{faultZone} {faultName} {sectionName} {strandName} is a anticline that was mapped at 1:50,000 scale. Geologic studies have determined that the structure has had movement in the last <150 years and has a slip rate of >5 mm/yr."
1625,fold_structure,anticline,"1:155,000","<15,000",<0.2 mm/yr,"{faultZone} {faultName} {sectionName} {strandName} is a anticline that was mapped at 1:155,000 scale. Geologic studies have determined that the structure has had movement in the last <15,000 years and has a slip rate of <0.2 mm/yr."
1626,fold_structure,anticline,"1:155,000","<15,000",0.2 - 1 mm/yr,"{faultZone} {faultName} {sectionName} {strandName} is a anticline that was mapped at 1:155,000 scale. Geologic studies have determined that the structure has had movement in the last <15,000 years and has a slip rate of 0.2 - 1 mm/yr."
1627,fold_structure,anticline,"1:155,000","<15,000",1 - 5 mm/yr,"{faultZone} {faultName} {sectionName} {strandName} is a anticline that was mapped at 1:155,000 scale. Geologic studies have determined that the structure has had movement in the last <15,000 years and has a slip rate of 1 - 5 mm/yr."
1628,fold_structure,anticline,"1:155,000","<15,000",unspecified,"{faultZone} {faultName} {sectionName} {strandName} is a anticline that was mapped at 1:155,000 scale. Geologic studies have determined that the structure has had movement in the last <15,000 years and has a slip rate of unspecified."
1629,fold_structure,anticline,"1:155,000","<15,000",Undetermined,"{faultZone} {faultName} {sectionName} {strandName} is a anticline that was mapped at 1:155,000 scale. Geologic studies have determined that the structure has had movement in the last <15,000 years and has a slip rate of Undetermined."
1630,fold_structure,anticline,"1:155,000","<15,000",>5 mm/yr,"{faultZone} {faultName} {sectionName} {strandName} is a anticline that was mapped at 1:155,000 scale. Geologic studies have determined that the structure has had movement in the last <15,000 years and has a slip rate of >5 mm/yr."
1631,fold_structure,anticline,"1:155,000","<2,600,000",<0.2 mm/yr,"{faultZone} {faultName} {sectionName} {strandName} is a anticline that was mapped at 1:155,000 scale. Geologic studies have determined that the structure has had movement in the last <2,600,000 years and has a slip rate of <0.2 mm/yr."
1632,fold_structure,anticline,"1:155,000","<2,600,000",0.2 - 1 mm/yr,"{faultZone} {faultName} {sectionName} {strandName} is a anticline that was mapped at 1:155,000 scale. Geologic studies have determined that the structure has had movement in the last <2,600,000 years and has a slip rate of 0.2 - 1 mm/yr."
1633,fold_structure,anticline,"1:155,000","<2,600,000",1 - 5 mm/yr,"{faultZone} {faultName} {sectionName} {strandName} is a anticline that was mapped at 1:155,000 scale. Geologic studies have determined that the structure has had movement in the last <2,600,000 years and has a slip rate of 1 - 5 mm/yr."
1634,fold_structure,anticline,"1:155,000","<2,600,000",unspecified,"{faultZone} {faultName} {sectionName} {strandName} is a anticline that was mapped at 1:155,000 scale. Geologic studies have determined that the structure has had movement in the last <2,600,000 years and has a slip rate of unspecified."
1635,fold_structure,anticline,"1:155,000","<2,600,000",Undetermined,"{faultZone} {faultName} {sectionName} {strandName} is a anticline that was mapped at 1:155,000 scale. Geologic studies have determined that the structure has had movement in the last <2,600,000 years and has a slip rate of Undetermined."
1636,fold_structure,anticline,"1:155,000","<2,600,000",>5 mm/yr,"{faultZone} {faultName} {sectionName} {strandName} is a anticline that was mapped at 1:155,000 scale. Geologic studies have determined that the structure has had movement in the last <2,600,000 years and has a slip rate of >5 mm/yr."
1637,fold_structure,anticline,"1:155,000","<130,000",<0.2 mm/yr,"{faultZone} {faultName} {sectionName} {strandName} is a anticline that was mapped at 1:155,000 scale. Geologic studies have determined that the structure has had movement in the last <130,000 years and has a slip rate of <0.2 mm/yr."
1638,fold_structure,anticline,"1:155,000","<130,000",0.2 - 1 mm/yr,"{faultZone} {faultName} {sectionName} {strandName} is a anticline that was mapped at 1:155,000 scale. Geologic studies have determined that the structure has had movement in the last <130,000 years and has a slip rate of 0.2 - 1 mm/yr."
1639,fold_structure,anticline,"1:155,000","<130,000",1 - 5 mm/yr,"{faultZone} {faultName} {sectionName} {strandName} is a anticline that was mapped at 1:155,000 scale. Geologic studies have determined that the structure has had movement in the last <130,000 years and has a slip rate of 1 - 5 mm/yr."
1640,fold_structure,anticline,"1:155,000","<130,000",unspecified,"{faultZone} {faultName} {sectionName} {strandName} is a anticline that was mapped at 1:155,000 scale. Geologic studies have determined that the structure has had movement in the last <130,000 years and has a slip rate of unspecified."
1641,fold_structure,anticline,"1:155,000","<130,000",Undetermined,"{faultZone} {faultName} {sectionName} {strandName} is a anticline that was mapped at 1:155,000 scale. Geologic studies have determined that the structure has had movement in the last <130,000 years and has a slip rate of Undetermined."
1642,fold_structure,anticline,"1:155,000","<130,000",>5 mm/yr,"{faultZone} {faultName} {sectionName} {strandName} is a anticline that was mapped at 1:155,000 scale. Geologic studies have determined that the structure has had movement in the last <130,000 years and has a slip rate of >5 mm/yr."
1643,fold_structure,anticline,"1:155,000","<750,000",<0.2 mm/yr,"{faultZone} {faultName} {sectionName} {strandName} is a anticline that was mapped at 1:155,000 scale. Geologic studies have determined that the structure has had movement in the last <750,000 years and has a slip rate of <0.2 mm/yr."
1644,fold_structure,anticline,"1:155,000","<750,000",0.2 - 1 mm/yr,"{faultZone} {faultName} {sectionName} {strandName} is a anticline that was mapped at 1:155,000 scale. Geologic studies have determined that the structure has had movement in the last <750,000 years and has a slip rate of 0.2 - 1 mm/yr."
1645,fold_structure,anticline,"1:155,000","<750,000",1 - 5 mm/yr,"{faultZone} {faultName} {sectionName} {strandName} is a anticline that was mapped at 1:155,000 scale. Geologic studies have determined that the structure has had movement in the last <750,000 years and has a slip rate of 1 - 5 mm/yr."
1646,fold_structure,anticline,"1:155,000","<750,000",unspecified,"{faultZone} {faultName} {sectionName} {strandName} is a anticline that was mapped at 1:155,000 scale. Geologic studies have determined that the structure has had movement in the last <750,000 years and has a slip rate of unspecified."
1647,fold_structure,anticline,"1:155,000","<750,000",Undetermined,"{faultZone} {faultName} {sectionName} {strandName} is a anticline that was mapped at 1:155,000 scale. Geologic studies have determined that the structure has had movement in the last <750,000 years and has a slip rate of Undetermined."
1648,fold_structure,anticline,"1:155,000","<750,000",>5 mm/yr,"{faultZone} {faultName} {sectionName} {strandName} is a anticline that was mapped at 1:155,000 scale. Geologic studies have determined that the structure has had movement in the last <750,000 years and has a slip rate of >5 mm/yr."
1649,fold_structure,anticline,"1:155,000",undetermined,<0.2 mm/yr,"{faultZone} {faultName} {sectionName} {strandName} is a anticline that was mapped at 1:155,000 scale. Geologic studies have determined that the structure has had movement in the last undetermined years and has a slip rate of <0.2 mm/yr."
1650,fold_structure,anticline,"1:155,000",undetermined,0.2 - 1 mm/yr,"{faultZone} {faultName} {sectionName} {strandName} is a anticline that was mapped at 1:155,000 scale. Geologic studies have determined that the structure has had movement in the last undetermined years and has a slip rate of 0.2 - 1 mm/yr."
1651,fold_structure,anticline,"1:155,000",undetermined,1 - 5 mm/yr,"{faultZone} {faultName} {sectionName} {strandName} is a anticline that was mapped at 1:155,000 scale. Geologic studies have determined that the structure has had movement in the last undetermined years and has a slip rate of 1 - 5 mm/yr."
1652,fold_structure,anticline,"1:155,000",undetermined,unspecified,"{faultZone} {faultName} {sectionName} {strandName} is a anticline that was mapped at 1:155,000 scale. Geologic studies have determined that the structure has had movement in the last undetermined years and has a slip rate of unspecified."
1653,fold_structure,anticline,"1:155,000",undetermined,Undetermined,"{faultZone} {faultName} {sectionName} {strandName} is a anticline that was mapped at 1:155,000 scale. Geologic studies have determined that the structure has had movement in the last undetermined years and has a slip rate of Undetermined."
1654,fold_structure,anticline,"1:155,000",undetermined,>5 mm/yr,"{faultZone} {faultName} {sectionName} {strandName} is a anticline that was mapped at 1:155,000 scale. Geologic studies have determined that the structure has had movement in the last undetermined years and has a slip rate of >5 mm/yr."
1655,fold_structure,anticline,"1:155,000",<150,<0.2 mm/yr,"{faultZone} {faultName} {sectionName} {strandName} is a anticline that was mapped at 1:155,000 scale. Geologic studies have determined that the structure has had movement in the last <150 years and has a slip rate of <0.2 mm/yr."
1656,fold_structure,anticline,"1:155,000",<150,0.2 - 1 mm/yr,"{faultZone} {faultName} {sectionName} {strandName} is a anticline that was mapped at 1:155,000 scale. Geologic studies have determined that the structure has had movement in the last <150 years and has a slip rate of 0.2 - 1 mm/yr."
1657,fold_structure,anticline,"1:155,000",<150,1 - 5 mm/yr,"{faultZone} {faultName} {sectionName} {strandName} is a anticline that was mapped at 1:155,000 scale. Geologic studies have determined that the structure has had movement in the last <150 years and has a slip rate of 1 - 5 mm/yr."
1658,fold_structure,anticline,"1:155,000",<150,unspecified,"{faultZone} {faultName} {sectionName} {strandName} is a anticline that was mapped at 1:155,000 scale. Geologic studies have determined that the structure has had movement in the last <150 years and has a slip rate of unspecified."
1659,fold_structure,anticline,"1:155,000",<150,Undetermined,"{faultZone} {faultName} {sectionName} {strandName} is a anticline that was mapped at 1:155,000 scale. Geologic studies have determined that the structure has had movement in the last <150 years and has a slip rate of Undetermined."
1660,fold_structure,anticline,"1:155,000",<150,>5 mm/yr,"{faultZone} {faultName} {sectionName} {strandName} is a anticline that was mapped at 1:155,000 scale. Geologic studies have determined that the structure has had movement in the last <150 years and has a slip rate of >5 mm/yr."
1661,fold_structure,anticline,"1:60,000","<15,000",<0.2 mm/yr,"{faultZone} {faultName} {sectionName} {strandName} is a anticline that was mapped at 1:60,000 scale. Geologic studies have determined that the structure has had movement in the last <15,000 years and has a slip rate of <0.2 mm/yr."
1662,fold_structure,anticline,"1:60,000","<15,000",0.2 - 1 mm/yr,"{faultZone} {faultName} {sectionName} {strandName} is a anticline that was mapped at 1:60,000 scale. Geologic studies have determined that the structure has had movement in the last <15,000 years and has a slip rate of 0.2 - 1 mm/yr."
1663,fold_structure,anticline,"1:60,000","<15,000",1 - 5 mm/yr,"{faultZone} {faultName} {sectionName} {strandName} is a anticline that was mapped at 1:60,000 scale. Geologic studies have determined that the structure has had movement in the last <15,000 years and has a slip rate of 1 - 5 mm/yr."
1664,fold_structure,anticline,"1:60,000","<15,000",unspecified,"{faultZone} {faultName} {sectionName} {strandName} is a anticline that was mapped at 1:60,000 scale. Geologic studies have determined that the structure has had movement in the last <15,000 years and has a slip rate of unspecified."
1665,fold_structure,anticline,"1:60,000","<15,000",Undetermined,"{faultZone} {faultName} {sectionName} {strandName} is a anticline that was mapped at 1:60,000 scale. Geologic studies have determined that the structure has had movement in the last <15,000 years and has a slip rate of Undetermined."
1666,fold_structure,anticline,"1:60,000","<15,000",>5 mm/yr,"{faultZone} {faultName} {sectionName} {strandName} is a anticline that was mapped at 1:60,000 scale. Geologic studies have determined that the structure has had movement in the last <15,000 years and has a slip rate of >5 mm/yr."
1667,fold_structure,anticline,"1:60,000","<2,600,000",<0.2 mm/yr,"{faultZone} {faultName} {sectionName} {strandName} is a anticline that was mapped at 1:60,000 scale. Geologic studies have determined that the structure has had movement in the last <2,600,000 years and has a slip rate of <0.2 mm/yr."
1668,fold_structure,anticline,"1:60,000","<2,600,000",0.2 - 1 mm/yr,"{faultZone} {faultName} {sectionName} {strandName} is a anticline that was mapped at 1:60,000 scale. Geologic studies have determined that the structure has had movement in the last <2,600,000 years and has a slip rate of 0.2 - 1 mm/yr."
1669,fold_structure,anticline,"1:60,000","<2,600,000",1 - 5 mm/yr,"{faultZone} {faultName} {sectionName} {strandName} is a anticline that was mapped at 1:60,000 scale. Geologic studies have determined that the structure has had movement in the last <2,600,000 years and has a slip rate of 1 - 5 mm/yr."
1670,fold_structure,anticline,"1:60,000","<2,600,000",unspecified,"{faultZone} {faultName} {sectionName} {strandName} is a anticline that was mapped at 1:60,000 scale. Geologic studies have determined that the structure has had movement in the last <2,600,000 years and has a slip rate of unspecified."
1671,fold_structure,anticline,"1:60,000","<2,600,000",Undetermined,"{faultZone} {faultName} {sectionName} {strandName} is a anticline that was mapped at 1:60,000 scale. Geologic studies have determined that the structure has had movement in the last <2,600,000 years and has a slip rate of Undetermined."
1672,fold_structure,anticline,"1:60,000","<2,600,000",>5 mm/yr,"{faultZone} {faultName} {sectionName} {strandName} is a anticline that was mapped at 1:60,000 scale. Geologic studies have determined that the structure has had movement in the last <2,600,000 years and has a slip rate of >5 mm/yr."
1673,fold_structure,anticline,"1:60,000","<130,000",<0.2 mm/yr,"{faultZone} {faultName} {sectionName} {strandName} is a anticline that was mapped at 1:60,000 scale. Geologic studies have determined that the structure has had movement in the last <130,000 years and has a slip rate of <0.2 mm/yr."
1674,fold_structure,anticline,"1:60,000","<130,000",0.2 - 1 mm/yr,"{faultZone} {faultName} {sectionName} {strandName} is a anticline that was mapped at 1:60,000 scale. Geologic studies have determined that the structure has had movement in the last <130,000 years and has a slip rate of 0.2 - 1 mm/yr."
1675,fold_structure,anticline,"1:60,000","<130,000",1 - 5 mm/yr,"{faultZone} {faultName} {sectionName} {strandName} is a anticline that was mapped at 1:60,000 scale. Geologic studies have determined that the structure has had movement in the last <130,000 years and has a slip rate of 1 - 5 mm/yr."
1676,fold_structure,anticline,"1:60,000","<130,000",unspecified,"{faultZone} {faultName} {sectionName} {strandName} is a anticline that was mapped at 1:60,000 scale. Geologic studies have determined that the structure has had movement in the last <130,000 years and has a slip rate of unspecified."
1677,fold_structure,anticline,"1:60,000","<130,000",Undetermined,"{faultZone} {faultName} {sectionName} {strandName} is a anticline that was mapped at 1:60,000 scale. Geologic studies have determined that the structure has had movement in the last <130,000 years and has a slip rate of Undetermined."
1678,fold_structure,anticline,"1:60,000","<130,000",>5 mm/yr,"{faultZone} {faultName} {sectionName} {strandName} is a anticline that was mapped at 1:60,000 scale. Geologic studies have determined that the structure has had movement in the last <130,000 years and has a slip rate of >5 mm/yr."
1679,fold_structure,anticline,"1:60,000","<750,000",<0.2 mm/yr,"{faultZone} {faultName} {sectionName} {strandName} is a anticline that was mapped at 1:60,000 scale. Geologic studies have determined that the structure has had movement in the last <750,000 years and has a slip rate of <0.2 mm/yr."
1680,fold_structure,anticline,"1:60,000","<750,000",0.2 - 1 mm/yr,"{faultZone} {faultName} {sectionName} {strandName} is a anticline that was mapped at 1:60,000 scale. Geologic studies have determined that the structure has had movement in the last <750,000 years and has a slip rate of 0.2 - 1 mm/yr."
1681,fold_structure,anticline,"1:60,000","<750,000",1 - 5 mm/yr,"{faultZone} {faultName} {sectionName} {strandName} is a anticline that was mapped at 1:60,000 scale. Geologic studies have determined that the structure has had movement in the last <750,000 years and has a slip rate of 1 - 5 mm/yr."
1682,fold_structure,anticline,"1:60,000","<750,000",unspecified,"{faultZone} {faultName} {sectionName} {strandName} is a anticline that was mapped at 1:60,000 scale. Geologic studies have determined that the structure has had movement in the last <750,000 years and has a slip rate of unspecified."
1683,fold_structure,anticline,"1:60,000","<750,000",Undetermined,"{faultZone} {faultName} {sectionName} {strandName} is a anticline that was mapped at 1:60,000 scale. Geologic studies have determined that the structure has had movement in the last <750,000 years and has a slip rate of Undetermined."
1684,fold_structure,anticline,"1:60,000","<750,000",>5 mm/yr,"{faultZone} {faultName} {sectionName} {strandName} is a anticline that was mapped at 1:60,000 scale. Geologic studies have determined that the structure has had movement in the last <750,000 years and has a slip rate of >5 mm/yr."
1685,fold_structure,anticline,"1:60,000",undetermined,<0.2 mm/yr,"{faultZone} {faultName} {sectionName} {strandName} is a anticline that was mapped at 1:60,000 scale. Geologic studies have determined that the structure has had movement in the last undetermined years and has a slip rate of <0.2 mm/yr."
1686,fold_structure,anticline,"1:60,000",undetermined,0.2 - 1 mm/yr,"{faultZone} {faultName} {sectionName} {strandName} is a anticline that was mapped at 1:60,000 scale. Geologic studies have determined that the structure has had movement in the last undetermined years and has a slip rate of 0.2 - 1 mm/yr."
1687,fold_structure,anticline,"1:60,000",undetermined,1 - 5 mm/yr,"{faultZone} {faultName} {sectionName} {strandName} is a anticline that was mapped at 1:60,000 scale. Geologic studies have determined that the structure has had movement in the last undetermined years and has a slip rate of 1 - 5 mm/yr."
1688,fold_structure,anticline,"1:60,000",undetermined,unspecified,"{faultZone} {faultName} {sectionName} {strandName} is a anticline that was mapped at 1:60,000 scale. Geologic studies have determined that the structure has had movement in the last undetermined years and has a slip rate of unspecified."
1689,fold_structure,anticline,"1:60,000",undetermined,Undetermined,"{faultZone} {faultName} {sectionName} {strandName} is a anticline that was mapped at 1:60,000 scale. Geologic studies have determined that the structure has had movement in the last undetermined years and has a slip rate of Undetermined."
1690,fold_structure,anticline,"1:60,000",undetermined,>5 mm/yr,"{faultZone} {faultName} {sectionName} {strandName} is a anticline that was mapped at 1:60,000 scale. Geologic studies have determined that the structure has had movement in the last undetermined years and has a slip rate of >5 mm/yr."
1691,fold_structure,anticline,"1:60,000",<150,<0.2 mm/yr,"{faultZone} {faultName} {sectionName} {strandName} is a anticline that was mapped at 1:60,000 scale. Geologic studies have determined that the structure has had movement in the last <150 years and has a slip rate of <0.2 mm/yr."
1692,fold_structure,anticline,"1:60,000",<150,0.2 - 1 mm/yr,"{faultZone} {faultName} {sectionName} {strandName} is a anticline that was mapped at 1:60,000 scale. Geologic studies have determined that the structure has had movement in the last <150 years and has a slip rate of 0.2 - 1 mm/yr."
1693,fold_structure,anticline,"1:60,000",<150,1 - 5 mm/yr,"{faultZone} {faultName} {sectionName} {strandName} is a anticline that was mapped at 1:60,000 scale. Geologic studies have determined that the structure has had movement in the last <150 years and has a slip rate of 1 - 5 mm/yr."
1694,fold_structure,anticline,"1:60,000",<150,unspecified,"{faultZone} {faultName} {sectionName} {strandName} is a anticline that was mapped at 1:60,000 scale. Geologic studies have determined that the structure has had movement in the last <150 years and has a slip rate of unspecified."
1695,fold_structure,anticline,"1:60,000",<150,Undetermined,"{faultZone} {faultName} {sectionName} {strandName} is a anticline that was mapped at 1:60,000 scale. Geologic studies have determined that the structure has had movement in the last <150 years and has a slip rate of Undetermined."
1696,fold_structure,anticline,"1:60,000",<150,>5 mm/yr,"{faultZone} {faultName} {sectionName} {strandName} is a anticline that was mapped at 1:60,000 scale. Geologic studies have determined that the structure has had movement in the last <150 years and has a slip rate of >5 mm/yr."
1697,fold_structure,anticline,"1:170,000","<15,000",<0.2 mm/yr,"{faultZone} {faultName} {sectionName} {strandName} is a anticline that was mapped at 1:170,000 scale. Geologic studies have determined that the structure has had movement in the last <15,000 years and has a slip rate of <0.2 mm/yr."
1698,fold_structure,anticline,"1:170,000","<15,000",0.2 - 1 mm/yr,"{faultZone} {faultName} {sectionName} {strandName} is a anticline that was mapped at 1:170,000 scale. Geologic studies have determined that the structure has had movement in the last <15,000 years and has a slip rate of 0.2 - 1 mm/yr."
1699,fold_structure,anticline,"1:170,000","<15,000",1 - 5 mm/yr,"{faultZone} {faultName} {sectionName} {strandName} is a anticline that was mapped at 1:170,000 scale. Geologic studies have determined that the structure has had movement in the last <15,000 years and has a slip rate of 1 - 5 mm/yr."
1700,fold_structure,anticline,"1:170,000","<15,000",unspecified,"{faultZone} {faultName} {sectionName} {strandName} is a anticline that was mapped at 1:170,000 scale. Geologic studies have determined that the structure has had movement in the last <15,000 years and has a slip rate of unspecified."
1701,fold_structure,anticline,"1:170,000","<15,000",Undetermined,"{faultZone} {faultName} {sectionName} {strandName} is a anticline that was mapped at 1:170,000 scale. Geologic studies have determined that the structure has had movement in the last <15,000 years and has a slip rate of Undetermined."
1702,fold_structure,anticline,"1:170,000","<15,000",>5 mm/yr,"{faultZone} {faultName} {sectionName} {strandName} is a anticline that was mapped at 1:170,000 scale. Geologic studies have determined that the structure has had movement in the last <15,000 years and has a slip rate of >5 mm/yr."
1703,fold_structure,anticline,"1:170,000","<2,600,000",<0.2 mm/yr,"{faultZone} {faultName} {sectionName} {strandName} is a anticline that was mapped at 1:170,000 scale. Geologic studies have determined that the structure has had movement in the last <2,600,000 years and has a slip rate of <0.2 mm/yr."
1704,fold_structure,anticline,"1:170,000","<2,600,000",0.2 - 1 mm/yr,"{faultZone} {faultName} {sectionName} {strandName} is a anticline that was mapped at 1:170,000 scale. Geologic studies have determined that the structure has had movement in the last <2,600,000 years and has a slip rate of 0.2 - 1 mm/yr."
1705,fold_structure,anticline,"1:170,000","<2,600,000",1 - 5 mm/yr,"{faultZone} {faultName} {sectionName} {strandName} is a anticline that was mapped at 1:170,000 scale. Geologic studies have determined that the structure has had movement in the last <2,600,000 years and has a slip rate of 1 - 5 mm/yr."
1706,fold_structure,anticline,"1:170,000","<2,600,000",unspecified,"{faultZone} {faultName} {sectionName} {strandName} is a anticline that was mapped at 1:170,000 scale. Geologic studies have determined that the structure has had movement in the last <2,600,000 years and has a slip rate of unspecified."
1707,fold_structure,anticline,"1:170,000","<2,600,000",Undetermined,"{faultZone} {faultName} {sectionName} {strandName} is a anticline that was mapped at 1:170,000 scale. Geologic studies have determined that the structure has had movement in the last <2,600,000 years and has a slip rate of Undetermined."
1708,fold_structure,anticline,"1:170,000","<2,600,000",>5 mm/yr,"{faultZone} {faultName} {sectionName} {strandName} is a anticline that was mapped at 1:170,000 scale. Geologic studies have determined that the structure has had movement in the last <2,600,000 years and has a slip rate of >5 mm/yr."
1709,fold_structure,anticline,"1:170,000","<130,000",<0.2 mm/yr,"{faultZone} {faultName} {sectionName} {strandName} is a anticline that was mapped at 1:170,000 scale. Geologic studies have determined that the structure has had movement in the last <130,000 years and has a slip rate of <0.2 mm/yr."
1710,fold_structure,anticline,"1:170,000","<130,000",0.2 - 1 mm/yr,"{faultZone} {faultName} {sectionName} {strandName} is a anticline that was mapped at 1:170,000 scale. Geologic studies have determined that the structure has had movement in the last <130,000 years and has a slip rate of 0.2 - 1 mm/yr."
1711,fold_structure,anticline,"1:170,000","<130,000",1 - 5 mm/yr,"{faultZone} {faultName} {sectionName} {strandName} is a anticline that was mapped at 1:170,000 scale. Geologic studies have determined that the structure has had movement in the last <130,000 years and has a slip rate of 1 - 5 mm/yr."
1712,fold_structure,anticline,"1:170,000","<130,000",unspecified,"{faultZone} {faultName} {sectionName} {strandName} is a anticline that was mapped at 1:170,000 scale. Geologic studies have determined that the structure has had movement in the last <130,000 years and has a slip rate of unspecified."
1713,fold_structure,anticline,"1:170,000","<130,000",Undetermined,"{faultZone} {faultName} {sectionName} {strandName} is a anticline that was mapped at 1:170,000 scale. Geologic studies have determined that the structure has had movement in the last <130,000 years and has a slip rate of Undetermined."
1714,fold_structure,anticline,"1:170,000","<130,000",>5 mm/yr,"{faultZone} {faultName} {sectionName} {strandName} is a anticline that was mapped at 1:170,000 scale. Geologic studies have determined that the structure has had movement in the last <130,000 years and has a slip rate of >5 mm/yr."
1715,fold_structure,anticline,"1:170,000","<750,000",<0.2 mm/yr,"{faultZone} {faultName} {sectionName} {strandName} is a anticline that was mapped at 1:170,000 scale. Geologic studies have determined that the structure has had movement in the last <750,000 years and has a slip rate of <0.2 mm/yr."
1716,fold_structure,anticline,"1:170,000","<750,000",0.2 - 1 mm/yr,"{faultZone} {faultName} {sectionName} {strandName} is a anticline that was mapped at 1:170,000 scale. Geologic studies have determined that the structure has had movement in the last <750,000 years and has a slip rate of 0.2 - 1 mm/yr."
1717,fold_structure,anticline,"1:170,000","<750,000",1 - 5 mm/yr,"{faultZone} {faultName} {sectionName} {strandName} is a anticline that was mapped at 1:170,000 scale. Geologic studies have determined that the structure has had movement in the last <750,000 years and has a slip rate of 1 - 5 mm/yr."
1718,fold_structure,anticline,"1:170,000","<750,000",unspecified,"{faultZone} {faultName} {sectionName} {strandName} is a anticline that was mapped at 1:170,000 scale. Geologic studies have determined that the structure has had movement in the last <750,000 years and has a slip rate of unspecified."
1719,fold_structure,anticline,"1:170,000","<750,000",Undetermined,"{faultZone} {faultName} {sectionName} {strandName} is a anticline that was mapped at 1:170,000 scale. Geologic studies have determined that the structure has had movement in the last <750,000 years and has a slip rate of Undetermined."
1720,fold_structure,anticline,"1:170,000","<750,000",>5 mm/yr,"{faultZone} {faultName} {sectionName} {strandName} is a anticline that was mapped at 1:170,000 scale. Geologic studies have determined that the structure has had movement in the last <750,000 years and has a slip rate of >5 mm/yr."
1721,fold_structure,anticline,"1:170,000",undetermined,<0.2 mm/yr,"{faultZone} {faultName} {sectionName} {strandName} is a anticline that was mapped at 1:170,000 scale. Geologic studies have determined that the structure has had movement in the last undetermined years and has a slip rate of <0.2 mm/yr."
1722,fold_structure,anticline,"1:170,000",undetermined,0.2 - 1 mm/yr,"{faultZone} {faultName} {sectionName} {strandName} is a anticline that was mapped at 1:170,000 scale. Geologic studies have determined that the structure has had movement in the last undetermined years and has a slip rate of 0.2 - 1 mm/yr."
1723,fold_structure,anticline,"1:170,000",undetermined,1 - 5 mm/yr,"{faultZone} {faultName} {sectionName} {strandName} is a anticline that was mapped at 1:170,000 scale. Geologic studies have determined that the structure has had movement in the last undetermined years and has a slip rate of 1 - 5 mm/yr."
1724,fold_structure,anticline,"1:170,000",undetermined,unspecified,"{faultZone} {faultName} {sectionName} {strandName} is a anticline that was mapped at 1:170,000 scale. Geologic studies have determined that the structure has had movement in the last undetermined years and has a slip rate of unspecified."
1725,fold_structure,anticline,"1:170,000",undetermined,Undetermined,"{faultZone} {faultName} {sectionName} {strandName} is a anticline that was mapped at 1:170,000 scale. Geologic studies have determined that the structure has had movement in the last undetermined years and has a slip rate of Undetermined."
1726,fold_structure,anticline,"1:170,000",undetermined,>5 mm/yr,"{faultZone} {faultName} {sectionName} {strandName} is a anticline that was mapped at 1:170,000 scale. Geologic studies have determined that the structure has had movement in the last undetermined years and has a slip rate of >5 mm/yr."
1727,fold_structure,anticline,"1:170,000",<150,<0.2 mm/yr,"{faultZone} {faultName} {sectionName} {strandName} is a anticline that was mapped at 1:170,000 scale. Geologic studies have determined that the structure has had movement in the last <150 years and has a slip rate of <0.2 mm/yr."
1728,fold_structure,anticline,"1:170,000",<150,0.2 - 1 mm/yr,"{faultZone} {faultName} {sectionName} {strandName} is a anticline that was mapped at 1:170,000 scale. Geologic studies have determined that the structure has had movement in the last <150 years and has a slip rate of 0.2 - 1 mm/yr."
1729,fold_structure,anticline,"1:170,000",<150,1 - 5 mm/yr,"{faultZone} {faultName} {sectionName} {strandName} is a anticline that was mapped at 1:170,000 scale. Geologic studies have determined that the structure has had movement in the last <150 years and has a slip rate of 1 - 5 mm/yr."
1730,fold_structure,anticline,"1:170,000",<150,unspecified,"{faultZone} {faultName} {sectionName} {strandName} is a anticline that was mapped at 1:170,000 scale. Geologic studies have determined that the structure has had movement in the last <150 years and has a slip rate of unspecified."
1731,fold_structure,anticline,"1:170,000",<150,Undetermined,"{faultZone} {faultName} {sectionName} {strandName} is a anticline that was mapped at 1:170,000 scale. Geologic studies have determined that the structure has had movement in the last <150 years and has a slip rate of Undetermined."
1732,fold_structure,anticline,"1:170,000",<150,>5 mm/yr,"{faultZone} {faultName} {sectionName} {strandName} is a anticline that was mapped at 1:170,000 scale. Geologic studies have determined that the structure has had movement in the last <150 years and has a slip rate of >5 mm/yr."
1733,fold_structure,anticline,"1:340,000","<15,000",<0.2 mm/yr,"{faultZone} {faultName} {sectionName} {strandName} is a anticline that was mapped at 1:340,000 scale. Geologic studies have determined that the structure has had movement in the last <15,000 years and has a slip rate of <0.2 mm/yr."
1734,fold_structure,anticline,"1:340,000","<15,000",0.2 - 1 mm/yr,"{faultZone} {faultName} {sectionName} {strandName} is a anticline that was mapped at 1:340,000 scale. Geologic studies have determined that the structure has had movement in the last <15,000 years and has a slip rate of 0.2 - 1 mm/yr."
1735,fold_structure,anticline,"1:340,000","<15,000",1 - 5 mm/yr,"{faultZone} {faultName} {sectionName} {strandName} is a anticline that was mapped at 1:340,000 scale. Geologic studies have determined that the structure has had movement in the last <15,000 years and has a slip rate of 1 - 5 mm/yr."
1736,fold_structure,anticline,"1:340,000","<15,000",unspecified,"{faultZone} {faultName} {sectionName} {strandName} is a anticline that was mapped at 1:340,000 scale. Geologic studies have determined that the structure has had movement in the last <15,000 years and has a slip rate of unspecified."
1737,fold_structure,anticline,"1:340,000","<15,000",Undetermined,"{faultZone} {faultName} {sectionName} {strandName} is a anticline that was mapped at 1:340,000 scale. Geologic studies have determined that the structure has had movement in the last <15,000 years and has a slip rate of Undetermined."
1738,fold_structure,anticline,"1:340,000","<15,000",>5 mm/yr,"{faultZone} {faultName} {sectionName} {strandName} is a anticline that was mapped at 1:340,000 scale. Geologic studies have determined that the structure has had movement in the last <15,000 years and has a slip rate of >5 mm/yr."
1739,fold_structure,anticline,"1:340,000","<2,600,000",<0.2 mm/yr,"{faultZone} {faultName} {sectionName} {strandName} is a anticline that was mapped at 1:340,000 scale. Geologic studies have determined that the structure has had movement in the last <2,600,000 years and has a slip rate of <0.2 mm/yr."
1740,fold_structure,anticline,"1:340,000","<2,600,000",0.2 - 1 mm/yr,"{faultZone} {faultName} {sectionName} {strandName} is a anticline that was mapped at 1:340,000 scale. Geologic studies have determined that the structure has had movement in the last <2,600,000 years and has a slip rate of 0.2 - 1 mm/yr."
1741,fold_structure,anticline,"1:340,000","<2,600,000",1 - 5 mm/yr,"{faultZone} {faultName} {sectionName} {strandName} is a anticline that was mapped at 1:340,000 scale. Geologic studies have determined that the structure has had movement in the last <2,600,000 years and has a slip rate of 1 - 5 mm/yr."
1742,fold_structure,anticline,"1:340,000","<2,600,000",unspecified,"{faultZone} {faultName} {sectionName} {strandName} is a anticline that was mapped at 1:340,000 scale. Geologic studies have determined that the structure has had movement in the last <2,600,000 years and has a slip rate of unspecified."
1743,fold_structure,anticline,"1:340,000","<2,600,000",Undetermined,"{faultZone} {faultName} {sectionName} {strandName} is a anticline that was mapped at 1:340,000 scale. Geologic studies have determined that the structure has had movement in the last <2,600,000 years and has a slip rate of Undetermined."
1744,fold_structure,anticline,"1:340,000","<2,600,000",>5 mm/yr,"{faultZone} {faultName} {sectionName} {strandName} is a anticline that was mapped at 1:340,000 scale. Geologic studies have determined that the structure has had movement in the last <2,600,000 years and has a slip rate of >5 mm/yr."
1745,fold_structure,anticline,"1:340,000","<130,000",<0.2 mm/yr,"{faultZone} {faultName} {sectionName} {strandName} is a anticline that was mapped at 1:340,000 scale. Geologic studies have determined that the structure has had movement in the last <130,000 years and has a slip rate of <0.2 mm/yr."
1746,fold_structure,anticline,"1:340,000","<130,000",0.2 - 1 mm/yr,"{faultZone} {faultName} {sectionName} {strandName} is a anticline that was mapped at 1:340,000 scale. Geologic studies have determined that the structure has had movement in the last <130,000 years and has a slip rate of 0.2 - 1 mm/yr."
1747,fold_structure,anticline,"1:340,000","<130,000",1 - 5 mm/yr,"{faultZone} {faultName} {sectionName} {strandName} is a anticline that was mapped at 1:340,000 scale. Geologic studies have determined that the structure has had movement in the last <130,000 years and has a slip rate of 1 - 5 mm/yr."
1748,fold_structure,anticline,"1:340,000","<130,000",unspecified,"{faultZone} {faultName} {sectionName} {strandName} is a anticline that was mapped at 1:340,000 scale. Geologic studies have determined that the structure has had movement in the last <130,000 years and has a slip rate of unspecified."
1749,fold_structure,anticline,"1:340,000","<130,000",Undetermined,"{faultZone} {faultName} {sectionName} {strandName} is a anticline that was mapped at 1:340,000 scale. Geologic studies have determined that the structure has had movement in the last <130,000 years and has a slip rate of Undetermined."
1750,fold_structure,anticline,"1:340,000","<130,000",>5 mm/yr,"{faultZone} {faultName} {sectionName} {strandName} is a anticline that was mapped at 1:340,000 scale. Geologic studies have determined that the structure has had movement in the last <130,000 years and has a slip rate of >5 mm/yr."
1751,fold_structure,anticline,"1:340,000","<750,000",<0.2 mm/yr,"{faultZone} {faultName} {sectionName} {strandName} is a anticline that was mapped at 1:340,000 scale. Geologic studies have determined that the structure has had movement in the last <750,000 years and has a slip rate of <0.2 mm/yr."
1752,fold_structure,anticline,"1:340,000","<750,000",0.2 - 1 mm/yr,"{faultZone} {faultName} {sectionName} {strandName} is a anticline that was mapped at 1:340,000 scale. Geologic studies have determined that the structure has had movement in the last <750,000 years and has a slip rate of 0.2 - 1 mm/yr."
1753,fold_structure,anticline,"1:340,000","<750,000",1 - 5 mm/yr,"{faultZone} {faultName} {sectionName} {strandName} is a anticline that was mapped at 1:340,000 scale. Geologic studies have determined that the structure has had movement in the last <750,000 years and has a slip rate of 1 - 5 mm/yr."
1754,fold_structure,anticline,"1:340,000","<750,000",unspecified,"{faultZone} {faultName} {sectionName} {strandName} is a anticline that was mapped at 1:340,000 scale. Geologic studies have determined that the structure has had movement in the last <750,000 years and has a slip rate of unspecified."
1755,fold_structure,anticline,"1:340,000","<750,000",Undetermined,"{faultZone} {faultName} {sectionName} {strandName} is a anticline that was mapped at 1:340,000 scale. Geologic studies have determined that the structure has had movement in the last <750,000 years and has a slip rate of Undetermined."
1756,fold_structure,anticline,"1:340,000","<750,000",>5 mm/yr,"{faultZone} {faultName} {sectionName} {strandName} is a anticline that was mapped at 1:340,000 scale. Geologic studies have determined that the structure has had movement in the last <750,000 years and has a slip rate of >5 mm/yr."
1757,fold_structure,anticline,"1:340,000",undetermined,<0.2 mm/yr,"{faultZone} {faultName} {sectionName} {strandName} is a anticline that was mapped at 1:340,000 scale. Geologic studies have determined that the structure has had movement in the last undetermined years and has a slip rate of <0.2 mm/yr."
1758,fold_structure,anticline,"1:340,000",undetermined,0.2 - 1 mm/yr,"{faultZone} {faultName} {sectionName} {strandName} is a anticline that was mapped at 1:340,000 scale. Geologic studies have determined that the structure has had movement in the last undetermined years and has a slip rate of 0.2 - 1 mm/yr."
1759,fold_structure,anticline,"1:340,000",undetermined,1 - 5 mm/yr,"{faultZone} {faultName} {sectionName} {strandName} is a anticline that was mapped at 1:340,000 scale. Geologic studies have determined that the structure has had movement in the last undetermined years and has a slip rate of 1 - 5 mm/yr."
1760,fold_structure,anticline,"1:340,000",undetermined,unspecified,"{faultZone} {faultName} {sectionName} {strandName} is a anticline that was mapped at 1:340,000 scale. Geologic studies have determined that the structure has had movement in the last undetermined years and has a slip rate of unspecified."
1761,fold_structure,anticline,"1:340,000",undetermined,Undetermined,"{faultZone} {faultName} {sectionName} {strandName} is a anticline that was mapped at 1:340,000 scale. Geologic studies have determined that the structure has had movement in the last undetermined years and has a slip rate of Undetermined."
1762,fold_structure,anticline,"1:340,000",undetermined,>5 mm/yr,"{faultZone} {faultName} {sectionName} {strandName} is a anticline that was mapped at 1:340,000 scale. Geologic studies have determined that the structure has had movement in the last undetermined years and has a slip rate of >5 mm/yr."
1763,fold_structure,anticline,"1:340,000",<150,<0.2 mm/yr,"{faultZone} {faultName} {sectionName} {strandName} is a anticline that was mapped at 1:340,000 scale. Geologic studies have determined that the structure has had movement in the last <150 years and has a slip rate of <0.2 mm/yr."
1764,fold_structure,anticline,"1:340,000",<150,0.2 - 1 mm/yr,"{faultZone} {faultName} {sectionName} {strandName} is a anticline that was mapped at 1:340,000 scale. Geologic studies have determined that the structure has had movement in the last <150 years and has a slip rate of 0.2 - 1 mm/yr."
1765,fold_structure,anticline,"1:340,000",<150,1 - 5 mm/yr,"{faultZone} {faultName} {sectionName} {strandName} is a anticline that was mapped at 1:340,000 scale. Geologic studies have determined that the structure has had movement in the last <150 years and has a slip rate of 1 - 5 mm/yr."
1766,fold_structure,anticline,"1:340,000",<150,unspecified,"{faultZone} {faultName} {sectionName} {strandName} is a anticline that was mapped at 1:340,000 scale. Geologic studies have determined that the structure has had movement in the last <150 years and has a slip rate of unspecified."
1767,fold_structure,anticline,"1:340,000",<150,Undetermined,"{faultZone} {faultName} {sectionName} {strandName} is a anticline that was mapped at 1:340,000 scale. Geologic studies have determined that the structure has had movement in the last <150 years and has a slip rate of Undetermined."
1768,fold_structure,anticline,"1:340,000",<150,>5 mm/yr,"{faultZone} {faultName} {sectionName} {strandName} is a anticline that was mapped at 1:340,000 scale. Geologic studies have determined that the structure has had movement in the last <150 years and has a slip rate of >5 mm/yr."
1769,fold_structure,anticline,"1:500,000","<15,000",<0.2 mm/yr,"{faultZone} {faultName} {sectionName} {strandName} is a anticline that was mapped at 1:500,000 scale. Geologic studies have determined that the structure has had movement in the last <15,000 years and has a slip rate of <0.2 mm/yr."
1770,fold_structure,anticline,"1:500,000","<15,000",0.2 - 1 mm/yr,"{faultZone} {faultName} {sectionName} {strandName} is a anticline that was mapped at 1:500,000 scale. Geologic studies have determined that the structure has had movement in the last <15,000 years and has a slip rate of 0.2 - 1 mm/yr."
1771,fold_structure,anticline,"1:500,000","<15,000",1 - 5 mm/yr,"{faultZone} {faultName} {sectionName} {strandName} is a anticline that was mapped at 1:500,000 scale. Geologic studies have determined that the structure has had movement in the last <15,000 years and has a slip rate of 1 - 5 mm/yr."
1772,fold_structure,anticline,"1:500,000","<15,000",unspecified,"{faultZone} {faultName} {sectionName} {strandName} is a anticline that was mapped at 1:500,000 scale. Geologic studies have determined that the structure has had movement in the last <15,000 years and has a slip rate of unspecified."
1773,fold_structure,anticline,"1:500,000","<15,000",Undetermined,"{faultZone} {faultName} {sectionName} {strandName} is a anticline that was mapped at 1:500,000 scale. Geologic studies have determined that the structure has had movement in the last <15,000 years and has a slip rate of Undetermined."
1774,fold_structure,anticline,"1:500,000","<15,000",>5 mm/yr,"{faultZone} {faultName} {sectionName} {strandName} is a anticline that was mapped at 1:500,000 scale. Geologic studies have determined that the structure has had movement in the last <15,000 years and has a slip rate of >5 mm/yr."
1775,fold_structure,anticline,"1:500,000","<2,600,000",<0.2 mm/yr,"{faultZone} {faultName} {sectionName} {strandName} is a anticline that was mapped at 1:500,000 scale. Geologic studies have determined that the structure has had movement in the last <2,600,000 years and has a slip rate of <0.2 mm/yr."
1776,fold_structure,anticline,"1:500,000","<2,600,000",0.2 - 1 mm/yr,"{faultZone} {faultName} {sectionName} {strandName} is a anticline that was mapped at 1:500,000 scale. Geologic studies have determined that the structure has had movement in the last <2,600,000 years and has a slip rate of 0.2 - 1 mm/yr."
1777,fold_structure,anticline,"1:500,000","<2,600,000",1 - 5 mm/yr,"{faultZone} {faultName} {sectionName} {strandName} is a anticline that was mapped at 1:500,000 scale. Geologic studies have determined that the structure has had movement in the last <2,600,000 years and has a slip rate of 1 - 5 mm/yr."
1778,fold_structure,anticline,"1:500,000","<2,600,000",unspecified,"{faultZone} {faultName} {sectionName} {strandName} is a anticline that was mapped at 1:500,000 scale. Geologic studies have determined that the structure has had movement in the last <2,600,000 years and has a slip rate of unspecified."
1779,fold_structure,anticline,"1:500,000","<2,600,000",Undetermined,"{faultZone} {faultName} {sectionName} {strandName} is a anticline that was mapped at 1:500,000 scale. Geologic studies have determined that the structure has had movement in the last <2,600,000 years and has a slip rate of Undetermined."
1780,fold_structure,anticline,"1:500,000","<2,600,000",>5 mm/yr,"{faultZone} {faultName} {sectionName} {strandName} is a anticline that was mapped at 1:500,000 scale. Geologic studies have determined that the structure has had movement in the last <2,600,000 years and has a slip rate of >5 mm/yr."
1781,fold_structure,anticline,"1:500,000","<130,000",<0.2 mm/yr,"{faultZone} {faultName} {sectionName} {strandName} is a anticline that was mapped at 1:500,000 scale. Geologic studies have determined that the structure has had movement in the last <130,000 years and has a slip rate of <0.2 mm/yr."
1782,fold_structure,anticline,"1:500,000","<130,000",0.2 - 1 mm/yr,"{faultZone} {faultName} {sectionName} {strandName} is a anticline that was mapped at 1:500,000 scale. Geologic studies have determined that the structure has had movement in the last <130,000 years and has a slip rate of 0.2 - 1 mm/yr."
1783,fold_structure,anticline,"1:500,000","<130,000",1 - 5 mm/yr,"{faultZone} {faultName} {sectionName} {strandName} is a anticline that was mapped at 1:500,000 scale. Geologic studies have determined that the structure has had movement in the last <130,000 years and has a slip rate of 1 - 5 mm/yr."
1784,fold_structure,anticline,"1:500,000","<130,000",unspecified,"{faultZone} {faultName} {sectionName} {strandName} is a anticline that was mapped at 1:500,000 scale. Geologic studies have determined that the structure has had movement in the last <130,000 years and has a slip rate of unspecified."
1785,fold_structure,anticline,"1:500,000","<130,000",Undetermined,"{faultZone} {faultName} {sectionName} {strandName} is a anticline that was mapped at 1:500,000 scale. Geologic studies have determined that the structure has had movement in the last <130,000 years and has a slip rate of Undetermined."
1786,fold_structure,anticline,"1:500,000","<130,000",>5 mm/yr,"{faultZone} {faultName} {sectionName} {strandName} is a anticline that was mapped at 1:500,000 scale. Geologic studies have determined that the structure has had movement in the last <130,000 years and has a slip rate of >5 mm/yr."
1787,fold_structure,anticline,"1:500,000","<750,000",<0.2 mm/yr,"{faultZone} {faultName} {sectionName} {strandName} is a anticline that was mapped at 1:500,000 scale. Geologic studies have determined that the structure has had movement in the last <750,000 years and has a slip rate of <0.2 mm/yr."
1788,fold_structure,anticline,"1:500,000","<750,000",0.2 - 1 mm/yr,"{faultZone} {faultName} {sectionName} {strandName} is a anticline that was mapped at 1:500,000 scale. Geologic studies have determined that the structure has had movement in the last <750,000 years and has a slip rate of 0.2 - 1 mm/yr."
1789,fold_structure,anticline,"1:500,000","<750,000",1 - 5 mm/yr,"{faultZone} {faultName} {sectionName} {strandName} is a anticline that was mapped at 1:500,000 scale. Geologic studies have determined that the structure has had movement in the last <750,000 years and has a slip rate of 1 - 5 mm/yr."
1790,fold_structure,anticline,"1:500,000","<750,000",unspecified,"{faultZone} {faultName} {sectionName} {strandName} is a anticline that was mapped at 1:500,000 scale. Geologic studies have determined that the structure has had movement in the last <750,000 years and has a slip rate of unspecified."
1791,fold_structure,anticline,"1:500,000","<750,000",Undetermined,"{faultZone} {faultName} {sectionName} {strandName} is a anticline that was mapped at 1:500,000 scale. Geologic studies have determined that the structure has had movement in the last <750,000 years and has a slip rate of Undetermined."
1792,fold_structure,anticline,"1:500,000","<750,000",>5 mm/yr,"{faultZone} {faultName} {sectionName} {strandName} is a anticline that was mapped at 1:500,000 scale. Geologic studies have determined that the structure has had movement in the last <750,000 years and has a slip rate of >5 mm/yr."
1793,fold_structure,anticline,"1:500,000",undetermined,<0.2 mm/yr,"{faultZone} {faultName} {sectionName} {strandName} is a anticline that was mapped at 1:500,000 scale. Geologic studies have determined that the structure has had movement in the last undetermined years and has a slip rate of <0.2 mm/yr."
1794,fold_structure,anticline,"1:500,000",undetermined,0.2 - 1 mm/yr,"{faultZone} {faultName} {sectionName} {strandName} is a anticline that was mapped at 1:500,000 scale. Geologic studies have determined that the structure has had movement in the last undetermined years and has a slip rate of 0.2 - 1 mm/yr."
1795,fold_structure,anticline,"1:500,000",undetermined,1 - 5 mm/yr,"{faultZone} {faultName} {sectionName} {strandName} is a anticline that was mapped at 1:500,000 scale. Geologic studies have determined that the structure has had movement in the last undetermined years and has a slip rate of 1 - 5 mm/yr."
1796,fold_structure,anticline,"1:500,000",undetermined,unspecified,"{faultZone} {faultName} {sectionName} {strandName} is a anticline that was mapped at 1:500,000 scale. Geologic studies have determined that the structure has had movement in the last undetermined years and has a slip rate of unspecified."
1797,fold_structure,anticline,"1:500,000",undetermined,Undetermined,"{faultZone} {faultName} {sectionName} {strandName} is a anticline that was mapped at 1:500,000 scale. Geologic studies have determined that the structure has had movement in the last undetermined years and has a slip rate of Undetermined."
1798,fold_structure,anticline,"1:500,000",undetermined,>5 mm/yr,"{faultZone} {faultName} {sectionName} {strandName} is a anticline that was mapped at 1:500,000 scale. Geologic studies have determined that the structure has had movement in the last undetermined years and has a slip rate of >5 mm/yr."
1799,fold_structure,anticline,"1:500,000",<150,<0.2 mm/yr,"{faultZone} {faultName} {sectionName} {strandName} is a anticline that was mapped at 1:500,000 scale. Geologic studies have determined that the structure has had movement in the last <150 years and has a slip rate of <0.2 mm/yr."
1800,fold_structure,anticline,"1:500,000",<150,0.2 - 1 mm/yr,"{faultZone} {faultName} {sectionName} {strandName} is a anticline that was mapped at 1:500,000 scale. Geologic studies have determined that the structure has had movement in the last <150 years and has a slip rate of 0.2 - 1 mm/yr."
1801,fold_structure,anticline,"1:500,000",<150,1 - 5 mm/yr,"{faultZone} {faultName} {sectionName} {strandName} is a anticline that was mapped at 1:500,000 scale. Geologic studies have determined that the structure has had movement in the last <150 years and has a slip rate of 1 - 5 mm/yr."
1802,fold_structure,anticline,"1:500,000",<150,unspecified,"{faultZone} {faultName} {sectionName} {strandName} is a anticline that was mapped at 1:500,000 scale. Geologic studies have determined that the structure has had movement in the last <150 years and has a slip rate of unspecified."
1803,fold_structure,anticline,"1:500,000",<150,Undetermined,"{faultZone} {faultName} {sectionName} {strandName} is a anticline that was mapped at 1:500,000 scale. Geologic studies have determined that the structure has had movement in the last <150 years and has a slip rate of Undetermined."
1804,fold_structure,anticline,"1:500,000",<150,>5 mm/yr,"{faultZone} {faultName} {sectionName} {strandName} is a anticline that was mapped at 1:500,000 scale. Geologic studies have determined that the structure has had movement in the last <150 years and has a slip rate of >5 mm/yr."
1805,fold_structure,anticline,"1:700,000","<15,000",<0.2 mm/yr,"{faultZone} {faultName} {sectionName} {strandName} is a anticline that was mapped at 1:700,000 scale. Geologic studies have determined that the structure has had movement in the last <15,000 years and has a slip rate of <0.2 mm/yr."
1806,fold_structure,anticline,"1:700,000","<15,000",0.2 - 1 mm/yr,"{faultZone} {faultName} {sectionName} {strandName} is a anticline that was mapped at 1:700,000 scale. Geologic studies have determined that the structure has had movement in the last <15,000 years and has a slip rate of 0.2 - 1 mm/yr."
1807,fold_structure,anticline,"1:700,000","<15,000",1 - 5 mm/yr,"{faultZone} {faultName} {sectionName} {strandName} is a anticline that was mapped at 1:700,000 scale. Geologic studies have determined that the structure has had movement in the last <15,000 years and has a slip rate of 1 - 5 mm/yr."
1808,fold_structure,anticline,"1:700,000","<15,000",unspecified,"{faultZone} {faultName} {sectionName} {strandName} is a anticline that was mapped at 1:700,000 scale. Geologic studies have determined that the structure has had movement in the last <15,000 years and has a slip rate of unspecified."
1809,fold_structure,anticline,"1:700,000","<15,000",Undetermined,"{faultZone} {faultName} {sectionName} {strandName} is a anticline that was mapped at 1:700,000 scale. Geologic studies have determined that the structure has had movement in the last <15,000 years and has a slip rate of Undetermined."
1810,fold_structure,anticline,"1:700,000","<15,000",>5 mm/yr,"{faultZone} {faultName} {sectionName} {strandName} is a anticline that was mapped at 1:700,000 scale. Geologic studies have determined that the structure has had movement in the last <15,000 years and has a slip rate of >5 mm/yr."
1811,fold_structure,anticline,"1:700,000","<2,600,000",<0.2 mm/yr,"{faultZone} {faultName} {sectionName} {strandName} is a anticline that was mapped at 1:700,000 scale. Geologic studies have determined that the structure has had movement in the last <2,600,000 years and has a slip rate of <0.2 mm/yr."
1812,fold_structure,anticline,"1:700,000","<2,600,000",0.2 - 1 mm/yr,"{faultZone} {faultName} {sectionName} {strandName} is a anticline that was mapped at 1:700,000 scale. Geologic studies have determined that the structure has had movement in the last <2,600,000 years and has a slip rate of 0.2 - 1 mm/yr."
1813,fold_structure,anticline,"1:700,000","<2,600,000",1 - 5 mm/yr,"{faultZone} {faultName} {sectionName} {strandName} is a anticline that was mapped at 1:700,000 scale. Geologic studies have determined that the structure has had movement in the last <2,600,000 years and has a slip rate of 1 - 5 mm/yr."
1814,fold_structure,anticline,"1:700,000","<2,600,000",unspecified,"{faultZone} {faultName} {sectionName} {strandName} is a anticline that was mapped at 1:700,000 scale. Geologic studies have determined that the structure has had movement in the last <2,600,000 years and has a slip rate of unspecified."
1815,fold_structure,anticline,"1:700,000","<2,600,000",Undetermined,"{faultZone} {faultName} {sectionName} {strandName} is a anticline that was mapped at 1:700,000 scale. Geologic studies have determined that the structure has had movement in the last <2,600,000 years and has a slip rate of Undetermined."
1816,fold_structure,anticline,"1:700,000","<2,600,000",>5 mm/yr,"{faultZone} {faultName} {sectionName} {strandName} is a anticline that was mapped at 1:700,000 scale. Geologic studies have determined that the structure has had movement in the last <2,600,000 years and has a slip rate of >5 mm/yr."
1817,fold_structure,anticline,"1:700,000","<130,000",<0.2 mm/yr,"{faultZone} {faultName} {sectionName} {strandName} is a anticline that was mapped at 1:700,000 scale. Geologic studies have determined that the structure has had movement in the last <130,000 years and has a slip rate of <0.2 mm/yr."
1818,fold_structure,anticline,"1:700,000","<130,000",0.2 - 1 mm/yr,"{faultZone} {faultName} {sectionName} {strandName} is a anticline that was mapped at 1:700,000 scale. Geologic studies have determined that the structure has had movement in the last <130,000 years and has a slip rate of 0.2 - 1 mm/yr."
1819,fold_structure,anticline,"1:700,000","<130,000",1 - 5 mm/yr,"{faultZone} {faultName} {sectionName} {strandName} is a anticline that was mapped at 1:700,000 scale. Geologic studies have determined that the structure has had movement in the last <130,000 years and has a slip rate of 1 - 5 mm/yr."
1820,fold_structure,anticline,"1:700,000","<130,000",unspecified,"{faultZone} {faultName} {sectionName} {strandName} is a anticline that was mapped at 1:700,000 scale. Geologic studies have determined that the structure has had movement in the last <130,000 years and has a slip rate of unspecified."
1821,fold_structure,anticline,"1:700,000","<130,000",Undetermined,"{faultZone} {faultName} {sectionName} {strandName} is a anticline that was mapped at 1:700,000 scale. Geologic studies have determined that the structure has had movement in the last <130,000 years and has a slip rate of Undetermined."
1822,fold_structure,anticline,"1:700,000","<130,000",>5 mm/yr,"{faultZone} {faultName} {sectionName} {strandName} is a anticline that was mapped at 1:700,000 scale. Geologic studies have determined that the structure has had movement in the last <130,000 years and has a slip rate of >5 mm/yr."
1823,fold_structure,anticline,"1:700,000","<750,000",<0.2 mm/yr,"{faultZone} {faultName} {sectionName} {strandName} is a anticline that was mapped at 1:700,000 scale. Geologic studies have determined that the structure has had movement in the last <750,000 years and has a slip rate of <0.2 mm/yr."
1824,fold_structure,anticline,"1:700,000","<750,000",0.2 - 1 mm/yr,"{faultZone} {faultName} {sectionName} {strandName} is a anticline that was mapped at 1:700,000 scale. Geologic studies have determined that the structure has had movement in the last <750,000 years and has a slip rate of 0.2 - 1 mm/yr."
1825,fold_structure,anticline,"1:700,000","<750,000",1 - 5 mm/yr,"{faultZone} {faultName} {sectionName} {strandName} is a anticline that was mapped at 1:700,000 scale. Geologic studies have determined that the structure has had movement in the last <750,000 years and has a slip rate of 1 - 5 mm/yr."
1826,fold_structure,anticline,"1:700,000","<750,000",unspecified,"{faultZone} {faultName} {sectionName} {strandName} is a anticline that was mapped at 1:700,000 scale. Geologic studies have determined that the structure has had movement in the last <750,000 years and has a slip rate of unspecified."
1827,fold_structure,anticline,"1:700,000","<750,000",Undetermined,"{faultZone} {faultName} {sectionName} {strandName} is a anticline that was mapped at 1:700,000 scale. Geologic studies have determined that the structure has had movement in the last <750,000 years and has a slip rate of Undetermined."
1828,fold_structure,anticline,"1:700,000","<750,000",>5 mm/yr,"{faultZone} {faultName} {sectionName} {strandName} is a anticline that was mapped at 1:700,000 scale. Geologic studies have determined that the structure has had movement in the last <750,000 years and has a slip rate of >5 mm/yr."
1829,fold_structure,anticline,"1:700,000",undetermined,<0.2 mm/yr,"{faultZone} {faultName} {sectionName} {strandName} is a anticline that was mapped at 1:700,000 scale. Geologic studies have determined that the structure has had movement in the last undetermined years and has a slip rate of <0.2 mm/yr."
1830,fold_structure,anticline,"1:700,000",undetermined,0.2 - 1 mm/yr,"{faultZone} {faultName} {sectionName} {strandName} is a anticline that was mapped at 1:700,000 scale. Geologic studies have determined that the structure has had movement in the last undetermined years and has a slip rate of 0.2 - 1 mm/yr."
1831,fold_structure,anticline,"1:700,000",undetermined,1 - 5 mm/yr,"{faultZone} {faultName} {sectionName} {strandName} is a anticline that was mapped at 1:700,000 scale. Geologic studies have determined that the structure has had movement in the last undetermined years and has a slip rate of 1 - 5 mm/yr."
1832,fold_structure,anticline,"1:700,000",undetermined,unspecified,"{faultZone} {faultName} {sectionName} {strandName} is a anticline that was mapped at 1:700,000 scale. Geologic studies have determined that the structure has had movement in the last undetermined years and has a slip rate of unspecified."
1833,fold_structure,anticline,"1:700,000",undetermined,Undetermined,"{faultZone} {faultName} {sectionName} {strandName} is a anticline that was mapped at 1:700,000 scale. Geologic studies have determined that the structure has had movement in the last undetermined years and has a slip rate of Undetermined."
1834,fold_structure,anticline,"1:700,000",undetermined,>5 mm/yr,"{faultZone} {faultName} {sectionName} {strandName} is a anticline that was mapped at 1:700,000 scale. Geologic studies have determined that the structure has had movement in the last undetermined years and has a slip rate of >5 mm/yr."
1835,fold_structure,anticline,"1:700,000",<150,<0.2 mm/yr,"{faultZone} {faultName} {sectionName} {strandName} is a anticline that was mapped at 1:700,000 scale. Geologic studies have determined that the structure has had movement in the last <150 years and has a slip rate of <0.2 mm/yr."
1836,fold_structure,anticline,"1:700,000",<150,0.2 - 1 mm/yr,"{faultZone} {faultName} {sectionName} {strandName} is a anticline that was mapped at 1:700,000 scale. Geologic studies have determined that the structure has had movement in the last <150 years and has a slip rate of 0.2 - 1 mm/yr."
1837,fold_structure,anticline,"1:700,000",<150,1 - 5 mm/yr,"{faultZone} {faultName} {sectionName} {strandName} is a anticline that was mapped at 1:700,000 scale. Geologic studies have determined that the structure has had movement in the last <150 years and has a slip rate of 1 - 5 mm/yr."
1838,fold_structure,anticline,"1:700,000",<150,unspecified,"{faultZone} {faultName} {sectionName} {strandName} is a anticline that was mapped at 1:700,000 scale. Geologic studies have determined that the structure has had movement in the last <150 years and has a slip rate of unspecified."
1839,fold_structure,anticline,"1:700,000",<150,Undetermined,"{faultZone} {faultName} {sectionName} {strandName} is a anticline that was mapped at 1:700,000 scale. Geologic studies have determined that the structure has had movement in the last <150 years and has a slip rate of Undetermined."
1840,fold_structure,anticline,"1:700,000",<150,>5 mm/yr,"{faultZone} {faultName} {sectionName} {strandName} is a anticline that was mapped at 1:700,000 scale. Geologic studies have determined that the structure has had movement in the last <150 years and has a slip rate of >5 mm/yr."
1841,fold_structure,anticline,"1:750,000","<15,000",<0.2 mm/yr,"{faultZone} {faultName} {sectionName} {strandName} is a anticline that was mapped at 1:750,000 scale. Geologic studies have determined that the structure has had movement in the last <15,000 years and has a slip rate of <0.2 mm/yr."
1842,fold_structure,anticline,"1:750,000","<15,000",0.2 - 1 mm/yr,"{faultZone} {faultName} {sectionName} {strandName} is a anticline that was mapped at 1:750,000 scale. Geologic studies have determined that the structure has had movement in the last <15,000 years and has a slip rate of 0.2 - 1 mm/yr."
1843,fold_structure,anticline,"1:750,000","<15,000",1 - 5 mm/yr,"{faultZone} {faultName} {sectionName} {strandName} is a anticline that was mapped at 1:750,000 scale. Geologic studies have determined that the structure has had movement in the last <15,000 years and has a slip rate of 1 - 5 mm/yr."
1844,fold_structure,anticline,"1:750,000","<15,000",unspecified,"{faultZone} {faultName} {sectionName} {strandName} is a anticline that was mapped at 1:750,000 scale. Geologic studies have determined that the structure has had movement in the last <15,000 years and has a slip rate of unspecified."
1845,fold_structure,anticline,"1:750,000","<15,000",Undetermined,"{faultZone} {faultName} {sectionName} {strandName} is a anticline that was mapped at 1:750,000 scale. Geologic studies have determined that the structure has had movement in the last <15,000 years and has a slip rate of Undetermined."
1846,fold_structure,anticline,"1:750,000","<15,000",>5 mm/yr,"{faultZone} {faultName} {sectionName} {strandName} is a anticline that was mapped at 1:750,000 scale. Geologic studies have determined that the structure has had movement in the last <15,000 years and has a slip rate of >5 mm/yr."
1847,fold_structure,anticline,"1:750,000","<2,600,000",<0.2 mm/yr,"{faultZone} {faultName} {sectionName} {strandName} is a anticline that was mapped at 1:750,000 scale. Geologic studies have determined that the structure has had movement in the last <2,600,000 years and has a slip rate of <0.2 mm/yr."
1848,fold_structure,anticline,"1:750,000","<2,600,000",0.2 - 1 mm/yr,"{faultZone} {faultName} {sectionName} {strandName} is a anticline that was mapped at 1:750,000 scale. Geologic studies have determined that the structure has had movement in the last <2,600,000 years and has a slip rate of 0.2 - 1 mm/yr."
1849,fold_structure,anticline,"1:750,000","<2,600,000",1 - 5 mm/yr,"{faultZone} {faultName} {sectionName} {strandName} is a anticline that was mapped at 1:750,000 scale. Geologic studies have determined that the structure has had movement in the last <2,600,000 years and has a slip rate of 1 - 5 mm/yr."
1850,fold_structure,anticline,"1:750,000","<2,600,000",unspecified,"{faultZone} {faultName} {sectionName} {strandName} is a anticline that was mapped at 1:750,000 scale. Geologic studies have determined that the structure has had movement in the last <2,600,000 years and has a slip rate of unspecified."
1851,fold_structure,anticline,"1:750,000","<2,600,000",Undetermined,"{faultZone} {faultName} {sectionName} {strandName} is a anticline that was mapped at 1:750,000 scale. Geologic studies have determined that the structure has had movement in the last <2,600,000 years and has a slip rate of Undetermined."
1852,fold_structure,anticline,"1:750,000","<2,600,000",>5 mm/yr,"{faultZone} {faultName} {sectionName} {strandName} is a anticline that was mapped at 1:750,000 scale. Geologic studies have determined that the structure has had movement in the last <2,600,000 years and has a slip rate of >5 mm/yr."
1853,fold_structure,anticline,"1:750,000","<130,000",<0.2 mm/yr,"{faultZone} {faultName} {sectionName} {strandName} is a anticline that was mapped at 1:750,000 scale. Geologic studies have determined that the structure has had movement in the last <130,000 years and has a slip rate of <0.2 mm/yr."
1854,fold_structure,anticline,"1:750,000","<130,000",0.2 - 1 mm/yr,"{faultZone} {faultName} {sectionName} {strandName} is a anticline that was mapped at 1:750,000 scale. Geologic studies have determined that the structure has had movement in the last <130,000 years and has a slip rate of 0.2 - 1 mm/yr."
1855,fold_structure,anticline,"1:750,000","<130,000",1 - 5 mm/yr,"{faultZone} {faultName} {sectionName} {strandName} is a anticline that was mapped at 1:750,000 scale. Geologic studies have determined that the structure has had movement in the last <130,000 years and has a slip rate of 1 - 5 mm/yr."
1856,fold_structure,anticline,"1:750,000","<130,000",unspecified,"{faultZone} {faultName} {sectionName} {strandName} is a anticline that was mapped at 1:750,000 scale. Geologic studies have determined that the structure has had movement in the last <130,000 years and has a slip rate of unspecified."
1857,fold_structure,anticline,"1:750,000","<130,000",Undetermined,"{faultZone} {faultName} {sectionName} {strandName} is a anticline that was mapped at 1:750,000 scale. Geologic studies have determined that the structure has had movement in the last <130,000 years and has a slip rate of Undetermined."
1858,fold_structure,anticline,"1:750,000","<130,000",>5 mm/yr,"{faultZone} {faultName} {sectionName} {strandName} is a anticline that was mapped at 1:750,000 scale. Geologic studies have determined that the structure has had movement in the last <130,000 years and has a slip rate of >5 mm/yr."
1859,fold_structure,anticline,"1:750,000","<750,000",<0.2 mm/yr,"{faultZone} {faultName} {sectionName} {strandName} is a anticline that was mapped at 1:750,000 scale. Geologic studies have determined that the structure has had movement in the last <750,000 years and has a slip rate of <0.2 mm/yr."
1860,fold_structure,anticline,"1:750,000","<750,000",0.2 - 1 mm/yr,"{faultZone} {faultName} {sectionName} {strandName} is a anticline that was mapped at 1:750,000 scale. Geologic studies have determined that the structure has had movement in the last <750,000 years and has a slip rate of 0.2 - 1 mm/yr."
1861,fold_structure,anticline,"1:750,000","<750,000",1 - 5 mm/yr,"{faultZone} {faultName} {sectionName} {strandName} is a anticline that was mapped at 1:750,000 scale. Geologic studies have determined that the structure has had movement in the last <750,000 years and has a slip rate of 1 - 5 mm/yr."
1862,fold_structure,anticline,"1:750,000","<750,000",unspecified,"{faultZone} {faultName} {sectionName} {strandName} is a anticline that was mapped at 1:750,000 scale. Geologic studies have determined that the structure has had movement in the last <750,000 years and has a slip rate of unspecified."
1863,fold_structure,anticline,"1:750,000","<750,000",Undetermined,"{faultZone} {faultName} {sectionName} {strandName} is a anticline that was mapped at 1:750,000 scale. Geologic studies have determined that the structure has had movement in the last <750,000 years and has a slip rate of Undetermined."
1864,fold_structure,anticline,"1:750,000","<750,000",>5 mm/yr,"{faultZone} {faultName} {sectionName} {strandName} is a anticline that was mapped at 1:750,000 scale. Geologic studies have determined that the structure has had movement in the last <750,000 years and has a slip rate of >5 mm/yr."
1865,fold_structure,anticline,"1:750,000",undetermined,<0.2 mm/yr,"{faultZone} {faultName} {sectionName} {strandName} is a anticline that was mapped at 1:750,000 scale. Geologic studies have determined that the structure has had movement in the last undetermined years and has a slip rate of <0.2 mm/yr."
1866,fold_structure,anticline,"1:750,000",undetermined,0.2 - 1 mm/yr,"{faultZone} {faultName} {sectionName} {strandName} is a anticline that was mapped at 1:750,000 scale. Geologic studies have determined that the structure has had movement in the last undetermined years and has a slip rate of 0.2 - 1 mm/yr."
1867,fold_structure,anticline,"1:750,000",undetermined,1 - 5 mm/yr,"{faultZone} {faultName} {sectionName} {strandName} is a anticline that was mapped at 1:750,000 scale. Geologic studies have determined that the structure has had movement in the last undetermined years and has a slip rate of 1 - 5 mm/yr."
1868,fold_structure,anticline,"1:750,000",undetermined,unspecified,"{faultZone} {faultName} {sectionName} {strandName} is a anticline that was mapped at 1:750,000 scale. Geologic studies have determined that the structure has had movement in the last undetermined years and has a slip rate of unspecified."
1869,fold_structure,anticline,"1:750,000",undetermined,Undetermined,"{faultZone} {faultName} {sectionName} {strandName} is a anticline that was mapped at 1:750,000 scale. Geologic studies have determined that the structure has had movement in the last undetermined years and has a slip rate of Undetermined."
1870,fold_structure,anticline,"1:750,000",undetermined,>5 mm/yr,"{faultZone} {faultName} {sectionName} {strandName} is a anticline that was mapped at 1:750,000 scale. Geologic studies have determined that the structure has had movement in the last undetermined years and has a slip rate of >5 mm/yr."
1871,fold_structure,anticline,"1:750,000",<150,<0.2 mm/yr,"{faultZone} {faultName} {sectionName} {strandName} is a anticline that was mapped at 1:750,000 scale. Geologic studies have determined that the structure has had movement in the last <150 years and has a slip rate of <0.2 mm/yr."
1872,fold_structure,anticline,"1:750,000",<150,0.2 - 1 mm/yr,"{faultZone} {faultName} {sectionName} {strandName} is a anticline that was mapped at 1:750,000 scale. Geologic studies have determined that the structure has had movement in the last <150 years and has a slip rate of 0.2 - 1 mm/yr."
1873,fold_structure,anticline,"1:750,000",<150,1 - 5 mm/yr,"{faultZone} {faultName} {sectionName} {strandName} is a anticline that was mapped at 1:750,000 scale. Geologic studies have determined that the structure has had movement in the last <150 years and has a slip rate of 1 - 5 mm/yr."
1874,fold_structure,anticline,"1:750,000",<150,unspecified,"{faultZone} {faultName} {sectionName} {strandName} is a anticline that was mapped at 1:750,000 scale. Geologic studies have determined that the structure has had movement in the last <150 years and has a slip rate of unspecified."
1875,fold_structure,anticline,"1:750,000",<150,Undetermined,"{faultZone} {faultName} {sectionName} {strandName} is a anticline that was mapped at 1:750,000 scale. Geologic studies have determined that the structure has had movement in the last <150 years and has a slip rate of Undetermined."
1876,fold_structure,anticline,"1:750,000",<150,>5 mm/yr,"{faultZone} {faultName} {sectionName} {strandName} is a anticline that was mapped at 1:750,000 scale. Geologic studies have determined that the structure has had movement in the last <150 years and has a slip rate of >5 mm/yr."
1877,known_age,reverse,"1:10,000","<15,000",<0.2 mm/yr,"{faultZone} {faultName} {sectionName} {strandName} is a reverse fault that was mapped at 1:10,000 scale. Geologic studies have determined that the fault has had movement in the last <15,000 years and has a slip rate of <0.2 mm/yr."
1878,known_age,reverse,"1:10,000","<15,000",0.2 - 1 mm/yr,"{faultZone} {faultName} {sectionName} {strandName} is a reverse fault that was mapped at 1:10,000 scale. Geologic studies have determined that the fault has had movement in the last <15,000 years and has a slip rate of 0.2 - 1 mm/yr."
1879,known_age,reverse,"1:10,000","<15,000",1 - 5 mm/yr,"{faultZone} {faultName} {sectionName} {strandName} is a reverse fault that was mapped at 1:10,000 scale. Geologic studies have determined that the fault has had movement in the last <15,000 years and has a slip rate of 1 - 5 mm/yr."
1880,known_age,reverse,"1:10,000","<15,000",unspecified,"{faultZone} {faultName} {sectionName} {strandName} is a reverse fault that was mapped at 1:10,000 scale. Geologic studies have determined that the fault has had movement in the last <15,000 years and has a slip rate of unspecified."
1881,known_age,reverse,"1:10,000","<15,000",Undetermined,"{faultZone} {faultName} {sectionName} {strandName} is a reverse fault that was mapped at 1:10,000 scale. Geologic studies have determined that the fault has had movement in the last <15,000 years and has a slip rate of Undetermined."
1882,known_age,reverse,"1:10,000","<15,000",>5 mm/yr,"{faultZone} {faultName} {sectionName} {strandName} is a reverse fault that was mapped at 1:10,000 scale. Geologic studies have determined that the fault has had movement in the last <15,000 years and has a slip rate of >5 mm/yr."
1883,known_age,reverse,"1:10,000","<2,600,000",<0.2 mm/yr,"{faultZone} {faultName} {sectionName} {strandName} is a reverse fault that was mapped at 1:10,000 scale. Geologic studies have determined that the fault has had movement in the last <2,600,000 years and has a slip rate of <0.2 mm/yr."
1884,known_age,reverse,"1:10,000","<2,600,000",0.2 - 1 mm/yr,"{faultZone} {faultName} {sectionName} {strandName} is a reverse fault that was mapped at 1:10,000 scale. Geologic studies have determined that the fault has had movement in the last <2,600,000 years and has a slip rate of 0.2 - 1 mm/yr."
1885,known_age,reverse,"1:10,000","<2,600,000",1 - 5 mm/yr,"{faultZone} {faultName} {sectionName} {strandName} is a reverse fault that was mapped at 1:10,000 scale. Geologic studies have determined that the fault has had movement in the last <2,600,000 years and has a slip rate of 1 - 5 mm/yr."
1886,known_age,reverse,"1:10,000","<2,600,000",unspecified,"{faultZone} {faultName} {sectionName} {strandName} is a reverse fault that was mapped at 1:10,000 scale. Geologic studies have determined that the fault has had movement in the last <2,600,000 years and has a slip rate of unspecified."
1887,known_age,reverse,"1:10,000","<2,600,000",Undetermined,"{faultZone} {faultName} {sectionName} {strandName} is a reverse fault that was mapped at 1:10,000 scale. Geologic studies have determined that the fault has had movement in the last <2,600,000 years and has a slip rate of Undetermined."
1888,known_age,reverse,"1:10,000","<2,600,000",>5 mm/yr,"{faultZone} {faultName} {sectionName} {strandName} is a reverse fault that was mapped at 1:10,000 scale. Geologic studies have determined that the fault has had movement in the last <2,600,000 years and has a slip rate of >5 mm/yr."
1889,known_age,reverse,"1:10,000","<130,000",<0.2 mm/yr,"{faultZone} {faultName} {sectionName} {strandName} is a reverse fault that was mapped at 1:10,000 scale. Geologic studies have determined that the fault has had movement in the last <130,000 years and has a slip rate of <0.2 mm/yr."
1890,known_age,reverse,"1:10,000","<130,000",0.2 - 1 mm/yr,"{faultZone} {faultName} {sectionName} {strandName} is a reverse fault that was mapped at 1:10,000 scale. Geologic studies have determined that the fault has had movement in the last <130,000 years and has a slip rate of 0.2 - 1 mm/yr."
1891,known_age,reverse,"1:10,000","<130,000",1 - 5 mm/yr,"{faultZone} {faultName} {sectionName} {strandName} is a reverse fault that was mapped at 1:10,000 scale. Geologic studies have determined that the fault has had movement in the last <130,000 years and has a slip rate of 1 - 5 mm/yr."
1892,known_age,reverse,"1:10,000","<130,000",unspecified,"{faultZone} {faultName} {sectionName} {strandName} is a reverse fault that was mapped at 1:10,000 scale. Geologic studies have determined that the fault has had movement in the last <130,000 years and has a slip rate of unspecified."
1893,known_age,reverse,"1:10,000","<130,000",Undetermined,"{faultZone} {faultName} {sectionName} {strandName} is a reverse fault that was mapped at 1:10,000 scale. Geologic studies have determined that the fault has had movement in the last <130,000 years and has a slip rate of Undetermined."
1894,known_age,reverse,"1:10,000","<130,000",>5 mm/yr,"{faultZone} {faultName} {sectionName} {strandName} is a reverse fault that was mapped at 1:10,000 scale. Geologic studies have determined that the fault has had movement in the last <130,000 years and has a slip rate of >5 mm/yr."
1895,known_age,reverse,"1:10,000","<750,000",<0.2 mm/yr,"{faultZone} {faultName} {sectionName} {strandName} is a reverse fault that was mapped at 1:10,000 scale. Geologic studies have determined that the fault has had movement in the last <750,000 years and has a slip rate of <0.2 mm/yr."
1896,known_age,reverse,"1:10,000","<750,000",0.2 - 1 mm/yr,"{faultZone} {faultName} {sectionName} {strandName} is a reverse fault that was mapped at 1:10,000 scale. Geologic studies have determined that the fault has had movement in the last <750,000 years and has a slip rate of 0.2 - 1 mm/yr."
1897,known_age,reverse,"1:10,000","<750,000",1 - 5 mm/yr,"{faultZone} {faultName} {sectionName} {strandName} is a reverse fault that was mapped at 1:10,000 scale. Geologic studies have determined that the fault has had movement in the last <750,000 years and has a slip rate of 1 - 5 mm/yr."
1898,known_age,reverse,"1:10,000","<750,000",unspecified,"{faultZone} {faultName} {sectionName} {strandName} is a reverse fault that was mapped at 1:10,000 scale. Geologic studies have determined that the fault has had movement in the last <750,000 years and has a slip rate of unspecified."
1899,known_age,reverse,"1:10,000","<750,000",Undetermined,"{faultZone} {faultName} {sectionName} {strandName} is a reverse fault that was mapped at 1:10,000 scale. Geologic studies have determined that the fault has had movement in the last <750,000 years and has a slip rate of Undetermined."
1900,known_age,reverse,"1:10,000","<750,000",>5 mm/yr,"{faultZone} {faultName} {sectionName} {strandName} is a reverse fault that was mapped at 1:10,000 scale. Geologic studies have determined that the fault has had movement in the last <750,000 years and has a slip rate of >5 mm/yr."
1901,undetermined_age,reverse,"1:10,000",undetermined,,"{faultZone} {faultName} {sectionName} {strandName} is a reverse fault that was mapped at 1:10,000 scale. Geologic studies have not determined the age or slip rate of the fault."
1902,known_age,reverse,"1:10,000",<150,<0.2 mm/yr,"{faultZone} {faultName} {sectionName} {strandName} is a reverse fault that was mapped at 1:10,000 scale. Geologic studies have determined that the fault has had movement in the last <150 years and has a slip rate of <0.2 mm/yr."
1903,known_age,reverse,"1:10,000",<150,0.2 - 1 mm/yr,"{faultZone} {faultName} {sectionName} {strandName} is a reverse fault that was mapped at 1:10,000 scale. Geologic studies have determined that the fault has had movement in the last <150 years and has a slip rate of 0.2 - 1 mm/yr."
1904,known_age,reverse,"1:10,000",<150,1 - 5 mm/yr,"{faultZone} {faultName} {sectionName} {strandName} is a reverse fault that was mapped at 1:10,000 scale. Geologic studies have determined that the fault has had movement in the last <150 years and has a slip rate of 1 - 5 mm/yr."
1905,known_age,reverse,"1:10,000",<150,unspecified,"{faultZone} {faultName} {sectionName} {strandName} is a reverse fault that was mapped at 1:10,000 scale. Geologic studies have determined that the fault has had movement in the last <150 years and has a slip rate of unspecified."
1906,known_age,reverse,"1:10,000",<150,Undetermined,"{faultZone} {faultName} {sectionName} {strandName} is a reverse fault that was mapped at 1:10,000 scale. Geologic studies have determined that the fault has had movement in the last <150 years and has a slip rate of Undetermined."
1907,known_age,reverse,"1:10,000",<150,>5 mm/yr,"{faultZone} {faultName} {sectionName} {strandName} is a reverse fault that was mapped at 1:10,000 scale. Geologic studies have determined that the fault has had movement in the last <150 years and has a slip rate of >5 mm/yr."
1908,known_age,reverse,"1:24,000","<15,000",<0.2 mm/yr,"{faultZone} {faultName} {sectionName} {strandName} is a reverse fault that was mapped at 1:24,000 scale. Geologic studies have determined that the fault has had movement in the last <15,000 years and has a slip rate of <0.2 mm/yr."
1909,known_age,reverse,"1:24,000","<15,000",0.2 - 1 mm/yr,"{faultZone} {faultName} {sectionName} {strandName} is a reverse fault that was mapped at 1:24,000 scale. Geologic studies have determined that the fault has had movement in the last <15,000 years and has a slip rate of 0.2 - 1 mm/yr."
1910,known_age,reverse,"1:24,000","<15,000",1 - 5 mm/yr,"{faultZone} {faultName} {sectionName} {strandName} is a reverse fault that was mapped at 1:24,000 scale. Geologic studies have determined that the fault has had movement in the last <15,000 years and has a slip rate of 1 - 5 mm/yr."
1911,known_age,reverse,"1:24,000","<15,000",unspecified,"{faultZone} {faultName} {sectionName} {strandName} is a reverse fault that was mapped at 1:24,000 scale. Geologic studies have determined that the fault has had movement in the last <15,000 years and has a slip rate of unspecified."
1912,known_age,reverse,"1:24,000","<15,000",Undetermined,"{faultZone} {faultName} {sectionName} {strandName} is a reverse fault that was mapped at 1:24,000 scale. Geologic studies have determined that the fault has had movement in the last <15,000 years and has a slip rate of Undetermined."
1913,known_age,reverse,"1:24,000","<15,000",>5 mm/yr,"{faultZone} {faultName} {sectionName} {strandName} is a reverse fault that was mapped at 1:24,000 scale. Geologic studies have determined that the fault has had movement in the last <15,000 years and has a slip rate of >5 mm/yr."
1914,known_age,reverse,"1:24,000","<2,600,000",<0.2 mm/yr,"{faultZone} {faultName} {sectionName} {strandName} is a reverse fault that was mapped at 1:24,000 scale. Geologic studies have determined that the fault has had movement in the last <2,600,000 years and has a slip rate of <0.2 mm/yr."
1915,known_age,reverse,"1:24,000","<2,600,000",0.2 - 1 mm/yr,"{faultZone} {faultName} {sectionName} {strandName} is a reverse fault that was mapped at 1:24,000 scale. Geologic studies have determined that the fault has had movement in the last <2,600,000 years and has a slip rate of 0.2 - 1 mm/yr."
1916,known_age,reverse,"1:24,000","<2,600,000",1 - 5 mm/yr,"{faultZone} {faultName} {sectionName} {strandName} is a reverse fault that was mapped at 1:24,000 scale. Geologic studies have determined that the fault has had movement in the last <2,600,000 years and has a slip rate of 1 - 5 mm/yr."
1917,known_age,reverse,"1:24,000","<2,600,000",unspecified,"{faultZone} {faultName} {sectionName} {strandName} is a reverse fault that was mapped at 1:24,000 scale. Geologic studies have determined that the fault has had movement in the last <2,600,000 years and has a slip rate of unspecified."
1918,known_age,reverse,"1:24,000","<2,600,000",Undetermined,"{faultZone} {faultName} {sectionName} {strandName} is a reverse fault that was mapped at 1:24,000 scale. Geologic studies have determined that the fault has had movement in the last <2,600,000 years and has a slip rate of Undetermined."
1919,known_age,reverse,"1:24,000","<2,600,000",>5 mm/yr,"{faultZone} {faultName} {sectionName} {strandName} is a reverse fault that was mapped at 1:24,000 scale. Geologic studies have determined that the fault has had movement in the last <2,600,000 years and has a slip rate of >5 mm/yr."
1920,known_age,reverse,"1:24,000","<130,000",<0.2 mm/yr,"{faultZone} {faultName} {sectionName} {strandName} is a reverse fault that was mapped at 1:24,000 scale. Geologic studies have determined that the fault has had movement in the last <130,000 years and has a slip rate of <0.2 mm/yr."
1921,known_age,reverse,"1:24,000","<130,000",0.2 - 1 mm/yr,"{faultZone} {faultName} {sectionName} {strandName} is a reverse fault that was mapped at 1:24,000 scale. Geologic studies have determined that the fault has had movement in the last <130,000 years and has a slip rate of 0.2 - 1 mm/yr."
1922,known_age,reverse,"1:24,000","<130,000",1 - 5 mm/yr,"{faultZone} {faultName} {sectionName} {strandName} is a reverse fault that was mapped at 1:24,000 scale. Geologic studies have determined that the fault has had movement in the last <130,000 years and has a slip rate of 1 - 5 mm/yr."
1923,known_age,reverse,"1:24,000","<130,000",unspecified,"{faultZone} {faultName} {sectionName} {strandName} is a reverse fault that was mapped at 1:24,000 scale. Geologic studies have determined that the fault has had movement in the last <130,000 years and has a slip rate of unspecified."
1924,known_age,reverse,"1:24,000","<130,000",Undetermined,"{faultZone} {faultName} {sectionName} {strandName} is a reverse fault that was mapped at 1:24,000 scale. Geologic studies have determined that the fault has had movement in the last <130,000 years and has a slip rate of Undetermined."
1925,known_age,reverse,"1:24,000","<130,000",>5 mm/yr,"{faultZone} {faultName} {sectionName} {strandName} is a reverse fault that was mapped at 1:24,000 scale. Geologic studies have determined that the fault has had movement in the last <130,000 years and has a slip rate of >5 mm/yr."
1926,known_age,reverse,"1:24,000","<750,000",<0.2 mm/yr,"{faultZone} {faultName} {sectionName} {strandName} is a reverse fault that was mapped at 1:24,000 scale. Geologic studies have determined that the fault has had movement in the last <750,000 years and has a slip rate of <0.2 mm/yr."
1927,known_age,reverse,"1:24,000","<750,000",0.2 - 1 mm/yr,"{faultZone} {faultName} {sectionName} {strandName} is a reverse fault that was mapped at 1:24,000 scale. Geologic studies have determined that the fault has had movement in the last <750,000 years and has a slip rate of 0.2 - 1 mm/yr."
1928,known_age,reverse,"1:24,000","<750,000",1 - 5 mm/yr,"{faultZone} {faultName} {sectionName} {strandName} is a reverse fault that was mapped at 1:24,000 scale. Geologic studies have determined that the fault has had movement in the last <750,000 years and has a slip rate of 1 - 5 mm/yr."
1929,known_age,reverse,"1:24,000","<750,000",unspecified,"{faultZone} {faultName} {sectionName} {strandName} is a reverse fault that was mapped at 1:24,000 scale. Geologic studies have determined that the fault has had movement in the last <750,000 years and has a slip rate of unspecified."
1930,known_age,reverse,"1:24,000","<750,000",Undetermined,"{faultZone} {faultName} {sectionName} {strandName} is a reverse fault that was mapped at 1:24,000 scale. Geologic studies have determined that the fault has had movement in the last <750,000 years and has a slip rate of Undetermined."
1931,known_age,reverse,"1:24,000","<750,000",>5 mm/yr,"{faultZone} {faultName} {sectionName} {strandName} is a reverse fault that was mapped at 1:24,000 scale. Geologic studies have determined that the fault has had movement in the last <750,000 years and has a slip rate of >5 mm/yr."
1932,undetermined_age,reverse,"1:24,000",undetermined,,"{faultZone} {faultName} {sectionName} {strandName} is a reverse fault that was mapped at 1:24,000 scale. Geologic studies have not determined the age or slip rate of the fault."
1933,known_age,reverse,"1:24,000",<150,<0.2 mm/yr,"{faultZone} {faultName} {sectionName} {strandName} is a reverse fault that was mapped at 1:24,000 scale. Geologic studies have determined that the fault has had movement in the last <150 years and has a slip rate of <0.2 mm/yr."
1934,known_age,reverse,"1:24,000",<150,0.2 - 1 mm/yr,"{faultZone} {faultName} {sectionName} {strandName} is a reverse fault that was mapped at 1:24,000 scale. Geologic studies have determined that the fault has had movement in the last <150 years and has a slip rate of 0.2 - 1 mm/yr."
1935,known_age,reverse,"1:24,000",<150,1 - 5 mm/yr,"{faultZone} {faultName} {sectionName} {strandName} is a reverse fault that was mapped at 1:24,000 scale. Geologic studies have determined that the fault has had movement in the last <150 years and has a slip rate of 1 - 5 mm/yr."
1936,known_age,reverse,"1:24,000",<150,unspecified,"{faultZone} {faultName} {sectionName} {strandName} is a reverse fault that was mapped at 1:24,000 scale. Geologic studies have determined that the fault has had movement in the last <150 years and has a slip rate of unspecified."
1937,known_age,reverse,"1:24,000",<150,Undetermined,"{faultZone} {faultName} {sectionName} {strandName} is a reverse fault that was mapped at 1:24,000 scale. Geologic studies have determined that the fault has had movement in the last <150 years and has a slip rate of Undetermined."
1938,known_age,reverse,"1:24,000",<150,>5 mm/yr,"{faultZone} {faultName} {sectionName} {strandName} is a reverse fault that was mapped at 1:24,000 scale. Geologic studies have determined that the fault has had movement in the last <150 years and has a slip rate of >5 mm/yr."
1939,known_age,reverse,"1:100,000","<15,000",<0.2 mm/yr,"{faultZone} {faultName} {sectionName} {strandName} is a reverse fault that was mapped at 1:100,000 scale. Geologic studies have determined that the fault has had movement in the last <15,000 years and has a slip rate of <0.2 mm/yr."
1940,known_age,reverse,"1:100,000","<15,000",0.2 - 1 mm/yr,"{faultZone} {faultName} {sectionName} {strandName} is a reverse fault that was mapped at 1:100,000 scale. Geologic studies have determined that the fault has had movement in the last <15,000 years and has a slip rate of 0.2 - 1 mm/yr."
1941,known_age,reverse,"1:100,000","<15,000",1 - 5 mm/yr,"{faultZone} {faultName} {sectionName} {strandName} is a reverse fault that was mapped at 1:100,000 scale. Geologic studies have determined that the fault has had movement in the last <15,000 years and has a slip rate of 1 - 5 mm/yr."
1942,known_age,reverse,"1:100,000","<15,000",unspecified,"{faultZone} {faultName} {sectionName} {strandName} is a reverse fault that was mapped at 1:100,000 scale. Geologic studies have determined that the fault has had movement in the last <15,000 years and has a slip rate of unspecified."
1943,known_age,reverse,"1:100,000","<15,000",Undetermined,"{faultZone} {faultName} {sectionName} {strandName} is a reverse fault that was mapped at 1:100,000 scale. Geologic studies have determined that the fault has had movement in the last <15,000 years and has a slip rate of Undetermined."
1944,known_age,reverse,"1:100,000","<15,000",>5 mm/yr,"{faultZone} {faultName} {sectionName} {strandName} is a reverse fault that was mapped at 1:100,000 scale. Geologic studies have determined that the fault has had movement in the last <15,000 years and has a slip rate of >5 mm/yr."
1945,known_age,reverse,"1:100,000","<2,600,000",<0.2 mm/yr,"{faultZone} {faultName} {sectionName} {strandName} is a reverse fault that was mapped at 1:100,000 scale. Geologic studies have determined that the fault has had movement in the last <2,600,000 years and has a slip rate of <0.2 mm/yr."
1946,known_age,reverse,"1:100,000","<2,600,000",0.2 - 1 mm/yr,"{faultZone} {faultName} {sectionName} {strandName} is a reverse fault that was mapped at 1:100,000 scale. Geologic studies have determined that the fault has had movement in the last <2,600,000 years and has a slip rate of 0.2 - 1 mm/yr."
1947,known_age,reverse,"1:100,000","<2,600,000",1 - 5 mm/yr,"{faultZone} {faultName} {sectionName} {strandName} is a reverse fault that was mapped at 1:100,000 scale. Geologic studies have determined that the fault has had movement in the last <2,600,000 years and has a slip rate of 1 - 5 mm/yr."
1948,known_age,reverse,"1:100,000","<2,600,000",unspecified,"{faultZone} {faultName} {sectionName} {strandName} is a reverse fault that was mapped at 1:100,000 scale. Geologic studies have determined that the fault has had movement in the last <2,600,000 years and has a slip rate of unspecified."
1949,known_age,reverse,"1:100,000","<2,600,000",Undetermined,"{faultZone} {faultName} {sectionName} {strandName} is a reverse fault that was mapped at 1:100,000 scale. Geologic studies have determined that the fault has had movement in the last <2,600,000 years and has a slip rate of Undetermined."
1950,known_age,reverse,"1:100,000","<2,600,000",>5 mm/yr,"{faultZone} {faultName} {sectionName} {strandName} is a reverse fault that was mapped at 1:100,000 scale. Geologic studies have determined that the fault has had movement in the last <2,600,000 years and has a slip rate of >5 mm/yr."
1951,known_age,reverse,"1:100,000","<130,000",<0.2 mm/yr,"{faultZone} {faultName} {sectionName} {strandName} is a reverse fault that was mapped at 1:100,000 scale. Geologic studies have determined that the fault has had movement in the last <130,000 years and has a slip rate of <0.2 mm/yr."
1952,known_age,reverse,"1:100,000","<130,000",0.2 - 1 mm/yr,"{faultZone} {faultName} {sectionName} {strandName} is a reverse fault that was mapped at 1:100,000 scale. Geologic studies have determined that the fault has had movement in the last <130,000 years and has a slip rate of 0.2 - 1 mm/yr."
1953,known_age,reverse,"1:100,000","<130,000",1 - 5 mm/yr,"{faultZone} {faultName} {sectionName} {strandName} is a reverse fault that was mapped at 1:100,000 scale. Geologic studies have determined that the fault has had movement in the last <130,000 years and has a slip rate of 1 - 5 mm/yr."
1954,known_age,reverse,"1:100,000","<130,000",unspecified,"{faultZone} {faultName} {sectionName} {strandName} is a reverse fault that was mapped at 1:100,000 scale. Geologic studies have determined that the fault has had movement in the last <130,000 years and has a slip rate of unspecified."
1955,known_age,reverse,"1:100,000","<130,000",Undetermined,"{faultZone} {faultName} {sectionName} {strandName} is a reverse fault that was mapped at 1:100,000 scale. Geologic studies have determined that the fault has had movement in the last <130,000 years and has a slip rate of Undetermined."
1956,known_age,reverse,"1:100,000","<130,000",>5 mm/yr,"{faultZone} {faultName} {sectionName} {strandName} is a reverse fault that was mapped at 1:100,000 scale. Geologic studies have determined that the fault has had movement in the last <130,000 years and has a slip rate of >5 mm/yr."
1957,known_age,reverse,"1:100,000","<750,000",<0.2 mm/yr,"{faultZone} {faultName} {sectionName} {strandName} is a reverse fault that was mapped at 1:100,000 scale. Geologic studies have determined that the fault has had movement in the last <750,000 years and has a slip rate of <0.2 mm/yr."
1958,known_age,reverse,"1:100,000","<750,000",0.2 - 1 mm/yr,"{faultZone} {faultName} {sectionName} {strandName} is a reverse fault that was mapped at 1:100,000 scale. Geologic studies have determined that the fault has had movement in the last <750,000 years and has a slip rate of 0.2 - 1 mm/yr."
1959,known_age,reverse,"1:100,000","<750,000",1 - 5 mm/yr,"{faultZone} {faultName} {sectionName} {strandName} is a reverse fault that was mapped at 1:100,000 scale. Geologic studies have determined that the fault has had movement in the last <750,000 years and has a slip rate of 1 - 5 mm/yr."
1960,known_age,reverse,"1:100,000","<750,000",unspecified,"{faultZone} {faultName} {sectionName} {strandName} is a reverse fault that was mapped at 1:100,000 scale. Geologic studies have determined that the fault has had movement in the last <750,000 years and has a slip rate of unspecified."
1961,known_age,reverse,"1:100,000","<750,000",Undetermined,"{faultZone} {faultName} {sectionName} {strandName} is a reverse fault that was mapped at 1:100,000 scale. Geologic studies have determined that the fault has had movement in the last <750,000 years and has a slip rate of Undetermined."
1962,known_age,reverse,"1:100,000","<750,000",>5 mm/yr,"{faultZone} {faultName} {sectionName} {strandName} is a reverse fault that was mapped at 1:100,000 scale. Geologic studies have determined that the fault has had movement in the last <750,000 years and has a slip rate of >5 mm/yr."
1963,undetermined_age,reverse,"1:100,000",undetermined,,"{faultZone} {faultName} {sectionName} {strandName} is a reverse fault that was mapped at 1:100,000 scale. Geologic studies have not determined the age or slip rate of the fault."
1964,known_age,reverse,"1:100,000",<150,<0.2 mm/yr,"{faultZone} {faultName} {sectionName} {strandName} is a reverse fault that was mapped at 1:100,000 scale. Geologic studies have determined that the fault has had movement in the last <150 years and has a slip rate of <0.2 mm/yr."
1965,known_age,reverse,"1:100,000",<150,0.2 - 1 mm/yr,"{faultZone} {faultName} {sectionName} {strandName} is a reverse fault that was mapped at 1:100,000 scale. Geologic studies have determined that the fault has had movement in the last <150 years and has a slip rate of 0.2 - 1 mm/yr."
1966,known_age,reverse,"1:100,000",<150,1 - 5 mm/yr,"{faultZone} {faultName} {sectionName} {strandName} is a reverse fault that was mapped at 1:100,000 scale. Geologic studies have determined that the fault has had movement in the last <150 years and has a slip rate of 1 - 5 mm/yr."
1967,known_age,reverse,"1:100,000",<150,unspecified,"{faultZone} {faultName} {sectionName} {strandName} is a reverse fault that was mapped at 1:100,000 scale. Geologic studies have determined that the fault has had movement in the last <150 years and has a slip rate of unspecified."
1968,known_age,reverse,"1:100,000",<150,Undetermined,"{faultZone} {faultName} {sectionName} {strandName} is a reverse fault that was mapped at 1:100,000 scale. Geologic studies have determined that the fault has had movement in the last <150 years and has a slip rate of Undetermined."
1969,known_age,reverse,"1:100,000",<150,>5 mm/yr,"{faultZone} {faultName} {sectionName} {strandName} is a reverse fault that was mapped at 1:100,000 scale. Geologic studies have determined that the fault has had movement in the last <150 years and has a slip rate of >5 mm/yr."
1970,known_age,reverse,"1:250,000","<15,000",<0.2 mm/yr,"{faultZone} {faultName} {sectionName} {strandName} is a reverse fault that was mapped at 1:250,000 scale. Geologic studies have determined that the fault has had movement in the last <15,000 years and has a slip rate of <0.2 mm/yr."
1971,known_age,reverse,"1:250,000","<15,000",0.2 - 1 mm/yr,"{faultZone} {faultName} {sectionName} {strandName} is a reverse fault that was mapped at 1:250,000 scale. Geologic studies have determined that the fault has had movement in the last <15,000 years and has a slip rate of 0.2 - 1 mm/yr."
1972,known_age,reverse,"1:250,000","<15,000",1 - 5 mm/yr,"{faultZone} {faultName} {sectionName} {strandName} is a reverse fault that was mapped at 1:250,000 scale. Geologic studies have determined that the fault has had movement in the last <15,000 years and has a slip rate of 1 - 5 mm/yr."
1973,known_age,reverse,"1:250,000","<15,000",unspecified,"{faultZone} {faultName} {sectionName} {strandName} is a reverse fault that was mapped at 1:250,000 scale. Geologic studies have determined that the fault has had movement in the last <15,000 years and has a slip rate of unspecified."
1974,known_age,reverse,"1:250,000","<15,000",Undetermined,"{faultZone} {faultName} {sectionName} {strandName} is a reverse fault that was mapped at 1:250,000 scale. Geologic studies have determined that the fault has had movement in the last <15,000 years and has a slip rate of Undetermined."
1975,known_age,reverse,"1:250,000","<15,000",>5 mm/yr,"{faultZone} {faultName} {sectionName} {strandName} is a reverse fault that was mapped at 1:250,000 scale. Geologic studies have determined that the fault has had movement in the last <15,000 years and has a slip rate of >5 mm/yr."
1976,known_age,reverse,"1:250,000","<2,600,000",<0.2 mm/yr,"{faultZone} {faultName} {sectionName} {strandName} is a reverse fault that was mapped at 1:250,000 scale. Geologic studies have determined that the fault has had movement in the last <2,600,000 years and has a slip rate of <0.2 mm/yr."
1977,known_age,reverse,"1:250,000","<2,600,000",0.2 - 1 mm/yr,"{faultZone} {faultName} {sectionName} {strandName} is a reverse fault that was mapped at 1:250,000 scale. Geologic studies have determined that the fault has had movement in the last <2,600,000 years and has a slip rate of 0.2 - 1 mm/yr."
1978,known_age,reverse,"1:250,000","<2,600,000",1 - 5 mm/yr,"{faultZone} {faultName} {sectionName} {strandName} is a reverse fault that was mapped at 1:250,000 scale. Geologic studies have determined that the fault has had movement in the last <2,600,000 years and has a slip rate of 1 - 5 mm/yr."
1979,known_age,reverse,"1:250,000","<2,600,000",unspecified,"{faultZone} {faultName} {sectionName} {strandName} is a reverse fault that was mapped at 1:250,000 scale. Geologic studies have determined that the fault has had movement in the last <2,600,000 years and has a slip rate of unspecified."
1980,known_age,reverse,"1:250,000","<2,600,000",Undetermined,"{faultZone} {faultName} {sectionName} {strandName} is a reverse fault that was mapped at 1:250,000 scale. Geologic studies have determined that the fault has had movement in the last <2,600,000 years and has a slip rate of Undetermined."
1981,known_age,reverse,"1:250,000","<2,600,000",>5 mm/yr,"{faultZone} {faultName} {sectionName} {strandName} is a reverse fault that was mapped at 1:250,000 scale. Geologic studies have determined that the fault has had movement in the last <2,600,000 years and has a slip rate of >5 mm/yr."
1982,known_age,reverse,"1:250,000","<130,000",<0.2 mm/yr,"{faultZone} {faultName} {sectionName} {strandName} is a reverse fault that was mapped at 1:250,000 scale. Geologic studies have determined that the fault has had movement in the last <130,000 years and has a slip rate of <0.2 mm/yr."
1983,known_age,reverse,"1:250,000","<130,000",0.2 - 1 mm/yr,"{faultZone} {faultName} {sectionName} {strandName} is a reverse fault that was mapped at 1:250,000 scale. Geologic studies have determined that the fault has had movement in the last <130,000 years and has a slip rate of 0.2 - 1 mm/yr."
1984,known_age,reverse,"1:250,000","<130,000",1 - 5 mm/yr,"{faultZone} {faultName} {sectionName} {strandName} is a reverse fault that was mapped at 1:250,000 scale. Geologic studies have determined that the fault has had movement in the last <130,000 years and has a slip rate of 1 - 5 mm/yr."
1985,known_age,reverse,"1:250,000","<130,000",unspecified,"{faultZone} {faultName} {sectionName} {strandName} is a reverse fault that was mapped at 1:250,000 scale. Geologic studies have determined that the fault has had movement in the last <130,000 years and has a slip rate of unspecified."
1986,known_age,reverse,"1:250,000","<130,000",Undetermined,"{faultZone} {faultName} {sectionName} {strandName} is a reverse fault that was mapped at 1:250,000 scale. Geologic studies have determined that the fault has had movement in the last <130,000 years and has a slip rate of Undetermined."
1987,known_age,reverse,"1:250,000","<130,000",>5 mm/yr,"{faultZone} {faultName} {sectionName} {strandName} is a reverse fault that was mapped at 1:250,000 scale. Geologic studies have determined that the fault has had movement in the last <130,000 years and has a slip rate of >5 mm/yr."
1988,known_age,reverse,"1:250,000","<750,000",<0.2 mm/yr,"{faultZone} {faultName} {sectionName} {strandName} is a reverse fault that was mapped at 1:250,000 scale. Geologic studies have determined that the fault has had movement in the last <750,000 years and has a slip rate of <0.2 mm/yr."
1989,known_age,reverse,"1:250,000","<750,000",0.2 - 1 mm/yr,"{faultZone} {faultName} {sectionName} {strandName} is a reverse fault that was mapped at 1:250,000 scale. Geologic studies have determined that the fault has had movement in the last <750,000 years and has a slip rate of 0.2 - 1 mm/yr."
1990,known_age,reverse,"1:250,000","<750,000",1 - 5 mm/yr,"{faultZone} {faultName} {sectionName} {strandName} is a reverse fault that was mapped at 1:250,000 scale. Geologic studies have determined that the fault has had movement in the last <750,000 years and has a slip rate of 1 - 5 mm/yr."
1991,known_age,reverse,"1:250,000","<750,000",unspecified,"{faultZone} {faultName} {sectionName} {strandName} is a reverse fault that was mapped at 1:250,000 scale. Geologic studies have determined that the fault has had movement in the last <750,000 years and has a slip rate of unspecified."
1992,known_age,reverse,"1:250,000","<750,000",Undetermined,"{faultZone} {faultName} {sectionName} {strandName} is a reverse fault that was mapped at 1:250,000 scale. Geologic studies have determined that the fault has had movement in the last <750,000 years and has a slip rate of Undetermined."
1993,known_age,reverse,"1:250,000","<750,000",>5 mm/yr,"{faultZone} {faultName} {sectionName} {strandName} is a reverse fault that was mapped at 1:250,000 scale. Geologic studies have determined that the fault has had movement in the last <750,000 years and has a slip rate of >5 mm/yr."
1994,undetermined_age,reverse,"1:250,000",undetermined,,"{faultZone} {faultName} {sectionName} {strandName} is a reverse fault that was mapped at 1:250,000 scale. Geologic studies have not determined the age or slip rate of the fault."
1995,known_age,reverse,"1:250,000",<150,<0.2 mm/yr,"{faultZone} {faultName} {sectionName} {strandName} is a reverse fault that was mapped at 1:250,000 scale. Geologic studies have determined that the fault has had movement in the last <150 years and has a slip rate of <0.2 mm/yr."
1996,known_age,reverse,"1:250,000",<150,0.2 - 1 mm/yr,"{faultZone} {faultName} {sectionName} {strandName} is a reverse fault that was mapped at 1:250,000 scale. Geologic studies have determined that the fault has had movement in the last <150 years and has a slip rate of 0.2 - 1 mm/yr."
1997,known_age,reverse,"1:250,000",<150,1 - 5 mm/yr,"{faultZone} {faultName} {sectionName} {strandName} is a reverse fault that was mapped at 1:250,000 scale. Geologic studies have determined that the fault has had movement in the last <150 years and has a slip rate of 1 - 5 mm/yr."
1998,known_age,reverse,"1:250,000",<150,unspecified,"{faultZone} {faultName} {sectionName} {strandName} is a reverse fault that was mapped at 1:250,000 scale. Geologic studies have determined that the fault has had movement in the last <150 years and has a slip rate of unspecified."
1999,known_age,reverse,"1:250,000",<150,Undetermined,"{faultZone} {faultName} {sectionName} {strandName} is a reverse fault that was mapped at 1:250,000 scale. Geologic studies have determined that the fault has had movement in the last <150 years and has a slip rate of Undetermined."
2000,known_age,reverse,"1:250,000",<150,>5 mm/yr,"{faultZone} {faultName} {sectionName} {strandName} is a reverse fault that was mapped at 1:250,000 scale. Geologic studies have determined that the fault has had movement in the last <150 years and has a slip rate of >5 mm/yr."
2001,known_age,reverse,"1:62,500","<15,000",<0.2 mm/yr,"{faultZone} {faultName} {sectionName} {strandName} is a reverse fault that was mapped at 1:62,500 scale. Geologic studies have determined that the fault has had movement in the last <15,000 years and has a slip rate of <0.2 mm/yr."
2002,known_age,reverse,"1:62,500","<15,000",0.2 - 1 mm/yr,"{faultZone} {faultName} {sectionName} {strandName} is a reverse fault that was mapped at 1:62,500 scale. Geologic studies have determined that the fault has had movement in the last <15,000 years and has a slip rate of 0.2 - 1 mm/yr."
2003,known_age,reverse,"1:62,500","<15,000",1 - 5 mm/yr,"{faultZone} {faultName} {sectionName} {strandName} is a reverse fault that was mapped at 1:62,500 scale. Geologic studies have determined that the fault has had movement in the last <15,000 years and has a slip rate of 1 - 5 mm/yr."
2004,known_age,reverse,"1:62,500","<15,000",unspecified,"{faultZone} {faultName} {sectionName} {strandName} is a reverse fault that was mapped at 1:62,500 scale. Geologic studies have determined that the fault has had movement in the last <15,000 years and has a slip rate of unspecified."
2005,known_age,reverse,"1:62,500","<15,000",Undetermined,"{faultZone} {faultName} {sectionName} {strandName} is a reverse fault that was mapped at 1:62,500 scale. Geologic studies have determined that the fault has had movement in the last <15,000 years and has a slip rate of Undetermined."
2006,known_age,reverse,"1:62,500","<15,000",>5 mm/yr,"{faultZone} {faultName} {sectionName} {strandName} is a reverse fault that was mapped at 1:62,500 scale. Geologic studies have determined that the fault has had movement in the last <15,000 years and has a slip rate of >5 mm/yr."
2007,known_age,reverse,"1:62,500","<2,600,000",<0.2 mm/yr,"{faultZone} {faultName} {sectionName} {strandName} is a reverse fault that was mapped at 1:62,500 scale. Geologic studies have determined that the fault has had movement in the last <2,600,000 years and has a slip rate of <0.2 mm/yr."
2008,known_age,reverse,"1:62,500","<2,600,000",0.2 - 1 mm/yr,"{faultZone} {faultName} {sectionName} {strandName} is a reverse fault that was mapped at 1:62,500 scale. Geologic studies have determined that the fault has had movement in the last <2,600,000 years and has a slip rate of 0.2 - 1 mm/yr."
2009,known_age,reverse,"1:62,500","<2,600,000",1 - 5 mm/yr,"{faultZone} {faultName} {sectionName} {strandName} is a reverse fault that was mapped at 1:62,500 scale. Geologic studies have determined that the fault has had movement in the last <2,600,000 years and has a slip rate of 1 - 5 mm/yr."
2010,known_age,reverse,"1:62,500","<2,600,000",unspecified,"{faultZone} {faultName} {sectionName} {strandName} is a reverse fault that was mapped at 1:62,500 scale. Geologic studies have determined that the fault has had movement in the last <2,600,000 years and has a slip rate of unspecified."
2011,known_age,reverse,"1:62,500","<2,600,000",Undetermined,"{faultZone} {faultName} {sectionName} {strandName} is a reverse fault that was mapped at 1:62,500 scale. Geologic studies have determined that the fault has had movement in the last <2,600,000 years and has a slip rate of Undetermined."
2012,known_age,reverse,"1:62,500","<2,600,000",>5 mm/yr,"{faultZone} {faultName} {sectionName} {strandName} is a reverse fault that was mapped at 1:62,500 scale. Geologic studies have determined that the fault has had movement in the last <2,600,000 years and has a slip rate of >5 mm/yr."
2013,known_age,reverse,"1:62,500","<130,000",<0.2 mm/yr,"{faultZone} {faultName} {sectionName} {strandName} is a reverse fault that was mapped at 1:62,500 scale. Geologic studies have determined that the fault has had movement in the last <130,000 years and has a slip rate of <0.2 mm/yr."
2014,known_age,reverse,"1:62,500","<130,000",0.2 - 1 mm/yr,"{faultZone} {faultName} {sectionName} {strandName} is a reverse fault that was mapped at 1:62,500 scale. Geologic studies have determined that the fault has had movement in the last <130,000 years and has a slip rate of 0.2 - 1 mm/yr."
2015,known_age,reverse,"1:62,500","<130,000",1 - 5 mm/yr,"{faultZone} {faultName} {sectionName} {strandName} is a reverse fault that was mapped at 1:62,500 scale. Geologic studies have determined that the fault has had movement in the last <130,000 years and has a slip rate of 1 - 5 mm/yr."
2016,known_age,reverse,"1:62,500","<130,000",unspecified,"{faultZone} {faultName} {sectionName} {strandName} is a reverse fault that was mapped at 1:62,500 scale. Geologic studies have determined that the fault has had movement in the last <130,000 years and has a slip rate of unspecified."
2017,known_age,reverse,"1:62,500","<130,000",Undetermined,"{faultZone} {faultName} {sectionName} {strandName} is a reverse fault that was mapped at 1:62,500 scale. Geologic studies have determined that the fault has had movement in the last <130,000 years and has a slip rate of Undetermined."
2018,known_age,reverse,"1:62,500","<130,000",>5 mm/yr,"{faultZone} {faultName} {sectionName} {strandName} is a reverse fault that was mapped at 1:62,500 scale. Geologic studies have determined that the fault has had movement in the last <130,000 years and has a slip rate of >5 mm/yr."
2019,known_age,reverse,"1:62,500","<750,000",<0.2 mm/yr,"{faultZone} {faultName} {sectionName} {strandName} is a reverse fault that was mapped at 1:62,500 scale. Geologic studies have determined that the fault has had movement in the last <750,000 years and has a slip rate of <0.2 mm/yr."
2020,known_age,reverse,"1:62,500","<750,000",0.2 - 1 mm/yr,"{faultZone} {faultName} {sectionName} {strandName} is a reverse fault that was mapped at 1:62,500 scale. Geologic studies have determined that the fault has had movement in the last <750,000 years and has a slip rate of 0.2 - 1 mm/yr."
2021,known_age,reverse,"1:62,500","<750,000",1 - 5 mm/yr,"{faultZone} {faultName} {sectionName} {strandName} is a reverse fault that was mapped at 1:62,500 scale. Geologic studies have determined that the fault has had movement in the last <750,000 years and has a slip rate of 1 - 5 mm/yr."
2022,known_age,reverse,"1:62,500","<750,000",unspecified,"{faultZone} {faultName} {sectionName} {strandName} is a reverse fault that was mapped at 1:62,500 scale. Geologic studies have determined that the fault has had movement in the last <750,000 years and has a slip rate of unspecified."
2023,known_age,reverse,"1:62,500","<750,000",Undetermined,"{faultZone} {faultName} {sectionName} {strandName} is a reverse fault that was mapped at 1:62,500 scale. Geologic studies have determined that the fault has had movement in the last <750,000 years and has a slip rate of Undetermined."
2024,known_age,reverse,"1:62,500","<750,000",>5 mm/yr,"{faultZone} {faultName} {sectionName} {strandName} is a reverse fault that was mapped at 1:62,500 scale. Geologic studies have determined that the fault has had movement in the last <750,000 years and has a slip rate of >5 mm/yr."
2025,undetermined_age,reverse,"1:62,500",undetermined,,"{faultZone} {faultName} {sectionName} {strandName} is a reverse fault that was mapped at 1:62,500 scale. Geologic studies have not determined the age or slip rate of the fault."
2026,known_age,reverse,"1:62,500",<150,<0.2 mm/yr,"{faultZone} {faultName} {sectionName} {strandName} is a reverse fault that was mapped at 1:62,500 scale. Geologic studies have determined that the fault has had movement in the last <150 years and has a slip rate of <0.2 mm/yr."
2027,known_age,reverse,"1:62,500",<150,0.2 - 1 mm/yr,"{faultZone} {faultName} {sectionName} {strandName} is a reverse fault that was mapped at 1:62,500 scale. Geologic studies have determined that the fault has had movement in the last <150 years and has a slip rate of 0.2 - 1 mm/yr."
2028,known_age,reverse,"1:62,500",<150,1 - 5 mm/yr,"{faultZone} {faultName} {sectionName} {strandName} is a reverse fault that was mapped at 1:62,500 scale. Geologic studies have determined that the fault has had movement in the last <150 years and has a slip rate of 1 - 5 mm/yr."
2029,known_age,reverse,"1:62,500",<150,unspecified,"{faultZone} {faultName} {sectionName} {strandName} is a reverse fault that was mapped at 1:62,500 scale. Geologic studies have determined that the fault has had movement in the last <150 years and has a slip rate of unspecified."
2030,known_age,reverse,"1:62,500",<150,Undetermined,"{faultZone} {faultName} {sectionName} {strandName} is a reverse fault that was mapped at 1:62,500 scale. Geologic studies have determined that the fault has had movement in the last <150 years and has a slip rate of Undetermined."
2031,known_age,reverse,"1:62,500",<150,>5 mm/yr,"{faultZone} {faultName} {sectionName} {strandName} is a reverse fault that was mapped at 1:62,500 scale. Geologic studies have determined that the fault has had movement in the last <150 years and has a slip rate of >5 mm/yr."
2032,known_age,reverse,"1:125,000","<15,000",<0.2 mm/yr,"{faultZone} {faultName} {sectionName} {strandName} is a reverse fault that was mapped at 1:125,000 scale. Geologic studies have determined that the fault has had movement in the last <15,000 years and has a slip rate of <0.2 mm/yr."
2033,known_age,reverse,"1:125,000","<15,000",0.2 - 1 mm/yr,"{faultZone} {faultName} {sectionName} {strandName} is a reverse fault that was mapped at 1:125,000 scale. Geologic studies have determined that the fault has had movement in the last <15,000 years and has a slip rate of 0.2 - 1 mm/yr."
2034,known_age,reverse,"1:125,000","<15,000",1 - 5 mm/yr,"{faultZone} {faultName} {sectionName} {strandName} is a reverse fault that was mapped at 1:125,000 scale. Geologic studies have determined that the fault has had movement in the last <15,000 years and has a slip rate of 1 - 5 mm/yr."
2035,known_age,reverse,"1:125,000","<15,000",unspecified,"{faultZone} {faultName} {sectionName} {strandName} is a reverse fault that was mapped at 1:125,000 scale. Geologic studies have determined that the fault has had movement in the last <15,000 years and has a slip rate of unspecified."
2036,known_age,reverse,"1:125,000","<15,000",Undetermined,"{faultZone} {faultName} {sectionName} {strandName} is a reverse fault that was mapped at 1:125,000 scale. Geologic studies have determined that the fault has had movement in the last <15,000 years and has a slip rate of Undetermined."
2037,known_age,reverse,"1:125,000","<15,000",>5 mm/yr,"{faultZone} {faultName} {sectionName} {strandName} is a reverse fault that was mapped at 1:125,000 scale. Geologic studies have determined that the fault has had movement in the last <15,000 years and has a slip rate of >5 mm/yr."
2038,known_age,reverse,"1:125,000","<2,600,000",<0.2 mm/yr,"{faultZone} {faultName} {sectionName} {strandName} is a reverse fault that was mapped at 1:125,000 scale. Geologic studies have determined that the fault has had movement in the last <2,600,000 years and has a slip rate of <0.2 mm/yr."
2039,known_age,reverse,"1:125,000","<2,600,000",0.2 - 1 mm/yr,"{faultZone} {faultName} {sectionName} {strandName} is a reverse fault that was mapped at 1:125,000 scale. Geologic studies have determined that the fault has had movement in the last <2,600,000 years and has a slip rate of 0.2 - 1 mm/yr."
2040,known_age,reverse,"1:125,000","<2,600,000",1 - 5 mm/yr,"{faultZone} {faultName} {sectionName} {strandName} is a reverse fault that was mapped at 1:125,000 scale. Geologic studies have determined that the fault has had movement in the last <2,600,000 years and has a slip rate of 1 - 5 mm/yr."
2041,known_age,reverse,"1:125,000","<2,600,000",unspecified,"{faultZone} {faultName} {sectionName} {strandName} is a reverse fault that was mapped at 1:125,000 scale. Geologic studies have determined that the fault has had movement in the last <2,600,000 years and has a slip rate of unspecified."
2042,known_age,reverse,"1:125,000","<2,600,000",Undetermined,"{faultZone} {faultName} {sectionName} {strandName} is a reverse fault that was mapped at 1:125,000 scale. Geologic studies have determined that the fault has had movement in the last <2,600,000 years and has a slip rate of Undetermined."
2043,known_age,reverse,"1:125,000","<2,600,000",>5 mm/yr,"{faultZone} {faultName} {sectionName} {strandName} is a reverse fault that was mapped at 1:125,000 scale. Geologic studies have determined that the fault has had movement in the last <2,600,000 years and has a slip rate of >5 mm/yr."
2044,known_age,reverse,"1:125,000","<130,000",<0.2 mm/yr,"{faultZone} {faultName} {sectionName} {strandName} is a reverse fault that was mapped at 1:125,000 scale. Geologic studies have determined that the fault has had movement in the last <130,000 years and has a slip rate of <0.2 mm/yr."
2045,known_age,reverse,"1:125,000","<130,000",0.2 - 1 mm/yr,"{faultZone} {faultName} {sectionName} {strandName} is a reverse fault that was mapped at 1:125,000 scale. Geologic studies have determined that the fault has had movement in the last <130,000 years and has a slip rate of 0.2 - 1 mm/yr."
2046,known_age,reverse,"1:125,000","<130,000",1 - 5 mm/yr,"{faultZone} {faultName} {sectionName} {strandName} is a reverse fault that was mapped at 1:125,000 scale. Geologic studies have determined that the fault has had movement in the last <130,000 years and has a slip rate of 1 - 5 mm/yr."
2047,known_age,reverse,"1:125,000","<130,000",unspecified,"{faultZone} {faultName} {sectionName} {strandName} is a reverse fault that was mapped at 1:125,000 scale. Geologic studies have determined that the fault has had movement in the last <130,000 years and has a slip rate of unspecified."
2048,known_age,reverse,"1:125,000","<130,000",Undetermined,"{faultZone} {faultName} {sectionName} {strandName} is a reverse fault that was mapped at 1:125,000 scale. Geologic studies have determined that the fault has had movement in the last <130,000 years and has a slip rate of Undetermined."
2049,known_age,reverse,"1:125,000","<130,000",>5 mm/yr,"{faultZone} {faultName} {sectionName} {strandName} is a reverse fault that was mapped at 1:125,000 scale. Geologic studies have determined that the fault has had movement in the last <130,000 years and has a slip rate of >5 mm/yr."
2050,known_age,reverse,"1:125,000","<750,000",<0.2 mm/yr,"{faultZone} {faultName} {sectionName} {strandName} is a reverse fault that was mapped at 1:125,000 scale. Geologic studies have determined that the fault has had movement in the last <750,000 years and has a slip rate of <0.2 mm/yr."
2051,known_age,reverse,"1:125,000","<750,000",0.2 - 1 mm/yr,"{faultZone} {faultName} {sectionName} {strandName} is a reverse fault that was mapped at 1:125,000 scale. Geologic studies have determined that the fault has had movement in the last <750,000 years and has a slip rate of 0.2 - 1 mm/yr."
2052,known_age,reverse,"1:125,000","<750,000",1 - 5 mm/yr,"{faultZone} {faultName} {sectionName} {strandName} is a reverse fault that was mapped at 1:125,000 scale. Geologic studies have determined that the fault has had movement in the last <750,000 years and has a slip rate of 1 - 5 mm/yr."
2053,known_age,reverse,"1:125,000","<750,000",unspecified,"{faultZone} {faultName} {sectionName} {strandName} is a reverse fault that was mapped at 1:125,000 scale. Geologic studies have determined that the fault has had movement in the last <750,000 years and has a slip rate of unspecified."
2054,known_age,reverse,"1:125,000","<750,000",Undetermined,"{faultZone} {faultName} {sectionName} {strandName} is a reverse fault that was mapped at 1:125,000 scale. Geologic studies have determined that the fault has had movement in the last <750,000 years and has a slip rate of Undetermined."
2055,known_age,reverse,"1:125,000","<750,000",>5 mm/yr,"{faultZone} {faultName} {sectionName} {strandName} is a reverse fault that was mapped at 1:125,000 scale. Geologic studies have determined that the fault has had movement in the last <750,000 years and has a slip rate of >5 mm/yr."
2056,undetermined_age,reverse,"1:125,000",undetermined,,"{faultZone} {faultName} {sectionName} {strandName} is a reverse fault that was mapped at 1:125,000 scale. Geologic studies have not determined the age or slip rate of the fault."
2057,known_age,reverse,"1:125,000",<150,<0.2 mm/yr,"{faultZone} {faultName} {sectionName} {strandName} is a reverse fault that was mapped at 1:125,000 scale. Geologic studies have determined that the fault has had movement in the last <150 years and has a slip rate of <0.2 mm/yr."
2058,known_age,reverse,"1:125,000",<150,0.2 - 1 mm/yr,"{faultZone} {faultName} {sectionName} {strandName} is a reverse fault that was mapped at 1:125,000 scale. Geologic studies have determined that the fault has had movement in the last <150 years and has a slip rate of 0.2 - 1 mm/yr."
2059,known_age,reverse,"1:125,000",<150,1 - 5 mm/yr,"{faultZone} {faultName} {sectionName} {strandName} is a reverse fault that was mapped at 1:125,000 scale. Geologic studies have determined that the fault has had movement in the last <150 years and has a slip rate of 1 - 5 mm/yr."
2060,known_age,reverse,"1:125,000",<150,unspecified,"{faultZone} {faultName} {sectionName} {strandName} is a reverse fault that was mapped at 1:125,000 scale. Geologic studies have determined that the fault has had movement in the last <150 years and has a slip rate of unspecified."
2061,known_age,reverse,"1:125,000",<150,Undetermined,"{faultZone} {faultName} {sectionName} {strandName} is a reverse fault that was mapped at 1:125,000 scale. Geologic studies have determined that the fault has had movement in the last <150 years and has a slip rate of Undetermined."
2062,known_age,reverse,"1:125,000",<150,>5 mm/yr,"{faultZone} {faultName} {sectionName} {strandName} is a reverse fault that was mapped at 1:125,000 scale. Geologic studies have determined that the fault has had movement in the last <150 years and has a slip rate of >5 mm/yr."
2063,known_age,reverse,"1:50,000","<15,000",<0.2 mm/yr,"{faultZone} {faultName} {sectionName} {strandName} is a reverse fault that was mapped at 1:50,000 scale. Geologic studies have determined that the fault has had movement in the last <15,000 years and has a slip rate of <0.2 mm/yr."
2064,known_age,reverse,"1:50,000","<15,000",0.2 - 1 mm/yr,"{faultZone} {faultName} {sectionName} {strandName} is a reverse fault that was mapped at 1:50,000 scale. Geologic studies have determined that the fault has had movement in the last <15,000 years and has a slip rate of 0.2 - 1 mm/yr."
2065,known_age,reverse,"1:50,000","<15,000",1 - 5 mm/yr,"{faultZone} {faultName} {sectionName} {strandName} is a reverse fault that was mapped at 1:50,000 scale. Geologic studies have determined that the fault has had movement in the last <15,000 years and has a slip rate of 1 - 5 mm/yr."
2066,known_age,reverse,"1:50,000","<15,000",unspecified,"{faultZone} {faultName} {sectionName} {strandName} is a reverse fault that was mapped at 1:50,000 scale. Geologic studies have determined that the fault has had movement in the last <15,000 years and has a slip rate of unspecified."
2067,known_age,reverse,"1:50,000","<15,000",Undetermined,"{faultZone} {faultName} {sectionName} {strandName} is a reverse fault that was mapped at 1:50,000 scale. Geologic studies have determined that the fault has had movement in the last <15,000 years and has a slip rate of Undetermined."
2068,known_age,reverse,"1:50,000","<15,000",>5 mm/yr,"{faultZone} {faultName} {sectionName} {strandName} is a reverse fault that was mapped at 1:50,000 scale. Geologic studies have determined that the fault has had movement in the last <15,000 years and has a slip rate of >5 mm/yr."
2069,known_age,reverse,"1:50,000","<2,600,000",<0.2 mm/yr,"{faultZone} {faultName} {sectionName} {strandName} is a reverse fault that was mapped at 1:50,000 scale. Geologic studies have determined that the fault has had movement in the last <2,600,000 years and has a slip rate of <0.2 mm/yr."
2070,known_age,reverse,"1:50,000","<2,600,000",0.2 - 1 mm/yr,"{faultZone} {faultName} {sectionName} {strandName} is a reverse fault that was mapped at 1:50,000 scale. Geologic studies have determined that the fault has had movement in the last <2,600,000 years and has a slip rate of 0.2 - 1 mm/yr."
2071,known_age,reverse,"1:50,000","<2,600,000",1 - 5 mm/yr,"{faultZone} {faultName} {sectionName} {strandName} is a reverse fault that was mapped at 1:50,000 scale. Geologic studies have determined that the fault has had movement in the last <2,600,000 years and has a slip rate of 1 - 5 mm/yr."
2072,known_age,reverse,"1:50,000","<2,600,000",unspecified,"{faultZone} {faultName} {sectionName} {strandName} is a reverse fault that was mapped at 1:50,000 scale. Geologic studies have determined that the fault has had movement in the last <2,600,000 years and has a slip rate of unspecified."
2073,known_age,reverse,"1:50,000","<2,600,000",Undetermined,"{faultZone} {faultName} {sectionName} {strandName} is a reverse fault that was mapped at 1:50,000 scale. Geologic studies have determined that the fault has had movement in the last <2,600,000 years and has a slip rate of Undetermined."
2074,known_age,reverse,"1:50,000","<2,600,000",>5 mm/yr,"{faultZone} {faultName} {sectionName} {strandName} is a reverse fault that was mapped at 1:50,000 scale. Geologic studies have determined that the fault has had movement in the last <2,600,000 years and has a slip rate of >5 mm/yr."
2075,known_age,reverse,"1:50,000","<130,000",<0.2 mm/yr,"{faultZone} {faultName} {sectionName} {strandName} is a reverse fault that was mapped at 1:50,000 scale. Geologic studies have determined that the fault has had movement in the last <130,000 years and has a slip rate of <0.2 mm/yr."
2076,known_age,reverse,"1:50,000","<130,000",0.2 - 1 mm/yr,"{faultZone} {faultName} {sectionName} {strandName} is a reverse fault that was mapped at 1:50,000 scale. Geologic studies have determined that the fault has had movement in the last <130,000 years and has a slip rate of 0.2 - 1 mm/yr."
2077,known_age,reverse,"1:50,000","<130,000",1 - 5 mm/yr,"{faultZone} {faultName} {sectionName} {strandName} is a reverse fault that was mapped at 1:50,000 scale. Geologic studies have determined that the fault has had movement in the last <130,000 years and has a slip rate of 1 - 5 mm/yr."
2078,known_age,reverse,"1:50,000","<130,000",unspecified,"{faultZone} {faultName} {sectionName} {strandName} is a reverse fault that was mapped at 1:50,000 scale. Geologic studies have determined that the fault has had movement in the last <130,000 years and has a slip rate of unspecified."
2079,known_age,reverse,"1:50,000","<130,000",Undetermined,"{faultZone} {faultName} {sectionName} {strandName} is a reverse fault that was mapped at 1:50,000 scale. Geologic studies have determined that the fault has had movement in the last <130,000 years and has a slip rate of Undetermined."
2080,known_age,reverse,"1:50,000","<130,000",>5 mm/yr,"{faultZone} {faultName} {sectionName} {strandName} is a reverse fault that was mapped at 1:50,000 scale. Geologic studies have determined that the fault has had movement in the last <130,000 years and has a slip rate of >5 mm/yr."
2081,known_age,reverse,"1:50,000","<750,000",<0.2 mm/yr,"{faultZone} {faultName} {sectionName} {strandName} is a reverse fault that was mapped at 1:50,000 scale. Geologic studies have determined that the fault has had movement in the last <750,000 years and has a slip rate of <0.2 mm/yr."
2082,known_age,reverse,"1:50,000","<750,000",0.2 - 1 mm/yr,"{faultZone} {faultName} {sectionName} {strandName} is a reverse fault that was mapped at 1:50,000 scale. Geologic studies have determined that the fault has had movement in the last <750,000 years and has a slip rate of 0.2 - 1 mm/yr."
2083,known_age,reverse,"1:50,000","<750,000",1 - 5 mm/yr,"{faultZone} {faultName} {sectionName} {strandName} is a reverse fault that was mapped at 1:50,000 scale. Geologic studies have determined that the fault has had movement in the last <750,000 years and has a slip rate of 1 - 5 mm/yr."
2084,known_age,reverse,"1:50,000","<750,000",unspecified,"{faultZone} {faultName} {sectionName} {strandName} is a reverse fault that was mapped at 1:50,000 scale. Geologic studies have determined that the fault has had movement in the last <750,000 years and has a slip rate of unspecified."
2085,known_age,reverse,"1:50,000","<750,000",Undetermined,"{faultZone} {faultName} {sectionName} {strandName} is a reverse fault that was mapped at 1:50,000 scale. Geologic studies have determined that the fault has had movement in the last <750,000 years and has a slip rate of Undetermined."
2086,known_age,reverse,"1:50,000","<750,000",>5 mm/yr,"{faultZone} {faultName} {sectionName} {strandName} is a reverse fault that was mapped at 1:50,000 scale. Geologic studies have determined that the fault has had movement in the last <750,000 years and has a slip rate of >5 mm/yr."
2087,undetermined_age,reverse,"1:50,000",undetermined,,"{faultZone} {faultName} {sectionName} {strandName} is a reverse fault that was mapped at 1:50,000 scale. Geologic studies have not determined the age or slip rate of the fault."
2088,known_age,reverse,"1:50,000",<150,<0.2 mm/yr,"{faultZone} {faultName} {sectionName} {strandName} is a reverse fault that was mapped at 1:50,000 scale. Geologic studies have determined that the fault has had movement in the last <150 years and has a slip rate of <0.2 mm/yr."
2089,known_age,reverse,"1:50,000",<150,0.2 - 1 mm/yr,"{faultZone} {faultName} {sectionName} {strandName} is a reverse fault that was mapped at 1:50,000 scale. Geologic studies have determined that the fault has had movement in the last <150 years and has a slip rate of 0.2 - 1 mm/yr."
2090,known_age,reverse,"1:50,000",<150,1 - 5 mm/yr,"{faultZone} {faultName} {sectionName} {strandName} is a reverse fault that was mapped at 1:50,000 scale. Geologic studies have determined that the fault has had movement in the last <150 years and has a slip rate of 1 - 5 mm/yr."
2091,known_age,reverse,"1:50,000",<150,unspecified,"{faultZone} {faultName} {sectionName} {strandName} is a reverse fault that was mapped at 1:50,000 scale. Geologic studies have determined that the fault has had movement in the last <150 years and has a slip rate of unspecified."
2092,known_age,reverse,"1:50,000",<150,Undetermined,"{faultZone} {faultName} {sectionName} {strandName} is a reverse fault that was mapped at 1:50,000 scale. Geologic studies have determined that the fault has had movement in the last <150 years and has a slip rate of Undetermined."
2093,known_age,reverse,"1:50,000",<150,>5 mm/yr,"{faultZone} {faultName} {sectionName} {strandName} is a reverse fault that was mapped at 1:50,000 scale. Geologic studies have determined that the fault has had movement in the last <150 years and has a slip rate of >5 mm/yr."
2094,known_age,reverse,"1:155,000","<15,000",<0.2 mm/yr,"{faultZone} {faultName} {sectionName} {strandName} is a reverse fault that was mapped at 1:155,000 scale. Geologic studies have determined that the fault has had movement in the last <15,000 years and has a slip rate of <0.2 mm/yr."
2095,known_age,reverse,"1:155,000","<15,000",0.2 - 1 mm/yr,"{faultZone} {faultName} {sectionName} {strandName} is a reverse fault that was mapped at 1:155,000 scale. Geologic studies have determined that the fault has had movement in the last <15,000 years and has a slip rate of 0.2 - 1 mm/yr."
2096,known_age,reverse,"1:155,000","<15,000",1 - 5 mm/yr,"{faultZone} {faultName} {sectionName} {strandName} is a reverse fault that was mapped at 1:155,000 scale. Geologic studies have determined that the fault has had movement in the last <15,000 years and has a slip rate of 1 - 5 mm/yr."
2097,known_age,reverse,"1:155,000","<15,000",unspecified,"{faultZone} {faultName} {sectionName} {strandName} is a reverse fault that was mapped at 1:155,000 scale. Geologic studies have determined that the fault has had movement in the last <15,000 years and has a slip rate of unspecified."
2098,known_age,reverse,"1:155,000","<15,000",Undetermined,"{faultZone} {faultName} {sectionName} {strandName} is a reverse fault that was mapped at 1:155,000 scale. Geologic studies have determined that the fault has had movement in the last <15,000 years and has a slip rate of Undetermined."
2099,known_age,reverse,"1:155,000","<15,000",>5 mm/yr,"{faultZone} {faultName} {sectionName} {strandName} is a reverse fault that was mapped at 1:155,000 scale. Geologic studies have determined that the fault has had movement in the last <15,000 years and has a slip rate of >5 mm/yr."
2100,known_age,reverse,"1:155,000","<2,600,000",<0.2 mm/yr,"{faultZone} {faultName} {sectionName} {strandName} is a reverse fault that was mapped at 1:155,000 scale. Geologic studies have determined that the fault has had movement in the last <2,600,000 years and has a slip rate of <0.2 mm/yr."
2101,known_age,reverse,"1:155,000","<2,600,000",0.2 - 1 mm/yr,"{faultZone} {faultName} {sectionName} {strandName} is a reverse fault that was mapped at 1:155,000 scale. Geologic studies have determined that the fault has had movement in the last <2,600,000 years and has a slip rate of 0.2 - 1 mm/yr."
2102,known_age,reverse,"1:155,000","<2,600,000",1 - 5 mm/yr,"{faultZone} {faultName} {sectionName} {strandName} is a reverse fault that was mapped at 1:155,000 scale. Geologic studies have determined that the fault has had movement in the last <2,600,000 years and has a slip rate of 1 - 5 mm/yr."
2103,known_age,reverse,"1:155,000","<2,600,000",unspecified,"{faultZone} {faultName} {sectionName} {strandName} is a reverse fault that was mapped at 1:155,000 scale. Geologic studies have determined that the fault has had movement in the last <2,600,000 years and has a slip rate of unspecified."
2104,known_age,reverse,"1:155,000","<2,600,000",Undetermined,"{faultZone} {faultName} {sectionName} {strandName} is a reverse fault that was mapped at 1:155,000 scale. Geologic studies have determined that the fault has had movement in the last <2,600,000 years and has a slip rate of Undetermined."
2105,known_age,reverse,"1:155,000","<2,600,000",>5 mm/yr,"{faultZone} {faultName} {sectionName} {strandName} is a reverse fault that was mapped at 1:155,000 scale. Geologic studies have determined that the fault has had movement in the last <2,600,000 years and has a slip rate of >5 mm/yr."
2106,known_age,reverse,"1:155,000","<130,000",<0.2 mm/yr,"{faultZone} {faultName} {sectionName} {strandName} is a reverse fault that was mapped at 1:155,000 scale. Geologic studies have determined that the fault has had movement in the last <130,000 years and has a slip rate of <0.2 mm/yr."
2107,known_age,reverse,"1:155,000","<130,000",0.2 - 1 mm/yr,"{faultZone} {faultName} {sectionName} {strandName} is a reverse fault that was mapped at 1:155,000 scale. Geologic studies have determined that the fault has had movement in the last <130,000 years and has a slip rate of 0.2 - 1 mm/yr."
2108,known_age,reverse,"1:155,000","<130,000",1 - 5 mm/yr,"{faultZone} {faultName} {sectionName} {strandName} is a reverse fault that was mapped at 1:155,000 scale. Geologic studies have determined that the fault has had movement in the last <130,000 years and has a slip rate of 1 - 5 mm/yr."
2109,known_age,reverse,"1:155,000","<130,000",unspecified,"{faultZone} {faultName} {sectionName} {strandName} is a reverse fault that was mapped at 1:155,000 scale. Geologic studies have determined that the fault has had movement in the last <130,000 years and has a slip rate of unspecified."
2110,known_age,reverse,"1:155,000","<130,000",Undetermined,"{faultZone} {faultName} {sectionName} {strandName} is a reverse fault that was mapped at 1:155,000 scale. Geologic studies have determined that the fault has had movement in the last <130,000 years and has a slip rate of Undetermined."
2111,known_age,reverse,"1:155,000","<130,000",>5 mm/yr,"{faultZone} {faultName} {sectionName} {strandName} is a reverse fault that was mapped at 1:155,000 scale. Geologic studies have determined that the fault has had movement in the last <130,000 years and has a slip rate of >5 mm/yr."
2112,known_age,reverse,"1:155,000","<750,000",<0.2 mm/yr,"{faultZone} {faultName} {sectionName} {strandName} is a reverse fault that was mapped at 1:155,000 scale. Geologic studies have determined that the fault has had movement in the last <750,000 years and has a slip rate of <0.2 mm/yr."
2113,known_age,reverse,"1:155,000","<750,000",0.2 - 1 mm/yr,"{faultZone} {faultName} {sectionName} {strandName} is a reverse fault that was mapped at 1:155,000 scale. Geologic studies have determined that the fault has had movement in the last <750,000 years and has a slip rate of 0.2 - 1 mm/yr."
2114,known_age,reverse,"1:155,000","<750,000",1 - 5 mm/yr,"{faultZone} {faultName} {sectionName} {strandName} is a reverse fault that was mapped at 1:155,000 scale. Geologic studies have determined that the fault has had movement in the last <750,000 years and has a slip rate of 1 - 5 mm/yr."
2115,known_age,reverse,"1:155,000","<750,000",unspecified,"{faultZone} {faultName} {sectionName} {strandName} is a reverse fault that was mapped at 1:155,000 scale. Geologic studies have determined that the fault has had movement in the last <750,000 years and has a slip rate of unspecified."
2116,known_age,reverse,"1:155,000","<750,000",Undetermined,"{faultZone} {faultName} {sectionName} {strandName} is a reverse fault that was mapped at 1:155,000 scale. Geologic studies have determined that the fault has had movement in the last <750,000 years and has a slip rate of Undetermined."
2117,known_age,reverse,"1:155,000","<750,000",>5 mm/yr,"{faultZone} {faultName} {sectionName} {strandName} is a reverse fault that was mapped at 1:155,000 scale. Geologic studies have determined that the fault has had movement in the last <750,000 years and has a slip rate of >5 mm/yr."
2118,undetermined_age,reverse,"1:155,000",undetermined,,"{faultZone} {faultName} {sectionName} {strandName} is a reverse fault that was mapped at 1:155,000 scale. Geologic studies have not determined the age or slip rate of the fault."
2119,known_age,reverse,"1:155,000",<150,<0.2 mm/yr,"{faultZone} {faultName} {sectionName} {strandName} is a reverse fault that was mapped at 1:155,000 scale. Geologic studies have determined that the fault has had movement in the last <150 years and has a slip rate of <0.2 mm/yr."
2120,known_age,reverse,"1:155,000",<150,0.2 - 1 mm/yr,"{faultZone} {faultName} {sectionName} {strandName} is a reverse fault that was mapped at 1:155,000 scale. Geologic studies have determined that the fault has had movement in the last <150 years and has a slip rate of 0.2 - 1 mm/yr."
2121,known_age,reverse,"1:155,000",<150,1 - 5 mm/yr,"{faultZone} {faultName} {sectionName} {strandName} is a reverse fault that was mapped at 1:155,000 scale. Geologic studies have determined that the fault has had movement in the last <150 years and has a slip rate of 1 - 5 mm/yr."
2122,known_age,reverse,"1:155,000",<150,unspecified,"{faultZone} {faultName} {sectionName} {strandName} is a reverse fault that was mapped at 1:155,000 scale. Geologic studies have determined that the fault has had movement in the last <150 years and has a slip rate of unspecified."
2123,known_age,reverse,"1:155,000",<150,Undetermined,"{faultZone} {faultName} {sectionName} {strandName} is a reverse fault that was mapped at 1:155,000 scale. Geologic studies have determined that the fault has had movement in the last <150 years and has a slip rate of Undetermined."
2124,known_age,reverse,"1:155,000",<150,>5 mm/yr,"{faultZone} {faultName} {sectionName} {strandName} is a reverse fault that was mapped at 1:155,000 scale. Geologic studies have determined that the fault has had movement in the last <150 years and has a slip rate of >5 mm/yr."
2125,known_age,reverse,"1:60,000","<15,000",<0.2 mm/yr,"{faultZone} {faultName} {sectionName} {strandName} is a reverse fault that was mapped at 1:60,000 scale. Geologic studies have determined that the fault has had movement in the last <15,000 years and has a slip rate of <0.2 mm/yr."
2126,known_age,reverse,"1:60,000","<15,000",0.2 - 1 mm/yr,"{faultZone} {faultName} {sectionName} {strandName} is a reverse fault that was mapped at 1:60,000 scale. Geologic studies have determined that the fault has had movement in the last <15,000 years and has a slip rate of 0.2 - 1 mm/yr."
2127,known_age,reverse,"1:60,000","<15,000",1 - 5 mm/yr,"{faultZone} {faultName} {sectionName} {strandName} is a reverse fault that was mapped at 1:60,000 scale. Geologic studies have determined that the fault has had movement in the last <15,000 years and has a slip rate of 1 - 5 mm/yr."
2128,known_age,reverse,"1:60,000","<15,000",unspecified,"{faultZone} {faultName} {sectionName} {strandName} is a reverse fault that was mapped at 1:60,000 scale. Geologic studies have determined that the fault has had movement in the last <15,000 years and has a slip rate of unspecified."
2129,known_age,reverse,"1:60,000","<15,000",Undetermined,"{faultZone} {faultName} {sectionName} {strandName} is a reverse fault that was mapped at 1:60,000 scale. Geologic studies have determined that the fault has had movement in the last <15,000 years and has a slip rate of Undetermined."
2130,known_age,reverse,"1:60,000","<15,000",>5 mm/yr,"{faultZone} {faultName} {sectionName} {strandName} is a reverse fault that was mapped at 1:60,000 scale. Geologic studies have determined that the fault has had movement in the last <15,000 years and has a slip rate of >5 mm/yr."
2131,known_age,reverse,"1:60,000","<2,600,000",<0.2 mm/yr,"{faultZone} {faultName} {sectionName} {strandName} is a reverse fault that was mapped at 1:60,000 scale. Geologic studies have determined that the fault has had movement in the last <2,600,000 years and has a slip rate of <0.2 mm/yr."
2132,known_age,reverse,"1:60,000","<2,600,000",0.2 - 1 mm/yr,"{faultZone} {faultName} {sectionName} {strandName} is a reverse fault that was mapped at 1:60,000 scale. Geologic studies have determined that the fault has had movement in the last <2,600,000 years and has a slip rate of 0.2 - 1 mm/yr."
2133,known_age,reverse,"1:60,000","<2,600,000",1 - 5 mm/yr,"{faultZone} {faultName} {sectionName} {strandName} is a reverse fault that was mapped at 1:60,000 scale. Geologic studies have determined that the fault has had movement in the last <2,600,000 years and has a slip rate of 1 - 5 mm/yr."
2134,known_age,reverse,"1:60,000","<2,600,000",unspecified,"{faultZone} {faultName} {sectionName} {strandName} is a reverse fault that was mapped at 1:60,000 scale. Geologic studies have determined that the fault has had movement in the last <2,600,000 years and has a slip rate of unspecified."
2135,known_age,reverse,"1:60,000","<2,600,000",Undetermined,"{faultZone} {faultName} {sectionName} {strandName} is a reverse fault that was mapped at 1:60,000 scale. Geologic studies have determined that the fault has had movement in the last <2,600,000 years and has a slip rate of Undetermined."
2136,known_age,reverse,"1:60,000","<2,600,000",>5 mm/yr,"{faultZone} {faultName} {sectionName} {strandName} is a reverse fault that was mapped at 1:60,000 scale. Geologic studies have determined that the fault has had movement in the last <2,600,000 years and has a slip rate of >5 mm/yr."
2137,known_age,reverse,"1:60,000","<130,000",<0.2 mm/yr,"{faultZone} {faultName} {sectionName} {strandName} is a reverse fault that was mapped at 1:60,000 scale. Geologic studies have determined that the fault has had movement in the last <130,000 years and has a slip rate of <0.2 mm/yr."
2138,known_age,reverse,"1:60,000","<130,000",0.2 - 1 mm/yr,"{faultZone} {faultName} {sectionName} {strandName} is a reverse fault that was mapped at 1:60,000 scale. Geologic studies have determined that the fault has had movement in the last <130,000 years and has a slip rate of 0.2 - 1 mm/yr."
2139,known_age,reverse,"1:60,000","<130,000",1 - 5 mm/yr,"{faultZone} {faultName} {sectionName} {strandName} is a reverse fault that was mapped at 1:60,000 scale. Geologic studies have determined that the fault has had movement in the last <130,000 years and has a slip rate of 1 - 5 mm/yr."
2140,known_age,reverse,"1:60,000","<130,000",unspecified,"{faultZone} {faultName} {sectionName} {strandName} is a reverse fault that was mapped at 1:60,000 scale. Geologic studies have determined that the fault has had movement in the last <130,000 years and has a slip rate of unspecified."
2141,known_age,reverse,"1:60,000","<130,000",Undetermined,"{faultZone} {faultName} {sectionName} {strandName} is a reverse fault that was mapped at 1:60,000 scale. Geologic studies have determined that the fault has had movement in the last <130,000 years and has a slip rate of Undetermined."
2142,known_age,reverse,"1:60,000","<130,000",>5 mm/yr,"{faultZone} {faultName} {sectionName} {strandName} is a reverse fault that was mapped at 1:60,000 scale. Geologic studies have determined that the fault has had movement in the last <130,000 years and has a slip rate of >5 mm/yr."
2143,known_age,reverse,"1:60,000","<750,000",<0.2 mm/yr,"{faultZone} {faultName} {sectionName} {strandName} is a reverse fault that was mapped at 1:60,000 scale. Geologic studies have determined that the fault has had movement in the last <750,000 years and has a slip rate of <0.2 mm/yr."
2144,known_age,reverse,"1:60,000","<750,000",0.2 - 1 mm/yr,"{faultZone} {faultName} {sectionName} {strandName} is a reverse fault that was mapped at 1:60,000 scale. Geologic studies have determined that the fault has had movement in the last <750,000 years and has a slip rate of 0.2 - 1 mm/yr."
2145,known_age,reverse,"1:60,000","<750,000",1 - 5 mm/yr,"{faultZone} {faultName} {sectionName} {strandName} is a reverse fault that was mapped at 1:60,000 scale. Geologic studies have determined that the fault has had movement in the last <750,000 years and has a slip rate of 1 - 5 mm/yr."
2146,known_age,reverse,"1:60,000","<750,000",unspecified,"{faultZone} {faultName} {sectionName} {strandName} is a reverse fault that was mapped at 1:60,000 scale. Geologic studies have determined that the fault has had movement in the last <750,000 years and has a slip rate of unspecified."
2147,known_age,reverse,"1:60,000","<750,000",Undetermined,"{faultZone} {faultName} {sectionName} {strandName} is a reverse fault that was mapped at 1:60,000 scale. Geologic studies have determined that the fault has had movement in the last <750,000 years and has a slip rate of Undetermined."
2148,known_age,reverse,"1:60,000","<750,000",>5 mm/yr,"{faultZone} {faultName} {sectionName} {strandName} is a reverse fault that was mapped at 1:60,000 scale. Geologic studies have determined that the fault has had movement in the last <750,000 years and has a slip rate of >5 mm/yr."
2149,undetermined_age,reverse,"1:60,000",undetermined,,"{faultZone} {faultName} {sectionName} {strandName} is a reverse fault that was mapped at 1:60,000 scale. Geologic studies have not determined the age or slip rate of the fault."
2150,known_age,reverse,"1:60,000",<150,<0.2 mm/yr,"{faultZone} {faultName} {sectionName} {strandName} is a reverse fault that was mapped at 1:60,000 scale. Geologic studies have determined that the fault has had movement in the last <150 years and has a slip rate of <0.2 mm/yr."
2151,known_age,reverse,"1:60,000",<150,0.2 - 1 mm/yr,"{faultZone} {faultName} {sectionName} {strandName} is a reverse fault that was mapped at 1:60,000 scale. Geologic studies have determined that the fault has had movement in the last <150 years and has a slip rate of 0.2 - 1 mm/yr."
2152,known_age,reverse,"1:60,000",<150,1 - 5 mm/yr,"{faultZone} {faultName} {sectionName} {strandName} is a reverse fault that was mapped at 1:60,000 scale. Geologic studies have determined that the fault has had movement in the last <150 years and has a slip rate of 1 - 5 mm/yr."
2153,known_age,reverse,"1:60,000",<150,unspecified,"{faultZone} {faultName} {sectionName} {strandName} is a reverse fault that was mapped at 1:60,000 scale. Geologic studies have determined that the fault has had movement in the last <150 years and has a slip rate of unspecified."
2154,known_age,reverse,"1:60,000",<150,Undetermined,"{faultZone} {faultName} {sectionName} {strandName} is a reverse fault that was mapped at 1:60,000 scale. Geologic studies have determined that the fault has had movement in the last <150 years and has a slip rate of Undetermined."
2155,known_age,reverse,"1:60,000",<150,>5 mm/yr,"{faultZone} {faultName} {sectionName} {strandName} is a reverse fault that was mapped at 1:60,000 scale. Geologic studies have determined that the fault has had movement in the last <150 years and has a slip rate of >5 mm/yr."
2156,known_age,reverse,"1:170,000","<15,000",<0.2 mm/yr,"{faultZone} {faultName} {sectionName} {strandName} is a reverse fault that was mapped at 1:170,000 scale. Geologic studies have determined that the fault has had movement in the last <15,000 years and has a slip rate of <0.2 mm/yr."
2157,known_age,reverse,"1:170,000","<15,000",0.2 - 1 mm/yr,"{faultZone} {faultName} {sectionName} {strandName} is a reverse fault that was mapped at 1:170,000 scale. Geologic studies have determined that the fault has had movement in the last <15,000 years and has a slip rate of 0.2 - 1 mm/yr."
2158,known_age,reverse,"1:170,000","<15,000",1 - 5 mm/yr,"{faultZone} {faultName} {sectionName} {strandName} is a reverse fault that was mapped at 1:170,000 scale. Geologic studies have determined that the fault has had movement in the last <15,000 years and has a slip rate of 1 - 5 mm/yr."
2159,known_age,reverse,"1:170,000","<15,000",unspecified,"{faultZone} {faultName} {sectionName} {strandName} is a reverse fault that was mapped at 1:170,000 scale. Geologic studies have determined that the fault has had movement in the last <15,000 years and has a slip rate of unspecified."
2160,known_age,reverse,"1:170,000","<15,000",Undetermined,"{faultZone} {faultName} {sectionName} {strandName} is a reverse fault that was mapped at 1:170,000 scale. Geologic studies have determined that the fault has had movement in the last <15,000 years and has a slip rate of Undetermined."
2161,known_age,reverse,"1:170,000","<15,000",>5 mm/yr,"{faultZone} {faultName} {sectionName} {strandName} is a reverse fault that was mapped at 1:170,000 scale. Geologic studies have determined that the fault has had movement in the last <15,000 years and has a slip rate of >5 mm/yr."
2162,known_age,reverse,"1:170,000","<2,600,000",<0.2 mm/yr,"{faultZone} {faultName} {sectionName} {strandName} is a reverse fault that was mapped at 1:170,000 scale. Geologic studies have determined that the fault has had movement in the last <2,600,000 years and has a slip rate of <0.2 mm/yr."
2163,known_age,reverse,"1:170,000","<2,600,000",0.2 - 1 mm/yr,"{faultZone} {faultName} {sectionName} {strandName} is a reverse fault that was mapped at 1:170,000 scale. Geologic studies have determined that the fault has had movement in the last <2,600,000 years and has a slip rate of 0.2 - 1 mm/yr."
2164,known_age,reverse,"1:170,000","<2,600,000",1 - 5 mm/yr,"{faultZone} {faultName} {sectionName} {strandName} is a reverse fault that was mapped at 1:170,000 scale. Geologic studies have determined that the fault has had movement in the last <2,600,000 years and has a slip rate of 1 - 5 mm/yr."
2165,known_age,reverse,"1:170,000","<2,600,000",unspecified,"{faultZone} {faultName} {sectionName} {strandName} is a reverse fault that was mapped at 1:170,000 scale. Geologic studies have determined that the fault has had movement in the last <2,600,000 years and has a slip rate of unspecified."
2166,known_age,reverse,"1:170,000","<2,600,000",Undetermined,"{faultZone} {faultName} {sectionName} {strandName} is a reverse fault that was mapped at 1:170,000 scale. Geologic studies have determined that the fault has had movement in the last <2,600,000 years and has a slip rate of Undetermined."
2167,known_age,reverse,"1:170,000","<2,600,000",>5 mm/yr,"{faultZone} {faultName} {sectionName} {strandName} is a reverse fault that was mapped at 1:170,000 scale. Geologic studies have determined that the fault has had movement in the last <2,600,000 years and has a slip rate of >5 mm/yr."
2168,known_age,reverse,"1:170,000","<130,000",<0.2 mm/yr,"{faultZone} {faultName} {sectionName} {strandName} is a reverse fault that was mapped at 1:170,000 scale. Geologic studies have determined that the fault has had movement in the last <130,000 years and has a slip rate of <0.2 mm/yr."
2169,known_age,reverse,"1:170,000","<130,000",0.2 - 1 mm/yr,"{faultZone} {faultName} {sectionName} {strandName} is a reverse fault that was mapped at 1:170,000 scale. Geologic studies have determined that the fault has had movement in the last <130,000 years and has a slip rate of 0.2 - 1 mm/yr."
2170,known_age,reverse,"1:170,000","<130,000",1 - 5 mm/yr,"{faultZone} {faultName} {sectionName} {strandName} is a reverse fault that was mapped at 1:170,000 scale. Geologic studies have determined that the fault has had movement in the last <130,000 years and has a slip rate of 1 - 5 mm/yr."
2171,known_age,reverse,"1:170,000","<130,000",unspecified,"{faultZone} {faultName} {sectionName} {strandName} is a reverse fault that was mapped at 1:170,000 scale. Geologic studies have determined that the fault has had movement in the last <130,000 years and has a slip rate of unspecified."
2172,known_age,reverse,"1:170,000","<130,000",Undetermined,"{faultZone} {faultName} {sectionName} {strandName} is a reverse fault that was mapped at 1:170,000 scale. Geologic studies have determined that the fault has had movement in the last <130,000 years and has a slip rate of Undetermined."
2173,known_age,reverse,"1:170,000","<130,000",>5 mm/yr,"{faultZone} {faultName} {sectionName} {strandName} is a reverse fault that was mapped at 1:170,000 scale. Geologic studies have determined that the fault has had movement in the last <130,000 years and has a slip rate of >5 mm/yr."
2174,known_age,reverse,"1:170,000","<750,000",<0.2 mm/yr,"{faultZone} {faultName} {sectionName} {strandName} is a reverse fault that was mapped at 1:170,000 scale. Geologic studies have determined that the fault has had movement in the last <750,000 years and has a slip rate of <0.2 mm/yr."
2175,known_age,reverse,"1:170,000","<750,000",0.2 - 1 mm/yr,"{faultZone} {faultName} {sectionName} {strandName} is a reverse fault that was mapped at 1:170,000 scale. Geologic studies have determined that the fault has had movement in the last <750,000 years and has a slip rate of 0.2 - 1 mm/yr."
2176,known_age,reverse,"1:170,000","<750,000",1 - 5 mm/yr,"{faultZone} {faultName} {sectionName} {strandName} is a reverse fault that was mapped at 1:170,000 scale. Geologic studies have determined that the fault has had movement in the last <750,000 years and has a slip rate of 1 - 5 mm/yr."
2177,known_age,reverse,"1:170,000","<750,000",unspecified,"{faultZone} {faultName} {sectionName} {strandName} is a reverse fault that was mapped at 1:170,000 scale. Geologic studies have determined that the fault has had movement in the last <750,000 years and has a slip rate of unspecified."
2178,known_age,reverse,"1:170,000","<750,000",Undetermined,"{faultZone} {faultName} {sectionName} {strandName} is a reverse fault that was mapped at 1:170,000 scale. Geologic studies have determined that the fault has had movement in the last <750,000 years and has a slip rate of Undetermined."
2179,known_age,reverse,"1:170,000","<750,000",>5 mm/yr,"{faultZone} {faultName} {sectionName} {strandName} is a reverse fault that was mapped at 1:170,000 scale. Geologic studies have determined that the fault has had movement in the last <750,000 years and has a slip rate of >5 mm/yr."
2180,undetermined_age,reverse,"1:170,000",undetermined,,"{faultZone} {faultName} {sectionName} {strandName} is a reverse fault that was mapped at 1:170,000 scale. Geologic studies have not determined the age or slip rate of the fault."
2181,known_age,reverse,"1:170,000",<150,<0.2 mm/yr,"{faultZone} {faultName} {sectionName} {strandName} is a reverse fault that was mapped at 1:170,000 scale. Geologic studies have determined that the fault has had movement in the last <150 years and has a slip rate of <0.2 mm/yr."
2182,known_age,reverse,"1:170,000",<150,0.2 - 1 mm/yr,"{faultZone} {faultName} {sectionName} {strandName} is a reverse fault that was mapped at 1:170,000 scale. Geologic studies have determined that the fault has had movement in the last <150 years and has a slip rate of 0.2 - 1 mm/yr."
2183,known_age,reverse,"1:170,000",<150,1 - 5 mm/yr,"{faultZone} {faultName} {sectionName} {strandName} is a reverse fault that was mapped at 1:170,000 scale. Geologic studies have determined that the fault has had movement in the last <150 years and has a slip rate of 1 - 5 mm/yr."
2184,known_age,reverse,"1:170,000",<150,unspecified,"{faultZone} {faultName} {sectionName} {strandName} is a reverse fault that was mapped at 1:170,000 scale. Geologic studies have determined that the fault has had movement in the last <150 years and has a slip rate of unspecified."
2185,known_age,reverse,"1:170,000",<150,Undetermined,"{faultZone} {faultName} {sectionName} {strandName} is a reverse fault that was mapped at 1:170,000 scale. Geologic studies have determined that the fault has had movement in the last <150 years and has a slip rate of Undetermined."
2186,known_age,reverse,"1:170,000",<150,>5 mm/yr,"{faultZone} {faultName} {sectionName} {strandName} is a reverse fault that was mapped at 1:170,000 scale. Geologic studies have determined that the fault has had movement in the last <150 years and has a slip rate of >5 mm/yr."
2187,known_age,reverse,"1:340,000","<15,000",<0.2 mm/yr,"{faultZone} {faultName} {sectionName} {strandName} is a reverse fault that was mapped at 1:340,000 scale. Geologic studies have determined that the fault has had movement in the last <15,000 years and has a slip rate of <0.2 mm/yr."
2188,known_age,reverse,"1:340,000","<15,000",0.2 - 1 mm/yr,"{faultZone} {faultName} {sectionName} {strandName} is a reverse fault that was mapped at 1:340,000 scale. Geologic studies have determined that the fault has had movement in the last <15,000 years and has a slip rate of 0.2 - 1 mm/yr."
2189,known_age,reverse,"1:340,000","<15,000",1 - 5 mm/yr,"{faultZone} {faultName} {sectionName} {strandName} is a reverse fault that was mapped at 1:340,000 scale. Geologic studies have determined that the fault has had movement in the last <15,000 years and has a slip rate of 1 - 5 mm/yr."
2190,known_age,reverse,"1:340,000","<15,000",unspecified,"{faultZone} {faultName} {sectionName} {strandName} is a reverse fault that was mapped at 1:340,000 scale. Geologic studies have determined that the fault has had movement in the last <15,000 years and has a slip rate of unspecified."
2191,known_age,reverse,"1:340,000","<15,000",Undetermined,"{faultZone} {faultName} {sectionName} {strandName} is a reverse fault that was mapped at 1:340,000 scale. Geologic studies have determined that the fault has had movement in the last <15,000 years and has a slip rate of Undetermined."
2192,known_age,reverse,"1:340,000","<15,000",>5 mm/yr,"{faultZone} {faultName} {sectionName} {strandName} is a reverse fault that was mapped at 1:340,000 scale. Geologic studies have determined that the fault has had movement in the last <15,000 years and has a slip rate of >5 mm/yr."
2193,known_age,reverse,"1:340,000","<2,600,000",<0.2 mm/yr,"{faultZone} {faultName} {sectionName} {strandName} is a reverse fault that was mapped at 1:340,000 scale. Geologic studies have determined that the fault has had movement in the last <2,600,000 years and has a slip rate of <0.2 mm/yr."
2194,known_age,reverse,"1:340,000","<2,600,000",0.2 - 1 mm/yr,"{faultZone} {faultName} {sectionName} {strandName} is a reverse fault that was mapped at 1:340,000 scale. Geologic studies have determined that the fault has had movement in the last <2,600,000 years and has a slip rate of 0.2 - 1 mm/yr."
2195,known_age,reverse,"1:340,000","<2,600,000",1 - 5 mm/yr,"{faultZone} {faultName} {sectionName} {strandName} is a reverse fault that was mapped at 1:340,000 scale. Geologic studies have determined that the fault has had movement in the last <2,600,000 years and has a slip rate of 1 - 5 mm/yr."
2196,known_age,reverse,"1:340,000","<2,600,000",unspecified,"{faultZone} {faultName} {sectionName} {strandName} is a reverse fault that was mapped at 1:340,000 scale. Geologic studies have determined that the fault has had movement in the last <2,600,000 years and has a slip rate of unspecified."
2197,known_age,reverse,"1:340,000","<2,600,000",Undetermined,"{faultZone} {faultName} {sectionName} {strandName} is a reverse fault that was mapped at 1:340,000 scale. Geologic studies have determined that the fault has had movement in the last <2,600,000 years and has a slip rate of Undetermined."
2198,known_age,reverse,"1:340,000","<2,600,000",>5 mm/yr,"{faultZone} {faultName} {sectionName} {strandName} is a reverse fault that was mapped at 1:340,000 scale. Geologic studies have determined that the fault has had movement in the last <2,600,000 years and has a slip rate of >5 mm/yr."
2199,known_age,reverse,"1:340,000","<130,000",<0.2 mm/yr,"{faultZone} {faultName} {sectionName} {strandName} is a reverse fault that was mapped at 1:340,000 scale. Geologic studies have determined that the fault has had movement in the last <130,000 years and has a slip rate of <0.2 mm/yr."
2200,known_age,reverse,"1:340,000","<130,000",0.2 - 1 mm/yr,"{faultZone} {faultName} {sectionName} {strandName} is a reverse fault that was mapped at 1:340,000 scale. Geologic studies have determined that the fault has had movement in the last <130,000 years and has a slip rate of 0.2 - 1 mm/yr."
2201,known_age,reverse,"1:340,000","<130,000",1 - 5 mm/yr,"{faultZone} {faultName} {sectionName} {strandName} is a reverse fault that was mapped at 1:340,000 scale. Geologic studies have determined that the fault has had movement in the last <130,000 years and has a slip rate of 1 - 5 mm/yr."
2202,known_age,reverse,"1:340,000","<130,000",unspecified,"{faultZone} {faultName} {sectionName} {strandName} is a reverse fault that was mapped at 1:340,000 scale. Geologic studies have determined that the fault has had movement in the last <130,000 years and has a slip rate of unspecified."
2203,known_age,reverse,"1:340,000","<130,000",Undetermined,"{faultZone} {faultName} {sectionName} {strandName} is a reverse fault that was mapped at 1:340,000 scale. Geologic studies have determined that the fault has had movement in the last <130,000 years and has a slip rate of Undetermined."
2204,known_age,reverse,"1:340,000","<130,000",>5 mm/yr,"{faultZone} {faultName} {sectionName} {strandName} is a reverse fault that was mapped at 1:340,000 scale. Geologic studies have determined that the fault has had movement in the last <130,000 years and has a slip rate of >5 mm/yr."
2205,known_age,reverse,"1:340,000","<750,000",<0.2 mm/yr,"{faultZone} {faultName} {sectionName} {strandName} is a reverse fault that was mapped at 1:340,000 scale. Geologic studies have determined that the fault has had movement in the last <750,000 years and has a slip rate of <0.2 mm/yr."
2206,known_age,reverse,"1:340,000","<750,000",0.2 - 1 mm/yr,"{faultZone} {faultName} {sectionName} {strandName} is a reverse fault that was mapped at 1:340,000 scale. Geologic studies have determined that the fault has had movement in the last <750,000 years and has a slip rate of 0.2 - 1 mm/yr."
2207,known_age,reverse,"1:340,000","<750,000",1 - 5 mm/yr,"{faultZone} {faultName} {sectionName} {strandName} is a reverse fault that was mapped at 1:340,000 scale. Geologic studies have determined that the fault has had movement in the last <750,000 years and has a slip rate of 1 - 5 mm/yr."
2208,known_age,reverse,"1:340,000","<750,000",unspecified,"{faultZone} {faultName} {sectionName} {strandName} is a reverse fault that was mapped at 1:340,000 scale. Geologic studies have determined that the fault has had movement in the last <750,000 years and has a slip rate of unspecified."
2209,known_age,reverse,"1:340,000","<750,000",Undetermined,"{faultZone} {faultName} {sectionName} {strandName} is a reverse fault that was mapped at 1:340,000 scale. Geologic studies have determined that the fault has had movement in the last <750,000 years and has a slip rate of Undetermined."
2210,known_age,reverse,"1:340,000","<750,000",>5 mm/yr,"{faultZone} {faultName} {sectionName} {strandName} is a reverse fault that was mapped at 1:340,000 scale. Geologic studies have determined that the fault has had movement in the last <750,000 years and has a slip rate of >5 mm/yr."
2211,undetermined_age,reverse,"1:340,000",undetermined,,"{faultZone} {faultName} {sectionName} {strandName} is a reverse fault that was mapped at 1:340,000 scale. Geologic studies have not determined the age or slip rate of the fault."
2212,known_age,reverse,"1:340,000",<150,<0.2 mm/yr,"{faultZone} {faultName} {sectionName} {strandName} is a reverse fault that was mapped at 1:340,000 scale. Geologic studies have determined that the fault has had movement in the last <150 years and has a slip rate of <0.2 mm/yr."
2213,known_age,reverse,"1:340,000",<150,0.2 - 1 mm/yr,"{faultZone} {faultName} {sectionName} {strandName} is a reverse fault that was mapped at 1:340,000 scale. Geologic studies have determined that the fault has had movement in the last <150 years and has a slip rate of 0.2 - 1 mm/yr."
2214,known_age,reverse,"1:340,000",<150,1 - 5 mm/yr,"{faultZone} {faultName} {sectionName} {strandName} is a reverse fault that was mapped at 1:340,000 scale. Geologic studies have determined that the fault has had movement in the last <150 years and has a slip rate of 1 - 5 mm/yr."
2215,known_age,reverse,"1:340,000",<150,unspecified,"{faultZone} {faultName} {sectionName} {strandName} is a reverse fault that was mapped at 1:340,000 scale. Geologic studies have determined that the fault has had movement in the last <150 years and has a slip rate of unspecified."
2216,known_age,reverse,"1:340,000",<150,Undetermined,"{faultZone} {faultName} {sectionName} {strandName} is a reverse fault that was mapped at 1:340,000 scale. Geologic studies have determined that the fault has had movement in the last <150 years and has a slip rate of Undetermined."
2217,known_age,reverse,"1:340,000",<150,>5 mm/yr,"{faultZone} {faultName} {sectionName} {strandName} is a reverse fault that was mapped at 1:340,000 scale. Geologic studies have determined that the fault has had movement in the last <150 years and has a slip rate of >5 mm/yr."
2218,known_age,reverse,"1:500,000","<15,000",<0.2 mm/yr,"{faultZone} {faultName} {sectionName} {strandName} is a reverse fault that was mapped at 1:500,000 scale. Geologic studies have determined that the fault has had movement in the last <15,000 years and has a slip rate of <0.2 mm/yr."
2219,known_age,reverse,"1:500,000","<15,000",0.2 - 1 mm/yr,"{faultZone} {faultName} {sectionName} {strandName} is a reverse fault that was mapped at 1:500,000 scale. Geologic studies have determined that the fault has had movement in the last <15,000 years and has a slip rate of 0.2 - 1 mm/yr."
2220,known_age,reverse,"1:500,000","<15,000",1 - 5 mm/yr,"{faultZone} {faultName} {sectionName} {strandName} is a reverse fault that was mapped at 1:500,000 scale. Geologic studies have determined that the fault has had movement in the last <15,000 years and has a slip rate of 1 - 5 mm/yr."
2221,known_age,reverse,"1:500,000","<15,000",unspecified,"{faultZone} {faultName} {sectionName} {strandName} is a reverse fault that was mapped at 1:500,000 scale. Geologic studies have determined that the fault has had movement in the last <15,000 years and has a slip rate of unspecified."
2222,known_age,reverse,"1:500,000","<15,000",Undetermined,"{faultZone} {faultName} {sectionName} {strandName} is a reverse fault that was mapped at 1:500,000 scale. Geologic studies have determined that the fault has had movement in the last <15,000 years and has a slip rate of Undetermined."
2223,known_age,reverse,"1:500,000","<15,000",>5 mm/yr,"{faultZone} {faultName} {sectionName} {strandName} is a reverse fault that was mapped at 1:500,000 scale. Geologic studies have determined that the fault has had movement in the last <15,000 years and has a slip rate of >5 mm/yr."
2224,known_age,reverse,"1:500,000","<2,600,000",<0.2 mm/yr,"{faultZone} {faultName} {sectionName} {strandName} is a reverse fault that was mapped at 1:500,000 scale. Geologic studies have determined that the fault has had movement in the last <2,600,000 years and has a slip rate of <0.2 mm/yr."
2225,known_age,reverse,"1:500,000","<2,600,000",0.2 - 1 mm/yr,"{faultZone} {faultName} {sectionName} {strandName} is a reverse fault that was mapped at 1:500,000 scale. Geologic studies have determined that the fault has had movement in the last <2,600,000 years and has a slip rate of 0.2 - 1 mm/yr."
2226,known_age,reverse,"1:500,000","<2,600,000",1 - 5 mm/yr,"{faultZone} {faultName} {sectionName} {strandName} is a reverse fault that was mapped at 1:500,000 scale. Geologic studies have determined that the fault has had movement in the last <2,600,000 years and has a slip rate of 1 - 5 mm/yr."
2227,known_age,reverse,"1:500,000","<2,600,000",unspecified,"{faultZone} {faultName} {sectionName} {strandName} is a reverse fault that was mapped at 1:500,000 scale. Geologic studies have determined that the fault has had movement in the last <2,600,000 years and has a slip rate of unspecified."
2228,known_age,reverse,"1:500,000","<2,600,000",Undetermined,"{faultZone} {faultName} {sectionName} {strandName} is a reverse fault that was mapped at 1:500,000 scale. Geologic studies have determined that the fault has had movement in the last <2,600,000 years and has a slip rate of Undetermined."
2229,known_age,reverse,"1:500,000","<2,600,000",>5 mm/yr,"{faultZone} {faultName} {sectionName} {strandName} is a reverse fault that was mapped at 1:500,000 scale. Geologic studies have determined that the fault has had movement in the last <2,600,000 years and has a slip rate of >5 mm/yr."
2230,known_age,reverse,"1:500,000","<130,000",<0.2 mm/yr,"{faultZone} {faultName} {sectionName} {strandName} is a reverse fault that was mapped at 1:500,000 scale. Geologic studies have determined that the fault has had movement in the last <130,000 years and has a slip rate of <0.2 mm/yr."
2231,known_age,reverse,"1:500,000","<130,000",0.2 - 1 mm/yr,"{faultZone} {faultName} {sectionName} {strandName} is a reverse fault that was mapped at 1:500,000 scale. Geologic studies have determined that the fault has had movement in the last <130,000 years and has a slip rate of 0.2 - 1 mm/yr."
2232,known_age,reverse,"1:500,000","<130,000",1 - 5 mm/yr,"{faultZone} {faultName} {sectionName} {strandName} is a reverse fault that was mapped at 1:500,000 scale. Geologic studies have determined that the fault has had movement in the last <130,000 years and has a slip rate of 1 - 5 mm/yr."
2233,known_age,reverse,"1:500,000","<130,000",unspecified,"{faultZone} {faultName} {sectionName} {strandName} is a reverse fault that was mapped at 1:500,000 scale. Geologic studies have determined that the fault has had movement in the last <130,000 years and has a slip rate of unspecified."
2234,known_age,reverse,"1:500,000","<130,000",Undetermined,"{faultZone} {faultName} {sectionName} {strandName} is a reverse fault that was mapped at 1:500,000 scale. Geologic studies have determined that the fault has had movement in the last <130,000 years and has a slip rate of Undetermined."
2235,known_age,reverse,"1:500,000","<130,000",>5 mm/yr,"{faultZone} {faultName} {sectionName} {strandName} is a reverse fault that was mapped at 1:500,000 scale. Geologic studies have determined that the fault has had movement in the last <130,000 years and has a slip rate of >5 mm/yr."
2236,known_age,reverse,"1:500,000","<750,000",<0.2 mm/yr,"{faultZone} {faultName} {sectionName} {strandName} is a reverse fault that was mapped at 1:500,000 scale. Geologic studies have determined that the fault has had movement in the last <750,000 years and has a slip rate of <0.2 mm/yr."
2237,known_age,reverse,"1:500,000","<750,000",0.2 - 1 mm/yr,"{faultZone} {faultName} {sectionName} {strandName} is a reverse fault that was mapped at 1:500,000 scale. Geologic studies have determined that the fault has had movement in the last <750,000 years and has a slip rate of 0.2 - 1 mm/yr."
2238,known_age,reverse,"1:500,000","<750,000",1 - 5 mm/yr,"{faultZone} {faultName} {sectionName} {strandName} is a reverse fault that was mapped at 1:500,000 scale. Geologic studies have determined that the fault has had movement in the last <750,000 years and has a slip rate of 1 - 5 mm/yr."
2239,known_age,reverse,"1:500,000","<750,000",unspecified,"{faultZone} {faultName} {sectionName} {strandName} is a reverse fault that was mapped at 1:500,000 scale. Geologic studies have determined that the fault has had movement in the last <750,000 years and has a slip rate of unspecified."
2240,known_age,reverse,"1:500,000","<750,000",Undetermined,"{faultZone} {faultName} {sectionName} {strandName} is a reverse fault that was mapped at 1:500,000 scale. Geologic studies have determined that the fault has had movement in the last <750,000 years and has a slip rate of Undetermined."
2241,known_age,reverse,"1:500,000","<750,000",>5 mm/yr,"{faultZone} {faultName} {sectionName} {strandName} is a reverse fault that was mapped at 1:500,000 scale. Geologic studies have determined that the fault has had movement in the last <750,000 years and has a slip rate of >5 mm/yr."
2242,undetermined_age,reverse,"1:500,000",undetermined,,"{faultZone} {faultName} {sectionName} {strandName} is a reverse fault that was mapped at 1:500,000 scale. Geologic studies have not determined the age or slip rate of the fault."
2243,known_age,reverse,"1:500,000",<150,<0.2 mm/yr,"{faultZone} {faultName} {sectionName} {strandName} is a reverse fault that was mapped at 1:500,000 scale. Geologic studies have determined that the fault has had movement in the last <150 years and has a slip rate of <0.2 mm/yr."
2244,known_age,reverse,"1:500,000",<150,0.2 - 1 mm/yr,"{faultZone} {faultName} {sectionName} {strandName} is a reverse fault that was mapped at 1:500,000 scale. Geologic studies have determined that the fault has had movement in the last <150 years and has a slip rate of 0.2 - 1 mm/yr."
2245,known_age,reverse,"1:500,000",<150,1 - 5 mm/yr,"{faultZone} {faultName} {sectionName} {strandName} is a reverse fault that was mapped at 1:500,000 scale. Geologic studies have determined that the fault has had movement in the last <150 years and has a slip rate of 1 - 5 mm/yr."
2246,known_age,reverse,"1:500,000",<150,unspecified,"{faultZone} {faultName} {sectionName} {strandName} is a reverse fault that was mapped at 1:500,000 scale. Geologic studies have determined that the fault has had movement in the last <150 years and has a slip rate of unspecified."
2247,known_age,reverse,"1:500,000",<150,Undetermined,"{faultZone} {faultName} {sectionName} {strandName} is a reverse fault that was mapped at 1:500,000 scale. Geologic studies have determined that the fault has had movement in the last <150 years and has a slip rate of Undetermined."
2248,known_age,reverse,"1:500,000",<150,>5 mm/yr,"{faultZone} {faultName} {sectionName} {strandName} is a reverse fault that was mapped at 1:500,000 scale. Geologic studies have determined that the fault has had movement in the last <150 years and has a slip rate of >5 mm/yr."
2249,known_age,reverse,"1:700,000","<15,000",<0.2 mm/yr,"{faultZone} {faultName} {sectionName} {strandName} is a reverse fault that was mapped at 1:700,000 scale. Geologic studies have determined that the fault has had movement in the last <15,000 years and has a slip rate of <0.2 mm/yr."
2250,known_age,reverse,"1:700,000","<15,000",0.2 - 1 mm/yr,"{faultZone} {faultName} {sectionName} {strandName} is a reverse fault that was mapped at 1:700,000 scale. Geologic studies have determined that the fault has had movement in the last <15,000 years and has a slip rate of 0.2 - 1 mm/yr."
2251,known_age,reverse,"1:700,000","<15,000",1 - 5 mm/yr,"{faultZone} {faultName} {sectionName} {strandName} is a reverse fault that was mapped at 1:700,000 scale. Geologic studies have determined that the fault has had movement in the last <15,000 years and has a slip rate of 1 - 5 mm/yr."
2252,known_age,reverse,"1:700,000","<15,000",unspecified,"{faultZone} {faultName} {sectionName} {strandName} is a reverse fault that was mapped at 1:700,000 scale. Geologic studies have determined that the fault has had movement in the last <15,000 years and has a slip rate of unspecified."
2253,known_age,reverse,"1:700,000","<15,000",Undetermined,"{faultZone} {faultName} {sectionName} {strandName} is a reverse fault that was mapped at 1:700,000 scale. Geologic studies have determined that the fault has had movement in the last <15,000 years and has a slip rate of Undetermined."
2254,known_age,reverse,"1:700,000","<15,000",>5 mm/yr,"{faultZone} {faultName} {sectionName} {strandName} is a reverse fault that was mapped at 1:700,000 scale. Geologic studies have determined that the fault has had movement in the last <15,000 years and has a slip rate of >5 mm/yr."
2255,known_age,reverse,"1:700,000","<2,600,000",<0.2 mm/yr,"{faultZone} {faultName} {sectionName} {strandName} is a reverse fault that was mapped at 1:700,000 scale. Geologic studies have determined that the fault has had movement in the last <2,600,000 years and has a slip rate of <0.2 mm/yr."
2256,known_age,reverse,"1:700,000","<2,600,000",0.2 - 1 mm/yr,"{faultZone} {faultName} {sectionName} {strandName} is a reverse fault that was mapped at 1:700,000 scale. Geologic studies have determined that the fault has had movement in the last <2,600,000 years and has a slip rate of 0.2 - 1 mm/yr."
2257,known_age,reverse,"1:700,000","<2,600,000",1 - 5 mm/yr,"{faultZone} {faultName} {sectionName} {strandName} is a reverse fault that was mapped at 1:700,000 scale. Geologic studies have determined that the fault has had movement in the last <2,600,000 years and has a slip rate of 1 - 5 mm/yr."
2258,known_age,reverse,"1:700,000","<2,600,000",unspecified,"{faultZone} {faultName} {sectionName} {strandName} is a reverse fault that was mapped at 1:700,000 scale. Geologic studies have determined that the fault has had movement in the last <2,600,000 years and has a slip rate of unspecified."
2259,known_age,reverse,"1:700,000","<2,600,000",Undetermined,"{faultZone} {faultName} {sectionName} {strandName} is a reverse fault that was mapped at 1:700,000 scale. Geologic studies have determined that the fault has had movement in the last <2,600,000 years and has a slip rate of Undetermined."
2260,known_age,reverse,"1:700,000","<2,600,000",>5 mm/yr,"{faultZone} {faultName} {sectionName} {strandName} is a reverse fault that was mapped at 1:700,000 scale. Geologic studies have determined that the fault has had movement in the last <2,600,000 years and has a slip rate of >5 mm/yr."
2261,known_age,reverse,"1:700,000","<130,000",<0.2 mm/yr,"{faultZone} {faultName} {sectionName} {strandName} is a reverse fault that was mapped at 1:700,000 scale. Geologic studies have determined that the fault has had movement in the last <130,000 years and has a slip rate of <0.2 mm/yr."
2262,known_age,reverse,"1:700,000","<130,000",0.2 - 1 mm/yr,"{faultZone} {faultName} {sectionName} {strandName} is a reverse fault that was mapped at 1:700,000 scale. Geologic studies have determined that the fault has had movement in the last <130,000 years and has a slip rate of 0.2 - 1 mm/yr."
2263,known_age,reverse,"1:700,000","<130,000",1 - 5 mm/yr,"{faultZone} {faultName} {sectionName} {strandName} is a reverse fault that was mapped at 1:700,000 scale. Geologic studies have determined that the fault has had movement in the last <130,000 years and has a slip rate of 1 - 5 mm/yr."
2264,known_age,reverse,"1:700,000","<130,000",unspecified,"{faultZone} {faultName} {sectionName} {strandName} is a reverse fault that was mapped at 1:700,000 scale. Geologic studies have determined that the fault has had movement in the last <130,000 years and has a slip rate of unspecified."
2265,known_age,reverse,"1:700,000","<130,000",Undetermined,"{faultZone} {faultName} {sectionName} {strandName} is a reverse fault that was mapped at 1:700,000 scale. Geologic studies have determined that the fault has had movement in the last <130,000 years and has a slip rate of Undetermined."
2266,known_age,reverse,"1:700,000","<130,000",>5 mm/yr,"{faultZone} {faultName} {sectionName} {strandName} is a reverse fault that was mapped at 1:700,000 scale. Geologic studies have determined that the fault has had movement in the last <130,000 years and has a slip rate of >5 mm/yr."
2267,known_age,reverse,"1:700,000","<750,000",<0.2 mm/yr,"{faultZone} {faultName} {sectionName} {strandName} is a reverse fault that was mapped at 1:700,000 scale. Geologic studies have determined that the fault has had movement in the last <750,000 years and has a slip rate of <0.2 mm/yr."
2268,known_age,reverse,"1:700,000","<750,000",0.2 - 1 mm/yr,"{faultZone} {faultName} {sectionName} {strandName} is a reverse fault that was mapped at 1:700,000 scale. Geologic studies have determined that the fault has had movement in the last <750,000 years and has a slip rate of 0.2 - 1 mm/yr."
2269,known_age,reverse,"1:700,000","<750,000",1 - 5 mm/yr,"{faultZone} {faultName} {sectionName} {strandName} is a reverse fault that was mapped at 1:700,000 scale. Geologic studies have determined that the fault has had movement in the last <750,000 years and has a slip rate of 1 - 5 mm/yr."
2270,known_age,reverse,"1:700,000","<750,000",unspecified,"{faultZone} {faultName} {sectionName} {strandName} is a reverse fault that was mapped at 1:700,000 scale. Geologic studies have determined that the fault has had movement in the last <750,000 years and has a slip rate of unspecified."
2271,known_age,reverse,"1:700,000","<750,000",Undetermined,"{faultZone} {faultName} {sectionName} {strandName} is a reverse fault that was mapped at 1:700,000 scale. Geologic studies have determined that the fault has had movement in the last <750,000 years and has a slip rate of Undetermined."
2272,known_age,reverse,"1:700,000","<750,000",>5 mm/yr,"{faultZone} {faultName} {sectionName} {strandName} is a reverse fault that was mapped at 1:700,000 scale. Geologic studies have determined that the fault has had movement in the last <750,000 years and has a slip rate of >5 mm/yr."
2273,undetermined_age,reverse,"1:700,000",undetermined,,"{faultZone} {faultName} {sectionName} {strandName} is a reverse fault that was mapped at 1:700,000 scale. Geologic studies have not determined the age or slip rate of the fault."
2274,known_age,reverse,"1:700,000",<150,<0.2 mm/yr,"{faultZone} {faultName} {sectionName} {strandName} is a reverse fault that was mapped at 1:700,000 scale. Geologic studies have determined that the fault has had movement in the last <150 years and has a slip rate of <0.2 mm/yr."
2275,known_age,reverse,"1:700,000",<150,0.2 - 1 mm/yr,"{faultZone} {faultName} {sectionName} {strandName} is a reverse fault that was mapped at 1:700,000 scale. Geologic studies have determined that the fault has had movement in the last <150 years and has a slip rate of 0.2 - 1 mm/yr."
2276,known_age,reverse,"1:700,000",<150,1 - 5 mm/yr,"{faultZone} {faultName} {sectionName} {strandName} is a reverse fault that was mapped at 1:700,000 scale. Geologic studies have determined that the fault has had movement in the last <150 years and has a slip rate of 1 - 5 mm/yr."
2277,known_age,reverse,"1:700,000",<150,unspecified,"{faultZone} {faultName} {sectionName} {strandName} is a reverse fault that was mapped at 1:700,000 scale. Geologic studies have determined that the fault has had movement in the last <150 years and has a slip rate of unspecified."
2278,known_age,reverse,"1:700,000",<150,Undetermined,"{faultZone} {faultName} {sectionName} {strandName} is a reverse fault that was mapped at 1:700,000 scale. Geologic studies have determined that the fault has had movement in the last <150 years and has a slip rate of Undetermined."
2279,known_age,reverse,"1:700,000",<150,>5 mm/yr,"{faultZone} {faultName} {sectionName} {strandName} is a reverse fault that was mapped at 1:700,000 scale. Geologic studies have determined that the fault has had movement in the last <150 years and has a slip rate of >5 mm/yr."
2280,known_age,reverse,"1:750,000","<15,000",<0.2 mm/yr,"{faultZone} {faultName} {sectionName} {strandName} is a reverse fault that was mapped at 1:750,000 scale. Geologic studies have determined that the fault has had movement in the last <15,000 years and has a slip rate of <0.2 mm/yr."
2281,known_age,reverse,"1:750,000","<15,000",0.2 - 1 mm/yr,"{faultZone} {faultName} {sectionName} {strandName} is a reverse fault that was mapped at 1:750,000 scale. Geologic studies have determined that the fault has had movement in the last <15,000 years and has a slip rate of 0.2 - 1 mm/yr."
2282,known_age,reverse,"1:750,000","<15,000",1 - 5 mm/yr,"{faultZone} {faultName} {sectionName} {strandName} is a reverse fault that was mapped at 1:750,000 scale. Geologic studies have determined that the fault has had movement in the last <15,000 years and has a slip rate of 1 - 5 mm/yr."
2283,known_age,reverse,"1:750,000","<15,000",unspecified,"{faultZone} {faultName} {sectionName} {strandName} is a reverse fault that was mapped at 1:750,000 scale. Geologic studies have determined that the fault has had movement in the last <15,000 years and has a slip rate of unspecified."
2284,known_age,reverse,"1:750,000","<15,000",Undetermined,"{faultZone} {faultName} {sectionName} {strandName} is a reverse fault that was mapped at 1:750,000 scale. Geologic studies have determined that the fault has had movement in the last <15,000 years and has a slip rate of Undetermined."
2285,known_age,reverse,"1:750,000","<15,000",>5 mm/yr,"{faultZone} {faultName} {sectionName} {strandName} is a reverse fault that was mapped at 1:750,000 scale. Geologic studies have determined that the fault has had movement in the last <15,000 years and has a slip rate of >5 mm/yr."
2286,known_age,reverse,"1:750,000","<2,600,000",<0.2 mm/yr,"{faultZone} {faultName} {sectionName} {strandName} is a reverse fault that was mapped at 1:750,000 scale. Geologic studies have determined that the fault has had movement in the last <2,600,000 years and has a slip rate of <0.2 mm/yr."
2287,known_age,reverse,"1:750,000","<2,600,000",0.2 - 1 mm/yr,"{faultZone} {faultName} {sectionName} {strandName} is a reverse fault that was mapped at 1:750,000 scale. Geologic studies have determined that the fault has had movement in the last <2,600,000 years and has a slip rate of 0.2 - 1 mm/yr."
2288,known_age,reverse,"1:750,000","<2,600,000",1 - 5 mm/yr,"{faultZone} {faultName} {sectionName} {strandName} is a reverse fault that was mapped at 1:750,000 scale. Geologic studies have determined that the fault has had movement in the last <2,600,000 years and has a slip rate of 1 - 5 mm/yr."
2289,known_age,reverse,"1:750,000","<2,600,000",unspecified,"{faultZone} {faultName} {sectionName} {strandName} is a reverse fault that was mapped at 1:750,000 scale. Geologic studies have determined that the fault has had movement in the last <2,600,000 years and has a slip rate of unspecified."
2290,known_age,reverse,"1:750,000","<2,600,000",Undetermined,"{faultZone} {faultName} {sectionName} {strandName} is a reverse fault that was mapped at 1:750,000 scale. Geologic studies have determined that the fault has had movement in the last <2,600,000 years and has a slip rate of Undetermined."
2291,known_age,reverse,"1:750,000","<2,600,000",>5 mm/yr,"{faultZone} {faultName} {sectionName} {strandName} is a reverse fault that was mapped at 1:750,000 scale. Geologic studies have determined that the fault has had movement in the last <2,600,000 years and has a slip rate of >5 mm/yr."
2292,known_age,reverse,"1:750,000","<130,000",<0.2 mm/yr,"{faultZone} {faultName} {sectionName} {strandName} is a reverse fault that was mapped at 1:750,000 scale. Geologic studies have determined that the fault has had movement in the last <130,000 years and has a slip rate of <0.2 mm/yr."
2293,known_age,reverse,"1:750,000","<130,000",0.2 - 1 mm/yr,"{faultZone} {faultName} {sectionName} {strandName} is a reverse fault that was mapped at 1:750,000 scale. Geologic studies have determined that the fault has had movement in the last <130,000 years and has a slip rate of 0.2 - 1 mm/yr."
2294,known_age,reverse,"1:750,000","<130,000",1 - 5 mm/yr,"{faultZone} {faultName} {sectionName} {strandName} is a reverse fault that was mapped at 1:750,000 scale. Geologic studies have determined that the fault has had movement in the last <130,000 years and has a slip rate of 1 - 5 mm/yr."
2295,known_age,reverse,"1:750,000","<130,000",unspecified,"{faultZone} {faultName} {sectionName} {strandName} is a reverse fault that was mapped at 1:750,000 scale. Geologic studies have determined that the fault has had movement in the last <130,000 years and has a slip rate of unspecified."
2296,known_age,reverse,"1:750,000","<130,000",Undetermined,"{faultZone} {faultName} {sectionName} {strandName} is a reverse fault that was mapped at 1:750,000 scale. Geologic studies have determined that the fault has had movement in the last <130,000 years and has a slip rate of Undetermined."
2297,known_age,reverse,"1:750,000","<130,000",>5 mm/yr,"{faultZone} {faultName} {sectionName} {strandName} is a reverse fault that was mapped at 1:750,000 scale. Geologic studies have determined that the fault has had movement in the last <130,000 years and has a slip rate of >5 mm/yr."
2298,known_age,reverse,"1:750,000","<750,000",<0.2 mm/yr,"{faultZone} {faultName} {sectionName} {strandName} is a reverse fault that was mapped at 1:750,000 scale. Geologic studies have determined that the fault has had movement in the last <750,000 years and has a slip rate of <0.2 mm/yr."
2299,known_age,reverse,"1:750,000","<750,000",0.2 - 1 mm/yr,"{faultZone} {faultName} {sectionName} {strandName} is a reverse fault that was mapped at 1:750,000 scale. Geologic studies have determined that the fault has had movement in the last <750,000 years and has a slip rate of 0.2 - 1 mm/yr."
2300,known_age,reverse,"1:750,000","<750,000",1 - 5 mm/yr,"{faultZone} {faultName} {sectionName} {strandName} is a reverse fault that was mapped at 1:750,000 scale. Geologic studies have determined that the fault has had movement in the last <750,000 years and has a slip rate of 1 - 5 mm/yr."
2301,known_age,reverse,"1:750,000","<750,000",unspecified,"{faultZone} {faultName} {sectionName} {strandName} is a reverse fault that was mapped at 1:750,000 scale. Geologic studies have determined that the fault has had movement in the last <750,000 years and has a slip rate of unspecified."
2302,known_age,reverse,"1:750,000","<750,000",Undetermined,"{faultZone} {faultName} {sectionName} {strandName} is a reverse fault that was mapped at 1:750,000 scale. Geologic studies have determined that the fault has had movement in the last <750,000 years and has a slip rate of Undetermined."
2303,known_age,reverse,"1:750,000","<750,000",>5 mm/yr,"{faultZone} {faultName} {sectionName} {strandName} is a reverse fault that was mapped at 1:750,000 scale. Geologic studies have determined that the fault has had movement in the last <750,000 years and has a slip rate of >5 mm/yr."
2304,undetermined_age,reverse,"1:750,000",undetermined,,"{faultZone} {faultName} {sectionName} {strandName} is a reverse fault that was mapped at 1:750,000 scale. Geologic studies have not determined the age or slip rate of the fault."
2305,known_age,reverse,"1:750,000",<150,<0.2 mm/yr,"{faultZone} {faultName} {sectionName} {strandName} is a reverse fault that was mapped at 1:750,000 scale. Geologic studies have determined that the fault has had movement in the last <150 years and has a slip rate of <0.2 mm/yr."
2306,known_age,reverse,"1:750,000",<150,0.2 - 1 mm/yr,"{faultZone} {faultName} {sectionName} {strandName} is a reverse fault that was mapped at 1:750,000 scale. Geologic studies have determined that the fault has had movement in the last <150 years and has a slip rate of 0.2 - 1 mm/yr."
2307,known_age,reverse,"1:750,000",<150,1 - 5 mm/yr,"{faultZone} {faultName} {sectionName} {strandName} is a reverse fault that was mapped at 1:750,000 scale. Geologic studies have determined that the fault has had movement in the last <150 years and has a slip rate of 1 - 5 mm/yr."
2308,known_age,reverse,"1:750,000",<150,unspecified,"{faultZone} {faultName} {sectionName} {strandName} is a reverse fault that was mapped at 1:750,000 scale. Geologic studies have determined that the fault has had movement in the last <150 years and has a slip rate of unspecified."
2309,known_age,reverse,"1:750,000",<150,Undetermined,"{faultZone} {faultName} {sectionName} {strandName} is a reverse fault that was mapped at 1:750,000 scale. Geologic studies have determined that the fault has had movement in the last <150 years and has a slip rate of Undetermined."
2310,known_age,reverse,"1:750,000",<150,>5 mm/yr,"{faultZone} {faultName} {sectionName} {strandName} is a reverse fault that was mapped at 1:750,000 scale. Geologic studies have determined that the fault has had movement in the last <150 years and has a slip rate of >5 mm/yr."
